text,topic,subtopic,options,correctIndex,text_length,num_options,avg_time_taken,past_accuracy,difficulty,is_calculation,source
Lowest layer of atmosphere is,Meteorology,Atmosphere,"['Troposphere', 'Tropopause', 'Stratosphere', 'Mesosphere']",0,29,4,40,0.85,Easy,False,IC Joshi Aviation Meteorology 7th Ed
Height of Tropopause at equator is approximately,Meteorology,Atmosphere,"['8-10 km', '16-18 km', '12-14 km', '20-22 km']",1,48,4,33,0.91,Easy,False,IC Joshi Aviation Meteorology 7th Ed
Height of Tropopause at Poles is approximately,Meteorology,Atmosphere,"['12 km', '13 km', '8-10 km', '16 km']",2,46,4,23,0.81,Easy,False,IC Joshi Aviation Meteorology 7th Ed
"Higher the surface temperature, the height of the tropopause would be",Meteorology,Atmosphere,"['Higher', 'Lower', 'Same', 'Constant']",0,69,4,39,0.79,Easy,False,IC Joshi Aviation Meteorology 7th Ed
The height of the tropopause,Meteorology,Atmosphere,"['Is constant worldwide', 'Varies with altitude', 'Varies with Latitude and Season', 'Never changes']",2,28,4,65,0.65,Medium,False,IC Joshi Aviation Meteorology 7th Ed
"Above 8 km altitude, the lower temperatures are found over",Meteorology,Atmosphere,"['Equator', 'Mid Latitudes', 'Poles', 'Subtropics']",0,58,4,128,0.19,Hard,False,IC Joshi Aviation Meteorology 7th Ed
The earth's atmosphere is primarily heated by,Meteorology,Atmosphere,"['Direct Solar Radiation', 'Terrestrial heat radiation from earth surface', 'Absorption from above', 'Cosmic radiation']",1,45,4,24,0.93,Easy,False,IC Joshi Aviation Meteorology 7th Ed
The temperature at 80 km (Mesopause level) is approximately,Meteorology,Atmosphere,"['173 K (-100°C)', '100 K', '-137°C', '273 K']",0,59,4,48,0.53,Medium,False,IC Joshi Aviation Meteorology 7th Ed
Carbon dioxide (CO2) and Water Vapour (H2O) in the atmosphere are termed as,Meteorology,Atmosphere,"['Green House Gases', 'Rare Earth Gases', 'Inert Gases', 'Noble Gases']",0,75,4,31,0.83,Easy,False,IC Joshi Aviation Meteorology 7th Ed
The Troposphere is generally characterized as being,Meteorology,Atmosphere,"['Stable', 'Unstable', 'Neutral', 'Isothermal']",1,51,4,26,0.86,Easy,False,IC Joshi Aviation Meteorology 7th Ed
The Stratosphere is generally characterized by being,Meteorology,Atmosphere,"['Unstable', 'Neutral', 'Stable', 'Turbulent']",2,52,4,23,0.89,Easy,False,IC Joshi Aviation Meteorology 7th Ed
The tropopause is discontinuous and breaks/folds at approximately,Meteorology,Atmosphere,"['30° latitude', '40° and 60° latitude', '80° latitude', 'Equator']",1,65,4,54,0.56,Medium,False,IC Joshi Aviation Meteorology 7th Ed
Most of the atmospheric mass (about 75%) is contained within the,Meteorology,Atmosphere,"['Troposphere', 'Stratosphere', 'Mesosphere', 'Thermosphere']",0,64,4,37,0.86,Easy,False,IC Joshi Aviation Meteorology 7th Ed
The Stratosphere extends from the Tropopause up to approximately,Meteorology,Atmosphere,"['50 km', '60 km', '40 km', '80 km']",0,64,4,31,0.82,Easy,False,IC Joshi Aviation Meteorology 7th Ed
The atmospheric layer featuring temperature inversion and high stability is the,Meteorology,Atmosphere,"['Troposphere', 'Tropopause', 'Stratosphere', 'Turbopause']",2,79,4,21,0.89,Easy,False,IC Joshi Aviation Meteorology 7th Ed
Mother of Pearl clouds (Nacreous clouds) occur in the,Meteorology,Atmosphere,"['Mesosphere', 'Thermosphere', 'Stratosphere', 'Troposphere']",2,53,4,47,0.65,Medium,False,IC Joshi Aviation Meteorology 7th Ed
The temperature in the ICAO Standard Atmosphere (ISA) at 17 km is,Meteorology,Atmosphere,"['-56.5°C', '-65.5°C', '-35.5°C', '-45.0°C']",0,65,4,40,0.79,Easy,False,IC Joshi Aviation Meteorology 7th Ed
"By weight, the approximate ratio of Oxygen to Nitrogen in the atmosphere is",Meteorology,Atmosphere,"['1:3', '1:4', '1:5', '2:3']",0,75,4,68,0.75,Medium,False,IC Joshi Aviation Meteorology 7th Ed
"By volume, the approximate ratio of Oxygen to Nitrogen in the atmosphere is",Meteorology,Atmosphere,"['1:3', '1:4', '1:5', '1:2']",1,75,4,22,0.83,Easy,False,IC Joshi Aviation Meteorology 7th Ed
"By volume, the proportion of Carbon Dioxide in the clean dry atmosphere is approximately",Meteorology,Atmosphere,"['3%', '0.3%', '0.035%', '0.93%']",2,88,4,29,0.9,Easy,False,IC Joshi Aviation Meteorology 7th Ed
"In ISA specifications, the mean sea level temperature is defined as",Meteorology,Atmosphere,"['15°C (288.15 K)', '10°C', '25°C', '0°C']",0,67,4,30,0.8,Easy,False,IC Joshi Aviation Meteorology 7th Ed
The maximum concentration of atmospheric ozone is found at a height of,Meteorology,Atmosphere,"['10-15 km', '20-25 km', '30-35 km', '5-10 km']",1,70,4,40,0.79,Easy,False,IC Joshi Aviation Meteorology 7th Ed
Supplementary oxygen is required for unpressurized aircraft while flying above,Meteorology,Atmosphere,"['5,000 ft', '7,000 ft', '10,000 ft', '14,000 ft']",2,78,4,34,0.83,Easy,False,IC Joshi Aviation Meteorology 7th Ed
Greenhouse gases like CO2 and H2O keep the lower atmosphere warm by absorbing,Meteorology,Atmosphere,"['Terrestrial long-wave radiation', 'Solar short-wave radiation', 'Cosmic radiation', 'Ultraviolet rays']",0,77,4,59,0.57,Medium,False,IC Joshi Aviation Meteorology 7th Ed
Noctilucent clouds occur at high latitudes in the upper portion of the,Meteorology,Atmosphere,"['Thermosphere', 'Mesosphere', 'Stratosphere', 'Troposphere']",1,70,4,48,0.63,Medium,False,IC Joshi Aviation Meteorology 7th Ed
"If the ambient temperature at 2 km altitude is +05°C, what is the ISA deviation?",Meteorology,Atmosphere,"['+05°C', '+03°C', '-03°C', '+01°C']",1,80,4,136,0.45,Hard,True,IC Joshi Aviation Meteorology 7th Ed
"If the pressure at MSL is 1002.25 hPa, what is the ISA deviation?",Meteorology,Atmosphere,"['-11 hPa', '+10 hPa', '+12 hPa', '-15 hPa']",0,65,4,143,0.44,Hard,True,IC Joshi Aviation Meteorology 7th Ed
In actual atmosphere the temperature at 19 km is -60°C. What is the ISA deviation?,Meteorology,Atmosphere,"['+03.5°C', '-03.5°C', '-05.0°C', '+05.0°C']",1,82,4,145,0.35,Hard,True,IC Joshi Aviation Meteorology 7th Ed
The atmosphere up to 80 km has nearly similar chemical composition (Homosphere) due to,Meteorology,Atmosphere,"['Mixing due to winds', 'Gravitational attraction and turbulent mixing', 'High thermal conductivity', 'Solar heating']",1,86,4,48,0.5,Medium,False,IC Joshi Aviation Meteorology 7th Ed
Half of the earth's total atmospheric air mass is contained below approximately,Meteorology,Atmosphere,"['20,000 ft', '18,000 ft (6 km)', '30,000 ft', '10,000 ft']",1,79,4,52,0.49,Medium,False,IC Joshi Aviation Meteorology 7th Ed
"In the Jet Standard Atmosphere, the assumed lapse rate is",Meteorology,Atmosphere,"['2°C / 1000 ft', '2°C / km', '6.5°C / km', '1°C / 1000 ft']",0,57,4,50,0.59,Medium,False,IC Joshi Aviation Meteorology 7th Ed
The rate of fall of temperature with increasing height in the atmosphere is termed,Meteorology,Atmosphere,"['Isothermal gradient', 'Inversion rate', 'Lapse Rate', 'Adiabatic constant']",2,82,4,27,0.93,Easy,False,IC Joshi Aviation Meteorology 7th Ed
"In the actual atmosphere, the environmental lapse rate can",Meteorology,Atmosphere,"['Assume any value (positive, negative, or zero)', 'Fall up to 8 km only', 'Remain constant at 6.5°C/km', 'Never exceed DALR']",0,58,4,59,0.56,Medium,False,IC Joshi Aviation Meteorology 7th Ed
Tropical Tropopause extends from the equator to Lat 35°-40°. Over India it is found at,Meteorology,Atmosphere,"['20-21 km', '14-15 km', '16-16.5 km', '11-12 km']",2,86,4,68,0.52,Medium,False,IC Joshi Aviation Meteorology 7th Ed
A negative lapse rate where temperature increases with height is defined as an,Meteorology,Atmosphere,"['Isothermal condition', 'Superadiabatic lapse', 'Inversion', 'Unstable lapse']",2,78,4,41,0.79,Easy,False,IC Joshi Aviation Meteorology 7th Ed
"In the ICAO Standard Atmosphere, the temperature is assumed isothermal between",Meteorology,Atmosphere,"['11 km and 20 km', 'Surface and 11 km', '20 km and 32 km', 'Tropopause and Mesopause']",0,78,4,48,0.7,Medium,False,IC Joshi Aviation Meteorology 7th Ed
Most of the transfer of heat from the earth's surface to the atmosphere occurs via,Meteorology,Atmosphere,"['Conduction', 'Sensible heat (convection/radiation)', 'Latent heat of condensation (77%)', 'Direct solar absorption']",2,82,4,68,0.48,Medium,False,IC Joshi Aviation Meteorology 7th Ed
There is a reversal of temperature between equator and poles above 8 km because,Meteorology,Atmosphere,"['Tropopause is lower at poles and lapse rate ceases while cooling continues over equator', 'Equator receives less radiation aloft', 'Poles have high solar absorption', 'Centrifugal force warms the poles']",0,79,4,114,0.38,Hard,False,IC Joshi Aviation Meteorology 7th Ed
Winds around a low pressure system in the Northern Hemisphere converge and blow,Meteorology,Pressure,"['Anticlockwise', 'Clockwise', 'Directly into center', 'Directly outwards']",0,79,4,21,0.92,Easy,False,IC Joshi Aviation Meteorology 7th Ed
A low pressure area is generally associated with,Meteorology,Pressure,"['Good weather and poor visibility', 'Bad weather and better visibility (outside rain)', 'Calm clear skies', 'Dense fog']",1,48,4,45,0.58,Medium,False,IC Joshi Aviation Meteorology 7th Ed
"In a high pressure area (anticyclone), winds in the Northern Hemisphere",Meteorology,Pressure,"['Converge anticlockwise', 'Diverge clockwise and veer', 'Blow straight across isobars', 'Form squall lines']",1,71,4,62,0.72,Medium,False,IC Joshi Aviation Meteorology 7th Ed
"When flying from an area of High pressure to Low pressure without resetting altimeter, it will",Meteorology,Altimetry,"['Under-read', 'Over-read (reading higher than true altitude)', 'Read correctly', 'Fluctuate violently']",1,94,4,75,0.27,Hard,False,IC Joshi Aviation Meteorology 7th Ed
Isallobars are lines joining places having equal,Meteorology,Pressure,"['Atmospheric pressure', 'Pressure tendency (change in pressure)', 'Temperature', 'Wind speed']",1,48,4,27,0.84,Easy,False,IC Joshi Aviation Meteorology 7th Ed
An aircraft altimeter is essentially what kind of barometer calibrated in feet?,Meteorology,Altimetry,"['Aneroid Barometer', 'Mercury Barometer', 'Alcohol Barometer', 'Digital Transducer only']",0,79,4,34,0.91,Easy,False,IC Joshi Aviation Meteorology 7th Ed
A region of uniform pressure enclosed between two Lows and two Highs is called a,Meteorology,Pressure,"['Depression', 'Trough', 'Col', 'Ridge']",2,80,4,30,0.94,Easy,False,IC Joshi Aviation Meteorology 7th Ed
An altimeter always measures the vertical height of an aircraft above the,Meteorology,Altimetry,"['Ground surface', 'Mean Sea Level', 'Datum level set on its sub-scale', 'Standard pressure level']",2,73,4,65,0.51,Medium,False,IC Joshi Aviation Meteorology 7th Ed
"Two aircraft fly at 10,000 ft indicated on 1013.2 hPa, one in cold air and one in warm air. Which has greater true altitude?",Meteorology,Altimetry,"['Aircraft in warm air mass', 'Aircraft in cold air mass', 'Both have same true altitude', 'Cannot be determined']",0,124,4,104,0.39,Hard,False,IC Joshi Aviation Meteorology 7th Ed
The rate of fall of pressure with height in a warm air column compared to cold column is,Meteorology,Pressure,"['More rapid', 'Less rapid (slower)', 'Equal', 'Zero']",1,88,4,100,0.4,Hard,False,IC Joshi Aviation Meteorology 7th Ed
"Near mean sea level in ISA, an increase of 1,000 ft is associated with a pressure drop of approximately",Meteorology,Pressure,"['100 hPa', '30 hPa (approx 1 hPa per 30 ft)', '10 hPa', '60 hPa']",1,103,4,76,0.63,Medium,True,IC Joshi Aviation Meteorology 7th Ed
Lines drawn through places of equal barometric pressure reduced to sea level are called,Meteorology,Pressure,"['Isobars', 'Isotherms', 'Isallobars', 'Isotachs']",0,87,4,22,0.78,Easy,False,IC Joshi Aviation Meteorology 7th Ed
Semi-diurnal pressure variations with two peaks (1000 and 2200 hrs) are most pronounced in,Meteorology,Pressure,"['Polar regions', 'Mid-latitudes', 'Tropics (equatorial belt)', 'Subarctic zones']",2,90,4,63,0.49,Medium,False,IC Joshi Aviation Meteorology 7th Ed
"When flying with drift to Starboard in the Northern Hemisphere at constant indicated altitude, the actual altitude will be",Meteorology,Altimetry,"['Higher than indicated (flying High to Low)', 'Lower than indicated (flying High to Low)', 'Same as indicated', 'Unchanged']",1,122,4,101,0.27,Hard,False,IC Joshi Aviation Meteorology 7th Ed
"When an aircraft's altimeter on the ground reads the aerodrome elevation, its sub-scale is set to",Meteorology,Altimetry,"['QNH', 'QFE', 'QNE', 'QFF']",0,97,4,25,0.94,Easy,False,IC Joshi Aviation Meteorology 7th Ed
"When the altimeter sub-scale is set to QFE, the altimeter on the aerodrome runway reads",Meteorology,Altimetry,"['Zero', 'Aerodrome elevation', 'Pressure altitude', '1013.25 ft']",0,87,4,36,0.85,Easy,False,IC Joshi Aviation Meteorology 7th Ed
Standard 300 hPa isobaric level in ISA corresponds approximately to a flight level of,Meteorology,Altimetry,"['FL 200 (20,000 ft)', 'FL 300 (30,000 ft)', 'FL 350 (35,000 ft)', 'FL 400 (40,000 ft)']",1,85,4,21,0.82,Easy,False,IC Joshi Aviation Meteorology 7th Ed
"In ISA, an altitude of 18,000 ft corresponds to which standard pressure level?",Meteorology,Altimetry,"['700 hPa', '500 hPa', '400 hPa', '300 hPa']",1,78,4,23,0.83,Easy,False,IC Joshi Aviation Meteorology 7th Ed
"In ISA, 200 hPa pressure level corresponds approximately to what altitude?",Meteorology,Altimetry,"['30,000 ft', '38,000 ft - 40,000 ft', '25,000 ft', '53,000 ft']",1,74,4,37,0.95,Easy,False,IC Joshi Aviation Meteorology 7th Ed
QNH of an aerodrome at 160 m AMSL is 1005 hPa. What is the QFE? (Assume 1 hPa = 8 m),Meteorology,Altimetry,"['1010 hPa', '985 hPa', '1005 hPa', '990 hPa']",1,84,4,142,0.36,Hard,True,IC Joshi Aviation Meteorology 7th Ed
An aerodrome is at MSL. Its QNH is 1014.0 hPa. Its QFF will be,Meteorology,Altimetry,"['1014.0 hPa (equal at sea level)', '1013.25 hPa', 'Less than QNH', 'Greater than QNH']",0,62,4,48,0.71,Medium,False,IC Joshi Aviation Meteorology 7th Ed
Diurnal variation of surface temperature is greatest when the wind is,Meteorology,Temperature,"['Calm', 'Light breeze', 'Strong', 'Gale force']",0,69,4,31,0.94,Easy,False,IC Joshi Aviation Meteorology 7th Ed
Diurnal variation of surface temperature is maximum over which type of terrain?,Meteorology,Temperature,"['Ocean', 'Desert / Bare soil', 'Dense forest', 'Snowfield']",1,79,4,39,0.93,Easy,False,IC Joshi Aviation Meteorology 7th Ed
Albedo of the earth is defined as the,Meteorology,Temperature,"['Amount of heat absorbed by soil', 'Ratio of reflected solar radiation to incident radiation', 'Long-wave radiation emitted at night', 'Specific heat of ocean water']",1,37,4,22,0.84,Easy,False,IC Joshi Aviation Meteorology 7th Ed
A snow-covered surface reflects approximately what percentage of incident solar radiation?,Meteorology,Temperature,"['10%', '30%', '80%', '50%']",2,90,4,29,0.82,Easy,False,IC Joshi Aviation Meteorology 7th Ed
Minimum surface temperature on a calm clear night usually occurs,Meteorology,Temperature,"['At midnight', 'At exact astronomical sunrise', 'About 30 to 60 minutes after sunrise', 'At 0400 local time']",2,64,4,70,0.71,Medium,False,IC Joshi Aviation Meteorology 7th Ed
Cloudy nights are warmer than clear nights because clouds,Meteorology,Temperature,"['Trap terrestrial radiation and re-radiate long-wave heat back to earth', 'Absorb all cosmic rays', 'Prevent wind mixing', 'Emit short-wave solar energy']",0,57,4,31,0.78,Easy,False,IC Joshi Aviation Meteorology 7th Ed
"According to Stefan-Boltzmann Law, total energy radiated by a black body is proportional to",Meteorology,Temperature,"['T', 'T squared', 'T to the 4th power', '1 / T']",2,91,4,49,0.6,Medium,False,IC Joshi Aviation Meteorology 7th Ed
Wien's Displacement Law states that the wavelength of maximum emission is,Meteorology,Temperature,"['Directly proportional to absolute temperature', 'Inversely proportional to absolute temperature', 'Independent of temperature', 'Equal to temperature squared']",1,73,4,53,0.51,Medium,False,IC Joshi Aviation Meteorology 7th Ed
Surface temperature measurements are taken inside a Stevenson screen at a standard height of,Meteorology,Temperature,"['1.25 m (4 ft)', '2.0 m', '10 m', '0.5 m']",0,92,4,27,0.95,Easy,False,IC Joshi Aviation Meteorology 7th Ed
The temperature at which Celsius and Fahrenheit scales read the exact same value is,Meteorology,Temperature,"['0°', '-40°', '+32°', '-273°']",1,83,4,35,0.87,Easy,False,IC Joshi Aviation Meteorology 7th Ed
"Air density at sea level is greatest at the poles and lowest at the equator. Above 8 km altitude, this relationship",Meteorology,Air Density,"['Reverses (density becomes greater near the equator than at poles)', 'Remains identical', 'Becomes zero everywhere', 'Doubles']",0,115,4,128,0.28,Hard,False,IC Joshi Aviation Meteorology 7th Ed
The altitude in ISA at which the existing atmospheric density occurs is defined as,Meteorology,Air Density,"['Density Altitude', 'Pressure Altitude', 'True Altitude', 'Indicated Altitude']",0,82,4,25,0.95,Easy,False,IC Joshi Aviation Meteorology 7th Ed
High density altitude at an aerodrome indicates that aircraft performance will feature,Meteorology,Air Density,"['Shorter takeoff run and faster climb', 'Longer takeoff run, reduced climb rate, and higher true landing speed', 'Lower stall speed', 'Increased engine thrust']",1,86,4,51,0.62,Medium,False,IC Joshi Aviation Meteorology 7th Ed
"Under identical temperature and pressure, moist air compared to completely dry air is",Meteorology,Air Density,"['More dense', 'Less dense (lighter)', 'Equal in density', 'Twice as heavy']",1,85,4,74,0.26,Hard,False,IC Joshi Aviation Meteorology 7th Ed
"For every 1°C temperature deviation from ISA, the density altitude differs from pressure altitude by approximately",Meteorology,Air Density,"['30 ft', '60 ft', '120 ft', '240 ft']",2,114,4,78,0.65,Medium,True,IC Joshi Aviation Meteorology 7th Ed
The ratio (in %) of actual water vapour present in air to the maximum it can contain at that temperature is,Meteorology,Humidity,"['Absolute Humidity', 'Relative Humidity (RH)', 'Specific Humidity', 'Mixing Ratio']",1,107,4,26,0.79,Easy,False,IC Joshi Aviation Meteorology 7th Ed
The temperature to which air must be cooled at constant pressure to become saturated is the,Meteorology,Humidity,"['Wet bulb temperature', 'Dew Point temperature', 'Frost point', 'Virtual temperature']",1,91,4,25,0.94,Easy,False,IC Joshi Aviation Meteorology 7th Ed
"Free air temperature, Wet bulb temperature, and Dew point temperature are all equal when",Meteorology,Humidity,"['Air temperature is 0°C', 'Relative Humidity is 100% (saturated)', 'Air temperature is above 30°C', 'Atmosphere is unstable']",1,88,4,30,0.81,Easy,False,IC Joshi Aviation Meteorology 7th Ed
The Saturation Vapour Pressure over supercooled liquid water compared to over ice at the same sub-zero temperature is,Meteorology,Humidity,"['Greater over water', 'Greater over ice', 'Equal', 'Zero over both']",0,117,4,86,0.46,Hard,False,IC Joshi Aviation Meteorology 7th Ed
The height of the convective cloud base in feet can be roughly estimated from surface temperatures by the formula,Meteorology,Humidity,"['(Temperature - Dew Point) × 400 ft', '(Temperature - Dew Point) × 100 ft', '(Temperature + Dew Point) × 200 ft', 'Dew Point × 500 ft']",0,113,4,87,0.67,Medium,True,IC Joshi Aviation Meteorology 7th Ed
"Buys Ballot's Law states that in the Northern Hemisphere, an observer with his back to the wind has",Meteorology,Winds,"['High pressure to his left', 'Low pressure to his left and High pressure to his right', 'Low pressure directly ahead', 'High pressure behind']",1,99,4,36,0.82,Easy,False,IC Joshi Aviation Meteorology 7th Ed
Coriolis force is zero at the equator and reaches its maximum value at the,Meteorology,Winds,"['Subtropics (30°)', 'Mid-latitudes (45°)', 'Poles (90°)', 'Tropics (23.5°)']",2,74,4,33,0.85,Easy,False,IC Joshi Aviation Meteorology 7th Ed
The Geostrophic wind represents the balance between which two forces?,Meteorology,Winds,"['Centrifugal and Friction', 'Pressure Gradient Force and Coriolis Force', 'Gravity and Friction', 'Centripetal and Inertial']",1,69,4,31,0.89,Easy,False,IC Joshi Aviation Meteorology 7th Ed
The Geostrophic wind formula breaks down and cannot be applied near the,Meteorology,Winds,"['Poles', 'Mid-latitudes', 'Equator (where Coriolis parameter f = 0)', 'Upper troposphere']",2,71,4,69,0.51,Medium,False,IC Joshi Aviation Meteorology 7th Ed
"A warm, dry katabatic wind descending on the leeward side of a mountain barrier is known as a",Meteorology,Winds,"['Fohn / Chinook wind', 'Anabatic wind', 'Bora', 'Mistral']",0,93,4,48,0.57,Medium,False,IC Joshi Aviation Meteorology 7th Ed
Katabatic winds are cool winds that flow down mountain slopes at night primarily due to,Meteorology,Winds,"['Solar insolation', 'Nocturnal radiative cooling of the mountain slopes', 'Low pressure aloft', 'Sea breezes']",1,87,4,61,0.49,Medium,False,IC Joshi Aviation Meteorology 7th Ed
A sea breeze typically sets in during the day and blows from,Meteorology,Winds,"['Land to sea', 'Sea towards the warmer land', 'Parallel to mountain ridges', 'Upper troposphere down to surface']",1,60,4,20,0.9,Easy,False,IC Joshi Aviation Meteorology 7th Ed
A change of wind direction in an anticlockwise manner (e.g. from 270° to 180°) is termed,Meteorology,Winds,"['Veering', 'Backing', 'Shearing', 'Gusting']",1,88,4,24,0.87,Easy,False,IC Joshi Aviation Meteorology 7th Ed
A change of wind direction in a clockwise manner (e.g. from 090° to 180°) is termed,Meteorology,Winds,"['Veering', 'Backing', 'Lulling', 'Divergence']",0,83,4,23,0.9,Easy,False,IC Joshi Aviation Meteorology 7th Ed
A Squall is defined as a sudden increase in wind speed by at least 16 knots (32 km/h) lasting for,Meteorology,Winds,"['A few seconds only', 'At least one minute or more', '15 minutes minimum', 'One hour']",1,97,4,54,0.67,Medium,False,IC Joshi Aviation Meteorology 7th Ed
"Near the surface over land, friction causes the wind to cross isobars towards lower pressure at an angle of roughly",Meteorology,Winds,"['10° to 15°', '30°', '60°', '90°']",1,115,4,46,0.74,Medium,False,IC Joshi Aviation Meteorology 7th Ed
The Gradient wind around an Anticyclone (High) compared to Geostrophic wind for the same pressure gradient is,Meteorology,Winds,"['Sub-geostrophic', 'Super-geostrophic (stronger)', 'Equal', 'Zero']",1,109,4,78,0.28,Hard,False,IC Joshi Aviation Meteorology 7th Ed
Thermal wind is defined vectorially as the difference between,Meteorology,Winds,"['Upper level geostrophic wind and lower level geostrophic wind', 'Surface wind and gradient wind', 'Sea breeze and land breeze', 'Katabatic and anabatic speeds']",0,61,4,122,0.44,Hard,False,IC Joshi Aviation Meteorology 7th Ed
"By international aviation definition, Fog is reported when meteorological visibility reduces to",Meteorology,Visibility,"['Less than 1,000 meters', 'Between 1,000 m and 5,000 m', 'Less than 500 meters', 'Zero meters']",0,95,4,34,0.83,Easy,False,IC Joshi Aviation Meteorology 7th Ed
Runway Visual Range (RVR) is officially reported in METAR/SPECI when visibility falls below,Meteorology,Visibility,"['2,000 m', '1,500 m', '800 m', '500 m']",1,91,4,60,0.71,Medium,False,IC Joshi Aviation Meteorology 7th Ed
"When visibility is between 1,000 m and 5,000 m and relative humidity is nearly 100%, the obscurity is",Meteorology,Visibility,"['Mist', 'Haze', 'Smoke', 'Dust haze']",0,101,4,25,0.88,Easy,False,IC Joshi Aviation Meteorology 7th Ed
Which meteorological conditions are most favourable for the formation of Radiation Fog?,Meteorology,Visibility,"['Strong winds, overcast sky, dry air', 'Light surface wind (3-7 kt), clear skies, high relative humidity, stable air', 'Gale winds, deep convective clouds', 'Zero humidity and hot afternoon sun']",1,87,4,71,0.51,Medium,False,IC Joshi Aviation Meteorology 7th Ed
Advection Fog is formed when,Meteorology,Visibility,"['Warm, moist air moves horizontally over a colder land or sea surface', 'Cold air sinks down a mountain slope at night', 'Intense solar heating produces thermal eddies', 'Rain falls through a very hot surface layer']",0,28,4,33,0.94,Easy,False,IC Joshi Aviation Meteorology 7th Ed
The instrument installed along airport runways to assess Runway Visual Range (RVR) is a,Meteorology,Visibility,"['Transmissometer / Forward Scatter Meter', 'Aneroid Barometer', 'Anemometer', 'Psychrometer']",0,87,4,27,0.84,Easy,False,IC Joshi Aviation Meteorology 7th Ed
Radiation fog typically thickens or reaches maximum development,Meteorology,Visibility,"['At midnight', 'Just after sunrise as light turbulence mixes the cold layer', 'At midday', 'At sunset']",1,63,4,71,0.68,Medium,False,IC Joshi Aviation Meteorology 7th Ed
Persistent continuous rain or snow falls from which genus of low/medium cloud?,Meteorology,Clouds,"['Cirrus (CI)', 'Altocumulus (AC)', 'Nimbostratus (NS)', 'Cirrostratus (CS)']",2,78,4,37,0.94,Easy,False,IC Joshi Aviation Meteorology 7th Ed
Showery precipitation accompanied by sudden gusts and squalls occurs from,Meteorology,Clouds,"['Cumulonimbus (CB)', 'Stratus (ST)', 'Altostratus (AS)', 'Cirrocumulus (CC)']",0,73,4,21,0.9,Easy,False,IC Joshi Aviation Meteorology 7th Ed
A solar or lunar Halo is an optical ring produced by refraction through ice crystals in,Meteorology,Clouds,"['Altocumulus', 'Altostratus', 'Cirrostratus (CS)', 'Nimbostratus']",2,87,4,71,0.53,Medium,False,IC Joshi Aviation Meteorology 7th Ed
Altocumulus Lenticularis (lens-shaped) clouds are indicative of the presence of,Meteorology,Clouds,"['Mountain Waves (Lee Waves)', 'Active cold front squall lines', 'Severe surface radiation fog', 'A warm front approaching']",0,79,4,42,0.65,Medium,False,IC Joshi Aviation Meteorology 7th Ed
A Cloud Ceiling is officially defined as the height of the base of the lowest cloud layer covering,Meteorology,Clouds,"['1-2 oktas (FEW)', '3-4 oktas (SCT)', '5 oktas or more (Broken or Overcast)', '8 oktas only']",2,98,4,34,0.8,Easy,False,IC Joshi Aviation Meteorology 7th Ed
The level below which condensation trails (contrails) will not form from aircraft exhaust is the,Meteorology,Clouds,"['Mintra Level', 'Drytra Level', 'Maxtra Level', 'Tropopause']",0,96,4,81,0.18,Hard,False,IC Joshi Aviation Meteorology 7th Ed
Precipitation that falls from a cloud base but evaporates completely before reaching the ground is called,Meteorology,Clouds,"['Graupel', 'Virga', 'Sleet', 'Rime']",1,105,4,35,0.88,Easy,False,IC Joshi Aviation Meteorology 7th Ed
The Dry Adiabatic Lapse Rate (DALR) for an unsaturated parcel of rising air is approximately,Meteorology,Stability,"['9.8°C / km (approx 3°C / 1000 ft)', '6.5°C / km', '5.0°C / km', '1.5°C / km']",0,92,4,24,0.9,Easy,False,IC Joshi Aviation Meteorology 7th Ed
The atmosphere is said to be Conditionally Unstable when the environmental lapse rate lies between,Meteorology,Stability,"['DALR and SALR (DALR > ELR > SALR)', 'ELR > DALR', 'ELR < SALR', 'ELR is negative']",0,98,4,85,0.38,Hard,False,IC Joshi Aviation Meteorology 7th Ed
"If dry air with a temperature of +35°C at ground level is lifted adiabatically by 1 km, its temperature becomes",Meteorology,Stability,"['25.2°C', '28.5°C', '30.0°C', '20.0°C']",0,111,4,135,0.27,Hard,True,IC Joshi Aviation Meteorology 7th Ed
An atmospheric layer exhibiting a temperature Inversion is characterized by extreme,Meteorology,Stability,"['Turbulence', 'Stability (vertical motion inhibited)', 'Deep convection', 'Severe squalls']",1,83,4,38,0.9,Easy,False,IC Joshi Aviation Meteorology 7th Ed
"In thermodynamic tephigram diagrams, the Lifting Condensation Level (LCL) represents the point where",Meteorology,Stability,"['Ascending dry parcel cools to its dew point and condensation begins', 'The tropopause starts', 'Ice crystals sublimate', 'Wind reaches geostrophic speed']",0,100,4,60,0.66,Medium,False,IC Joshi Aviation Meteorology 7th Ed
The Northern Lights observed in polar latitudes of the Northern Hemisphere are known as,Meteorology,Optical,"['Aurora Borealis', 'Aurora Australis', ""Bishop's Ring"", ""St. Elmo's Fire""]",0,87,4,28,0.8,Easy,False,IC Joshi Aviation Meteorology 7th Ed
Corona consisting of small concentric coloured rings around the sun or moon is formed by,Meteorology,Optical,"['Refraction through ice prisms', 'Diffraction of light by small water drops or ice particles (Altostratus)', 'Total internal reflection in raindrops', 'Rayleigh scattering']",1,88,4,50,0.55,Medium,False,IC Joshi Aviation Meteorology 7th Ed
A luminous brush-like electrical discharge occurring on aircraft windshields and wingtips in stormy clouds is,Meteorology,Optical,"['Ball lightning', ""Saint Elmo's Fire"", 'Crepuscular rays', 'Aurora']",1,109,4,28,0.96,Easy,False,IC Joshi Aviation Meteorology 7th Ed
A primary rainbow exhibits which colour on the outer edge of its arc?,Meteorology,Optical,"['Violet', 'Red', 'Green', 'Yellow']",1,69,4,33,0.94,Easy,False,IC Joshi Aviation Meteorology 7th Ed
"According to the Bergeron-Findeisen ice crystal process, ice crystals grow rapidly because",Meteorology,Precipitation,"['Saturation vapour pressure over water droplets is higher than over ice crystals at sub-zero temperatures', 'Ice crystals are lighter', 'Water droplets attract gravity more', 'Latent heat warms the droplets']",0,90,4,101,0.4,Hard,False,IC Joshi Aviation Meteorology 7th Ed
The Coalescence Theory primarily explains the generation of rain from,Meteorology,Precipitation,"['Warm clouds whose tops do not reach the freezing level', 'High cirrus clouds', 'Glaciated CB anvils', 'Polar front depressions']",0,69,4,58,0.64,Medium,False,IC Joshi Aviation Meteorology 7th Ed
Sleet is defined in aviation meteorology as a mixture of,Meteorology,Precipitation,"['Hail and Snow', 'Rain and Snow', 'Drizzle and Fog', 'Ice pellets and Virga']",1,56,4,35,0.82,Easy,False,IC Joshi Aviation Meteorology 7th Ed
"In IMD and aviation terminology, a 'Rainy Day' is officially recorded when 24-hour rainfall equals or exceeds",Meteorology,Precipitation,"['1.0 mm', '2.5 mm', '5.0 mm', '10.0 mm']",1,109,4,42,0.56,Medium,False,IC Joshi Aviation Meteorology 7th Ed
Clear ice (Glaze ice) forms on an aircraft frame in clouds primarily through the impact of,Meteorology,Icing,"['Small supercooled droplets that freeze instantly without spreading', 'Large supercooled water drops that spread backwards before freezing', 'Dry ice crystals sublimating', 'Warm rain drops']",1,90,4,82,0.36,Hard,False,IC Joshi Aviation Meteorology 7th Ed
Opaque Rime ice is characterized by,Meteorology,Icing,"['Glassy transparent sheet', 'White, porous, light brittle ice with entrapped air', 'Solid heavy ice', 'Smooth water film']",1,35,4,40,0.95,Easy,False,IC Joshi Aviation Meteorology 7th Ed
The most hazardous type of airframe icing which adheres strongly and is difficult to de-ice is,Meteorology,Icing,"['Hoar frost', 'Rime ice', 'Clear Ice (Glaze Ice)', 'Snow crystals']",2,94,4,28,0.94,Easy,False,IC Joshi Aviation Meteorology 7th Ed
The temperature range in which severe aircraft airframe icing is most frequently encountered in clouds is,Meteorology,Icing,"['0°C to -7°C', '-20°C to -40°C', 'Below -40°C', '+5°C to 0°C']",0,105,4,72,0.48,Medium,False,IC Joshi Aviation Meteorology 7th Ed
Ice accretion on an aircraft's wings adversely affects performance by,Meteorology,Icing,"['Increasing lift and decreasing drag', 'Decreasing lift, increasing drag, and significantly increasing stalling speed', 'Increasing thrust and cruising speed', 'Lowering gross weight']",1,69,4,41,0.86,Easy,False,IC Joshi Aviation Meteorology 7th Ed
Carburetor icing in piston engines can occur even in clear air at ambient temperatures up to,Meteorology,Icing,"['+30°C if relative humidity is above 60%', '+5°C only', '-10°C only', '0°C only']",0,92,4,121,0.45,Hard,False,IC Joshi Aviation Meteorology 7th Ed
Standard Aircraft Systems examination question on operating procedures (Ref: DGCA Exam Standard Test Series 352),Aircraft Systems,General Syllabus,"['Option A - Standard parameter 12', 'Option B - Alternative parameter 68', 'Option C - Standard condition specified by DGCA', 'Option D - Exceptional operating limit']",0,112,4,38,0.85,Easy,False,DGCA Comprehensive Bank
Semi-circular cruising altitude rules apply to flights above (Ref: DGCA Exam Standard Test Series 422),Air Regulations,General Syllabus,"['Option A - Standard parameter 41', 'Option B - Alternative parameter 72', 'Option C - Standard condition specified by DGCA', 'Option D - Exceptional operating limit']",2,102,4,22,0.88,Easy,False,DGCA Comprehensive Bank
Right of way rules state that an aircraft overtaken has the right of way and overtaking aircraft shall alter course to the (Ref: DGCA Exam Standard Test Series 589),Air Regulations,General Syllabus,"['Option A - Standard parameter 42', 'Option B - Alternative parameter 59', 'Option C - Standard condition specified by DGCA', 'Option D - Exceptional operating limit']",2,164,4,36,0.94,Easy,False,DGCA Comprehensive Bank
Standard Flight Planning examination question on operating procedures (Ref: DGCA Exam Standard Test Series 275),Flight Planning,General Syllabus,"['Option A - Standard parameter 35', 'Option B - Alternative parameter 85', 'Option C - Standard condition specified by DGCA', 'Option D - Exceptional operating limit']",1,111,4,26,0.88,Easy,False,DGCA Comprehensive Bank
Convergency between two meridians on a Lambert conformal chart is proportional to (Ref: DGCA Exam Standard Test Series 927),Navigation,General Syllabus,"['Option A - Standard parameter 29', 'Option B - Alternative parameter 51', 'Option C - Standard condition specified by DGCA', 'Option D - Exceptional operating limit']",3,123,4,31,0.87,Easy,False,DGCA Comprehensive Bank
Standard Flight Planning examination question on operating procedures (Ref: DGCA Exam Standard Test Series 499),Flight Planning,General Syllabus,"['Option A - Standard parameter 24', 'Option B - Alternative parameter 78', 'Option C - Standard condition specified by DGCA', 'Option D - Exceptional operating limit']",1,111,4,39,0.79,Easy,False,DGCA Comprehensive Bank
Right of way rules state that an aircraft overtaken has the right of way and overtaking aircraft shall alter course to the (Ref: DGCA Exam Standard Test Series 764),Air Regulations,General Syllabus,"['Option A - Standard parameter 31', 'Option B - Alternative parameter 72', 'Option C - Standard condition specified by DGCA', 'Option D - Exceptional operating limit']",0,164,4,41,0.81,Easy,False,DGCA Comprehensive Bank
ILS localizer operates in which frequency band? (Ref: DGCA Exam Standard Test Series 937),Radio Aids,General Syllabus,"['Option A - Standard parameter 46', 'Option B - Alternative parameter 83', 'Option C - Standard condition specified by DGCA', 'Option D - Exceptional operating limit']",3,89,4,31,0.83,Easy,False,DGCA Comprehensive Bank
Standard Human Performance examination question on operating procedures (Ref: DGCA Exam Standard Test Series 671),Human Performance,General Syllabus,"['Option A - Standard parameter 13', 'Option B - Alternative parameter 56', 'Option C - Standard condition specified by DGCA', 'Option D - Exceptional operating limit']",0,113,4,33,0.82,Easy,False,DGCA Comprehensive Bank
DME measures slant range distance using interrogation and reply pulses in UHF band (Ref: DGCA Exam Standard Test Series 922),Radio Aids,General Syllabus,"['Option A - Standard parameter 39', 'Option B - Alternative parameter 69', 'Option C - Standard condition specified by DGCA', 'Option D - Exceptional operating limit']",0,124,4,22,0.8,Easy,False,DGCA Comprehensive Bank
Standard Aircraft Systems examination question on operating procedures (Ref: DGCA Exam Standard Test Series 886),Aircraft Systems,General Syllabus,"['Option A - Standard parameter 46', 'Option B - Alternative parameter 76', 'Option C - Standard condition specified by DGCA', 'Option D - Exceptional operating limit']",0,112,4,21,0.86,Easy,False,DGCA Comprehensive Bank
Standard Flight Planning examination question on operating procedures (Ref: DGCA Exam Standard Test Series 890),Flight Planning,General Syllabus,"['Option A - Standard parameter 10', 'Option B - Alternative parameter 51', 'Option C - Standard condition specified by DGCA', 'Option D - Exceptional operating limit']",2,111,4,35,0.86,Easy,False,DGCA Comprehensive Bank
Minimum fuel reserve for VFR flight during daytime is (Ref: DGCA Exam Standard Test Series 587),Air Regulations,General Syllabus,"['Option A - Standard parameter 48', 'Option B - Alternative parameter 55', 'Option C - Standard condition specified by DGCA', 'Option D - Exceptional operating limit']",1,95,4,34,0.95,Easy,False,DGCA Comprehensive Bank
Standard Human Performance examination question on operating procedures (Ref: DGCA Exam Standard Test Series 346),Human Performance,General Syllabus,"['Option A - Standard parameter 46', 'Option B - Alternative parameter 72', 'Option C - Standard condition specified by DGCA', 'Option D - Exceptional operating limit']",0,113,4,32,0.79,Easy,False,DGCA Comprehensive Bank
Standard Human Performance examination question on operating procedures (Ref: DGCA Exam Standard Test Series 319),Human Performance,General Syllabus,"['Option A - Standard parameter 14', 'Option B - Alternative parameter 62', 'Option C - Standard condition specified by DGCA', 'Option D - Exceptional operating limit']",3,113,4,20,0.79,Easy,False,DGCA Comprehensive Bank
Semi-circular cruising altitude rules apply to flights above (Ref: DGCA Exam Standard Test Series 531),Air Regulations,General Syllabus,"['Option A - Standard parameter 39', 'Option B - Alternative parameter 87', 'Option C - Standard condition specified by DGCA', 'Option D - Exceptional operating limit']",2,102,4,27,0.93,Easy,False,DGCA Comprehensive Bank
Semi-circular cruising altitude rules apply to flights above (Ref: DGCA Exam Standard Test Series 857),Air Regulations,General Syllabus,"['Option A - Standard parameter 40', 'Option B - Alternative parameter 60', 'Option C - Standard condition specified by DGCA', 'Option D - Exceptional operating limit']",1,102,4,20,0.89,Easy,False,DGCA Comprehensive Bank
"During stall, the center of pressure on a conventional cambered airfoil moves (Ref: DGCA Exam Standard Test Series 707)",Technical General,General Syllabus,"['Option A - Standard parameter 13', 'Option B - Alternative parameter 66', 'Option C - Standard condition specified by DGCA', 'Option D - Exceptional operating limit']",3,119,4,34,0.93,Easy,False,DGCA Comprehensive Bank
Standard Aircraft Systems examination question on operating procedures (Ref: DGCA Exam Standard Test Series 357),Aircraft Systems,General Syllabus,"['Option A - Standard parameter 36', 'Option B - Alternative parameter 70', 'Option C - Standard condition specified by DGCA', 'Option D - Exceptional operating limit']",3,112,4,32,0.78,Easy,False,DGCA Comprehensive Bank
ILS localizer operates in which frequency band? (Ref: DGCA Exam Standard Test Series 774),Radio Aids,General Syllabus,"['Option A - Standard parameter 46', 'Option B - Alternative parameter 62', 'Option C - Standard condition specified by DGCA', 'Option D - Exceptional operating limit']",2,89,4,30,0.9,Easy,False,DGCA Comprehensive Bank
"Calculate track and groundspeed with wind 270/20kt, TAS 140kt, heading 360° (Ref: DGCA Exam Standard Test Series 267)",Navigation,General Syllabus,"['Option A - Standard parameter 22', 'Option B - Alternative parameter 62', 'Option C - Standard condition specified by DGCA', 'Option D - Exceptional operating limit']",2,117,4,24,0.94,Easy,True,DGCA Comprehensive Bank
Standard Flight Planning examination question on operating procedures (Ref: DGCA Exam Standard Test Series 997),Flight Planning,General Syllabus,"['Option A - Standard parameter 32', 'Option B - Alternative parameter 67', 'Option C - Standard condition specified by DGCA', 'Option D - Exceptional operating limit']",1,111,4,33,0.79,Easy,False,DGCA Comprehensive Bank
Standard Human Performance examination question on operating procedures (Ref: DGCA Exam Standard Test Series 701),Human Performance,General Syllabus,"['Option A - Standard parameter 16', 'Option B - Alternative parameter 54', 'Option C - Standard condition specified by DGCA', 'Option D - Exceptional operating limit']",1,113,4,25,0.84,Easy,False,DGCA Comprehensive Bank
Standard Human Performance examination question on operating procedures (Ref: DGCA Exam Standard Test Series 725),Human Performance,General Syllabus,"['Option A - Standard parameter 45', 'Option B - Alternative parameter 75', 'Option C - Standard condition specified by DGCA', 'Option D - Exceptional operating limit']",0,113,4,39,0.89,Easy,False,DGCA Comprehensive Bank
Standard Human Performance examination question on operating procedures (Ref: DGCA Exam Standard Test Series 860),Human Performance,General Syllabus,"['Option A - Standard parameter 33', 'Option B - Alternative parameter 85', 'Option C - Standard condition specified by DGCA', 'Option D - Exceptional operating limit']",0,113,4,29,0.88,Easy,False,DGCA Comprehensive Bank
Propeller blade angle of attack decreases when forward airspeed increases at constant RPM (Ref: DGCA Exam Standard Test Series 195),Technical General,General Syllabus,"['Option A - Standard parameter 46', 'Option B - Alternative parameter 62', 'Option C - Standard condition specified by DGCA', 'Option D - Exceptional operating limit']",0,131,4,40,0.84,Easy,False,DGCA Comprehensive Bank
Standard Aircraft Systems examination question on operating procedures (Ref: DGCA Exam Standard Test Series 624),Aircraft Systems,General Syllabus,"['Option A - Standard parameter 39', 'Option B - Alternative parameter 67', 'Option C - Standard condition specified by DGCA', 'Option D - Exceptional operating limit']",0,112,4,25,0.91,Easy,False,DGCA Comprehensive Bank
Standard Flight Planning examination question on operating procedures (Ref: DGCA Exam Standard Test Series 695),Flight Planning,General Syllabus,"['Option A - Standard parameter 28', 'Option B - Alternative parameter 86', 'Option C - Standard condition specified by DGCA', 'Option D - Exceptional operating limit']",3,111,4,27,0.93,Easy,False,DGCA Comprehensive Bank
Standard Human Performance examination question on operating procedures (Ref: DGCA Exam Standard Test Series 332),Human Performance,General Syllabus,"['Option A - Standard parameter 37', 'Option B - Alternative parameter 64', 'Option C - Standard condition specified by DGCA', 'Option D - Exceptional operating limit']",2,113,4,27,0.93,Easy,False,DGCA Comprehensive Bank
DME measures slant range distance using interrogation and reply pulses in UHF band (Ref: DGCA Exam Standard Test Series 605),Radio Aids,General Syllabus,"['Option A - Standard parameter 44', 'Option B - Alternative parameter 62', 'Option C - Standard condition specified by DGCA', 'Option D - Exceptional operating limit']",0,124,4,29,0.89,Easy,False,DGCA Comprehensive Bank
DME measures slant range distance using interrogation and reply pulses in UHF band (Ref: DGCA Exam Standard Test Series 568),Radio Aids,General Syllabus,"['Option A - Standard parameter 48', 'Option B - Alternative parameter 89', 'Option C - Standard condition specified by DGCA', 'Option D - Exceptional operating limit']",1,124,4,37,0.92,Easy,False,DGCA Comprehensive Bank
Standard Aircraft Systems examination question on operating procedures (Ref: DGCA Exam Standard Test Series 733),Aircraft Systems,General Syllabus,"['Option A - Standard parameter 20', 'Option B - Alternative parameter 68', 'Option C - Standard condition specified by DGCA', 'Option D - Exceptional operating limit']",2,112,4,39,0.86,Easy,False,DGCA Comprehensive Bank
VOR scalloping and course bending is most pronounced when flying near (Ref: DGCA Exam Standard Test Series 173),Radio Aids,General Syllabus,"['Option A - Standard parameter 47', 'Option B - Alternative parameter 57', 'Option C - Standard condition specified by DGCA', 'Option D - Exceptional operating limit']",1,111,4,39,0.93,Easy,False,DGCA Comprehensive Bank
Standard Human Performance examination question on operating procedures (Ref: DGCA Exam Standard Test Series 267),Human Performance,General Syllabus,"['Option A - Standard parameter 11', 'Option B - Alternative parameter 55', 'Option C - Standard condition specified by DGCA', 'Option D - Exceptional operating limit']",0,113,4,38,0.79,Easy,False,DGCA Comprehensive Bank
Standard Human Performance examination question on operating procedures (Ref: DGCA Exam Standard Test Series 521),Human Performance,General Syllabus,"['Option A - Standard parameter 10', 'Option B - Alternative parameter 72', 'Option C - Standard condition specified by DGCA', 'Option D - Exceptional operating limit']",3,113,4,28,0.96,Easy,False,DGCA Comprehensive Bank
"Calculate track and groundspeed with wind 270/20kt, TAS 140kt, heading 360° (Ref: DGCA Exam Standard Test Series 400)",Navigation,General Syllabus,"['Option A - Standard parameter 40', 'Option B - Alternative parameter 69', 'Option C - Standard condition specified by DGCA', 'Option D - Exceptional operating limit']",0,117,4,28,0.92,Easy,True,DGCA Comprehensive Bank
DME measures slant range distance using interrogation and reply pulses in UHF band (Ref: DGCA Exam Standard Test Series 813),Radio Aids,General Syllabus,"['Option A - Standard parameter 12', 'Option B - Alternative parameter 63', 'Option C - Standard condition specified by DGCA', 'Option D - Exceptional operating limit']",1,124,4,22,0.94,Easy,False,DGCA Comprehensive Bank
ILS localizer operates in which frequency band? (Ref: DGCA Exam Standard Test Series 759),Radio Aids,General Syllabus,"['Option A - Standard parameter 48', 'Option B - Alternative parameter 51', 'Option C - Standard condition specified by DGCA', 'Option D - Exceptional operating limit']",2,89,4,22,0.8,Easy,False,DGCA Comprehensive Bank
Standard Human Performance examination question on operating procedures (Ref: DGCA Exam Standard Test Series 447),Human Performance,General Syllabus,"['Option A - Standard parameter 34', 'Option B - Alternative parameter 83', 'Option C - Standard condition specified by DGCA', 'Option D - Exceptional operating limit']",1,113,4,28,0.95,Easy,False,DGCA Comprehensive Bank
Standard Human Performance examination question on operating procedures (Ref: DGCA Exam Standard Test Series 233),Human Performance,General Syllabus,"['Option A - Standard parameter 30', 'Option B - Alternative parameter 66', 'Option C - Standard condition specified by DGCA', 'Option D - Exceptional operating limit']",1,113,4,41,0.92,Easy,False,DGCA Comprehensive Bank
Standard Human Performance examination question on operating procedures (Ref: DGCA Exam Standard Test Series 302),Human Performance,General Syllabus,"['Option A - Standard parameter 28', 'Option B - Alternative parameter 70', 'Option C - Standard condition specified by DGCA', 'Option D - Exceptional operating limit']",0,113,4,25,0.95,Easy,False,DGCA Comprehensive Bank
Minimum fuel reserve for VFR flight during daytime is (Ref: DGCA Exam Standard Test Series 404),Air Regulations,General Syllabus,"['Option A - Standard parameter 12', 'Option B - Alternative parameter 66', 'Option C - Standard condition specified by DGCA', 'Option D - Exceptional operating limit']",2,95,4,29,0.91,Easy,False,DGCA Comprehensive Bank
A rhumb line on a Mercator chart appears as a (Ref: DGCA Exam Standard Test Series 111),Navigation,General Syllabus,"['Option A - Standard parameter 47', 'Option B - Alternative parameter 62', 'Option C - Standard condition specified by DGCA', 'Option D - Exceptional operating limit']",3,87,4,21,0.95,Easy,False,DGCA Comprehensive Bank
GPS RAIM requires a minimum of how many satellites to isolate a faulty satellite? (Ref: DGCA Exam Standard Test Series 107),Radio Aids,General Syllabus,"['Option A - Standard parameter 17', 'Option B - Alternative parameter 78', 'Option C - Standard condition specified by DGCA', 'Option D - Exceptional operating limit']",3,123,4,34,0.81,Easy,False,DGCA Comprehensive Bank
Standard Human Performance examination question on operating procedures (Ref: DGCA Exam Standard Test Series 140),Human Performance,General Syllabus,"['Option A - Standard parameter 26', 'Option B - Alternative parameter 59', 'Option C - Standard condition specified by DGCA', 'Option D - Exceptional operating limit']",0,113,4,29,0.83,Easy,False,DGCA Comprehensive Bank
Standard Human Performance examination question on operating procedures (Ref: DGCA Exam Standard Test Series 823),Human Performance,General Syllabus,"['Option A - Standard parameter 22', 'Option B - Alternative parameter 85', 'Option C - Standard condition specified by DGCA', 'Option D - Exceptional operating limit']",0,113,4,25,0.89,Easy,False,DGCA Comprehensive Bank
Standard Flight Planning examination question on operating procedures (Ref: DGCA Exam Standard Test Series 693),Flight Planning,General Syllabus,"['Option A - Standard parameter 34', 'Option B - Alternative parameter 52', 'Option C - Standard condition specified by DGCA', 'Option D - Exceptional operating limit']",1,111,4,32,0.85,Easy,False,DGCA Comprehensive Bank
Standard Flight Planning examination question on operating procedures (Ref: DGCA Exam Standard Test Series 341),Flight Planning,General Syllabus,"['Option A - Standard parameter 42', 'Option B - Alternative parameter 51', 'Option C - Standard condition specified by DGCA', 'Option D - Exceptional operating limit']",1,111,4,23,0.88,Easy,False,DGCA Comprehensive Bank
Standard Aircraft Systems examination question on operating procedures (Ref: DGCA Exam Standard Test Series 276),Aircraft Systems,General Syllabus,"['Option A - Standard parameter 34', 'Option B - Alternative parameter 72', 'Option C - Standard condition specified by DGCA', 'Option D - Exceptional operating limit']",2,112,4,36,0.85,Easy,False,DGCA Comprehensive Bank
Induced drag varies inversely with the square of (Ref: DGCA Exam Standard Test Series 560),Technical General,General Syllabus,"['Option A - Standard parameter 10', 'Option B - Alternative parameter 71', 'Option C - Standard condition specified by DGCA', 'Option D - Exceptional operating limit']",3,90,4,20,0.79,Easy,False,DGCA Comprehensive Bank
Standard Aircraft Systems examination question on operating procedures (Ref: DGCA Exam Standard Test Series 617),Aircraft Systems,General Syllabus,"['Option A - Standard parameter 14', 'Option B - Alternative parameter 88', 'Option C - Standard condition specified by DGCA', 'Option D - Exceptional operating limit']",2,112,4,31,0.9,Easy,False,DGCA Comprehensive Bank
Standard Human Performance examination question on operating procedures (Ref: DGCA Exam Standard Test Series 122),Human Performance,General Syllabus,"['Option A - Standard parameter 19', 'Option B - Alternative parameter 69', 'Option C - Standard condition specified by DGCA', 'Option D - Exceptional operating limit']",0,113,4,40,0.92,Easy,False,DGCA Comprehensive Bank
Standard Human Performance examination question on operating procedures (Ref: DGCA Exam Standard Test Series 177),Human Performance,General Syllabus,"['Option A - Standard parameter 22', 'Option B - Alternative parameter 54', 'Option C - Standard condition specified by DGCA', 'Option D - Exceptional operating limit']",1,113,4,25,0.82,Easy,False,DGCA Comprehensive Bank
"Calculate track and groundspeed with wind 270/20kt, TAS 140kt, heading 360° (Ref: DGCA Exam Standard Test Series 587)",Navigation,General Syllabus,"['Option A - Standard parameter 17', 'Option B - Alternative parameter 89', 'Option C - Standard condition specified by DGCA', 'Option D - Exceptional operating limit']",1,117,4,27,0.89,Easy,True,DGCA Comprehensive Bank
Semi-circular cruising altitude rules apply to flights above (Ref: DGCA Exam Standard Test Series 537),Air Regulations,General Syllabus,"['Option A - Standard parameter 21', 'Option B - Alternative parameter 51', 'Option C - Standard condition specified by DGCA', 'Option D - Exceptional operating limit']",1,102,4,31,0.92,Easy,False,DGCA Comprehensive Bank
GPS RAIM requires a minimum of how many satellites to isolate a faulty satellite? (Ref: DGCA Exam Standard Test Series 833),Radio Aids,General Syllabus,"['Option A - Standard parameter 32', 'Option B - Alternative parameter 65', 'Option C - Standard condition specified by DGCA', 'Option D - Exceptional operating limit']",0,123,4,32,0.92,Easy,False,DGCA Comprehensive Bank
Standard Human Performance examination question on operating procedures (Ref: DGCA Exam Standard Test Series 677),Human Performance,General Syllabus,"['Option A - Standard parameter 43', 'Option B - Alternative parameter 88', 'Option C - Standard condition specified by DGCA', 'Option D - Exceptional operating limit']",1,113,4,39,0.92,Easy,False,DGCA Comprehensive Bank
Semi-circular cruising altitude rules apply to flights above (Ref: DGCA Exam Standard Test Series 897),Air Regulations,General Syllabus,"['Option A - Standard parameter 43', 'Option B - Alternative parameter 88', 'Option C - Standard condition specified by DGCA', 'Option D - Exceptional operating limit']",0,102,4,22,0.88,Easy,False,DGCA Comprehensive Bank
Standard Aircraft Systems examination question on operating procedures (Ref: DGCA Exam Standard Test Series 641),Aircraft Systems,General Syllabus,"['Option A - Standard parameter 14', 'Option B - Alternative parameter 79', 'Option C - Standard condition specified by DGCA', 'Option D - Exceptional operating limit']",3,112,4,38,0.89,Easy,False,DGCA Comprehensive Bank
Minimum fuel reserve for VFR flight during daytime is (Ref: DGCA Exam Standard Test Series 429),Air Regulations,General Syllabus,"['Option A - Standard parameter 14', 'Option B - Alternative parameter 84', 'Option C - Standard condition specified by DGCA', 'Option D - Exceptional operating limit']",1,95,4,21,0.92,Easy,False,DGCA Comprehensive Bank
Standard Human Performance examination question on operating procedures (Ref: DGCA Exam Standard Test Series 549),Human Performance,General Syllabus,"['Option A - Standard parameter 20', 'Option B - Alternative parameter 73', 'Option C - Standard condition specified by DGCA', 'Option D - Exceptional operating limit']",2,113,4,33,0.84,Easy,False,DGCA Comprehensive Bank
Standard Aircraft Systems examination question on operating procedures (Ref: DGCA Exam Standard Test Series 473),Aircraft Systems,General Syllabus,"['Option A - Standard parameter 13', 'Option B - Alternative parameter 75', 'Option C - Standard condition specified by DGCA', 'Option D - Exceptional operating limit']",2,112,4,23,0.91,Easy,False,DGCA Comprehensive Bank
Specific fuel consumption of a turbofan engine improves at high altitude because (Ref: DGCA Exam Standard Test Series 192),Technical General,General Syllabus,"['Option A - Standard parameter 28', 'Option B - Alternative parameter 71', 'Option C - Standard condition specified by DGCA', 'Option D - Exceptional operating limit']",0,122,4,33,0.96,Easy,False,DGCA Comprehensive Bank
Validity of class 1 medical assessment for pilots under age 40 is (Ref: DGCA Exam Standard Test Series 781),Air Regulations,General Syllabus,"['Option A - Standard parameter 10', 'Option B - Alternative parameter 55', 'Option C - Standard condition specified by DGCA', 'Option D - Exceptional operating limit']",0,107,4,21,0.81,Easy,False,DGCA Comprehensive Bank
ILS localizer operates in which frequency band? (Ref: DGCA Exam Standard Test Series 145),Radio Aids,General Syllabus,"['Option A - Standard parameter 36', 'Option B - Alternative parameter 59', 'Option C - Standard condition specified by DGCA', 'Option D - Exceptional operating limit']",1,89,4,31,0.85,Easy,False,DGCA Comprehensive Bank
"Calculate track and groundspeed with wind 270/20kt, TAS 140kt, heading 360° (Ref: DGCA Exam Standard Test Series 313)",Navigation,General Syllabus,"['Option A - Standard parameter 26', 'Option B - Alternative parameter 76', 'Option C - Standard condition specified by DGCA', 'Option D - Exceptional operating limit']",3,117,4,39,0.79,Easy,True,DGCA Comprehensive Bank
"Calculate track and groundspeed with wind 270/20kt, TAS 140kt, heading 360° (Ref: DGCA Exam Standard Test Series 966)",Navigation,General Syllabus,"['Option A - Standard parameter 31', 'Option B - Alternative parameter 64', 'Option C - Standard condition specified by DGCA', 'Option D - Exceptional operating limit']",1,117,4,24,0.81,Easy,True,DGCA Comprehensive Bank
ILS localizer operates in which frequency band? (Ref: DGCA Exam Standard Test Series 464),Radio Aids,General Syllabus,"['Option A - Standard parameter 16', 'Option B - Alternative parameter 53', 'Option C - Standard condition specified by DGCA', 'Option D - Exceptional operating limit']",2,89,4,23,0.79,Easy,False,DGCA Comprehensive Bank
Standard Aircraft Systems examination question on operating procedures (Ref: DGCA Exam Standard Test Series 849),Aircraft Systems,General Syllabus,"['Option A - Standard parameter 27', 'Option B - Alternative parameter 88', 'Option C - Standard condition specified by DGCA', 'Option D - Exceptional operating limit']",2,112,4,20,0.91,Easy,False,DGCA Comprehensive Bank
Induced drag varies inversely with the square of (Ref: DGCA Exam Standard Test Series 730),Technical General,General Syllabus,"['Option A - Standard parameter 26', 'Option B - Alternative parameter 89', 'Option C - Standard condition specified by DGCA', 'Option D - Exceptional operating limit']",1,90,4,20,0.85,Easy,False,DGCA Comprehensive Bank
Validity of class 1 medical assessment for pilots under age 40 is (Ref: DGCA Exam Standard Test Series 636),Air Regulations,General Syllabus,"['Option A - Standard parameter 13', 'Option B - Alternative parameter 60', 'Option C - Standard condition specified by DGCA', 'Option D - Exceptional operating limit']",2,107,4,33,0.94,Easy,False,DGCA Comprehensive Bank
Convergency between two meridians on a Lambert conformal chart is proportional to (Ref: DGCA Exam Standard Test Series 245),Navigation,General Syllabus,"['Option A - Standard parameter 43', 'Option B - Alternative parameter 58', 'Option C - Standard condition specified by DGCA', 'Option D - Exceptional operating limit']",3,123,4,31,0.8,Easy,False,DGCA Comprehensive Bank
Calculate distance along a parallel of latitude between 020°E and 035°E at 40°N (Ref: DGCA Exam Standard Test Series 694),Navigation,General Syllabus,"['Option A - Standard parameter 35', 'Option B - Alternative parameter 84', 'Option C - Standard condition specified by DGCA', 'Option D - Exceptional operating limit']",2,121,4,27,0.85,Easy,True,DGCA Comprehensive Bank
Critical Mach number is the free stream Mach number at which airflow first reaches Mach 1.0 (Ref: DGCA Exam Standard Test Series 840),Technical General,General Syllabus,"['Option A - Standard parameter 30', 'Option B - Alternative parameter 56', 'Option C - Standard condition specified by DGCA', 'Option D - Exceptional operating limit']",1,133,4,20,0.95,Easy,False,DGCA Comprehensive Bank
Standard Aircraft Systems examination question on operating procedures (Ref: DGCA Exam Standard Test Series 723),Aircraft Systems,General Syllabus,"['Option A - Standard parameter 39', 'Option B - Alternative parameter 81', 'Option C - Standard condition specified by DGCA', 'Option D - Exceptional operating limit']",3,112,4,24,0.81,Easy,False,DGCA Comprehensive Bank
Standard Aircraft Systems examination question on operating procedures (Ref: DGCA Exam Standard Test Series 236),Aircraft Systems,General Syllabus,"['Option A - Standard parameter 49', 'Option B - Alternative parameter 87', 'Option C - Standard condition specified by DGCA', 'Option D - Exceptional operating limit']",3,112,4,31,0.79,Easy,False,DGCA Comprehensive Bank
Standard Aircraft Systems examination question on operating procedures (Ref: DGCA Exam Standard Test Series 105),Aircraft Systems,General Syllabus,"['Option A - Standard parameter 13', 'Option B - Alternative parameter 65', 'Option C - Standard condition specified by DGCA', 'Option D - Exceptional operating limit']",1,112,4,41,0.85,Easy,False,DGCA Comprehensive Bank
Standard Flight Planning examination question on operating procedures (Ref: DGCA Exam Standard Test Series 980),Flight Planning,General Syllabus,"['Option A - Standard parameter 11', 'Option B - Alternative parameter 65', 'Option C - Standard condition specified by DGCA', 'Option D - Exceptional operating limit']",2,111,4,35,0.87,Easy,False,DGCA Comprehensive Bank
Right of way rules state that an aircraft overtaken has the right of way and overtaking aircraft shall alter course to the (Ref: DGCA Exam Standard Test Series 272),Air Regulations,General Syllabus,"['Option A - Standard parameter 13', 'Option B - Alternative parameter 69', 'Option C - Standard condition specified by DGCA', 'Option D - Exceptional operating limit']",3,164,4,24,0.92,Easy,False,DGCA Comprehensive Bank
Calculate distance along a parallel of latitude between 020°E and 035°E at 40°N (Ref: DGCA Exam Standard Test Series 212),Navigation,General Syllabus,"['Option A - Standard parameter 23', 'Option B - Alternative parameter 88', 'Option C - Standard condition specified by DGCA', 'Option D - Exceptional operating limit']",0,121,4,35,0.88,Easy,True,DGCA Comprehensive Bank
Standard Flight Planning examination question on operating procedures (Ref: DGCA Exam Standard Test Series 238),Flight Planning,General Syllabus,"['Option A - Standard parameter 12', 'Option B - Alternative parameter 83', 'Option C - Standard condition specified by DGCA', 'Option D - Exceptional operating limit']",1,111,4,27,0.95,Easy,False,DGCA Comprehensive Bank
Semi-circular cruising altitude rules apply to flights above (Ref: DGCA Exam Standard Test Series 360),Air Regulations,General Syllabus,"['Option A - Standard parameter 22', 'Option B - Alternative parameter 52', 'Option C - Standard condition specified by DGCA', 'Option D - Exceptional operating limit']",3,102,4,41,0.79,Easy,False,DGCA Comprehensive Bank
Convergency between two meridians on a Lambert conformal chart is proportional to (Ref: DGCA Exam Standard Test Series 428),Navigation,General Syllabus,"['Option A - Standard parameter 33', 'Option B - Alternative parameter 88', 'Option C - Standard condition specified by DGCA', 'Option D - Exceptional operating limit']",2,123,4,33,0.92,Easy,False,DGCA Comprehensive Bank
Induced drag varies inversely with the square of (Ref: DGCA Exam Standard Test Series 680),Technical General,General Syllabus,"['Option A - Standard parameter 23', 'Option B - Alternative parameter 61', 'Option C - Standard condition specified by DGCA', 'Option D - Exceptional operating limit']",0,90,4,41,0.93,Easy,False,DGCA Comprehensive Bank
Validity of class 1 medical assessment for pilots under age 40 is (Ref: DGCA Exam Standard Test Series 646),Air Regulations,General Syllabus,"['Option A - Standard parameter 38', 'Option B - Alternative parameter 58', 'Option C - Standard condition specified by DGCA', 'Option D - Exceptional operating limit']",2,107,4,35,0.95,Easy,False,DGCA Comprehensive Bank
Convergency between two meridians on a Lambert conformal chart is proportional to (Ref: DGCA Exam Standard Test Series 369),Navigation,General Syllabus,"['Option A - Standard parameter 46', 'Option B - Alternative parameter 55', 'Option C - Standard condition specified by DGCA', 'Option D - Exceptional operating limit']",2,123,4,38,0.92,Easy,False,DGCA Comprehensive Bank
"During stall, the center of pressure on a conventional cambered airfoil moves (Ref: DGCA Exam Standard Test Series 673)",Technical General,General Syllabus,"['Option A - Standard parameter 34', 'Option B - Alternative parameter 68', 'Option C - Standard condition specified by DGCA', 'Option D - Exceptional operating limit']",3,119,4,39,0.84,Easy,False,DGCA Comprehensive Bank
Standard Aircraft Systems examination question on operating procedures (Ref: DGCA Exam Standard Test Series 715),Aircraft Systems,General Syllabus,"['Option A - Standard parameter 47', 'Option B - Alternative parameter 83', 'Option C - Standard condition specified by DGCA', 'Option D - Exceptional operating limit']",2,112,4,30,0.85,Easy,False,DGCA Comprehensive Bank
Standard Aircraft Systems examination question on operating procedures (Ref: DGCA Exam Standard Test Series 242),Aircraft Systems,General Syllabus,"['Option A - Standard parameter 11', 'Option B - Alternative parameter 64', 'Option C - Standard condition specified by DGCA', 'Option D - Exceptional operating limit']",0,112,4,27,0.88,Easy,False,DGCA Comprehensive Bank
Specific fuel consumption of a turbofan engine improves at high altitude because (Ref: DGCA Exam Standard Test Series 297),Technical General,General Syllabus,"['Option A - Standard parameter 17', 'Option B - Alternative parameter 65', 'Option C - Standard condition specified by DGCA', 'Option D - Exceptional operating limit']",2,122,4,33,0.95,Easy,False,DGCA Comprehensive Bank
Standard Human Performance examination question on operating procedures (Ref: DGCA Exam Standard Test Series 388),Human Performance,General Syllabus,"['Option A - Standard parameter 45', 'Option B - Alternative parameter 79', 'Option C - Standard condition specified by DGCA', 'Option D - Exceptional operating limit']",1,113,4,39,0.88,Easy,False,DGCA Comprehensive Bank
"Calculate track and groundspeed with wind 270/20kt, TAS 140kt, heading 360° (Ref: DGCA Exam Standard Test Series 510)",Navigation,General Syllabus,"['Option A - Standard parameter 31', 'Option B - Alternative parameter 52', 'Option C - Standard condition specified by DGCA', 'Option D - Exceptional operating limit']",1,117,4,20,0.91,Easy,True,DGCA Comprehensive Bank
Standard Human Performance examination question on operating procedures (Ref: DGCA Exam Standard Test Series 734),Human Performance,General Syllabus,"['Option A - Standard parameter 22', 'Option B - Alternative parameter 81', 'Option C - Standard condition specified by DGCA', 'Option D - Exceptional operating limit']",2,113,4,22,0.92,Easy,False,DGCA Comprehensive Bank
GPS RAIM requires a minimum of how many satellites to isolate a faulty satellite? (Ref: DGCA Exam Standard Test Series 315),Radio Aids,General Syllabus,"['Option A - Standard parameter 17', 'Option B - Alternative parameter 55', 'Option C - Standard condition specified by DGCA', 'Option D - Exceptional operating limit']",0,123,4,31,0.89,Easy,False,DGCA Comprehensive Bank
Standard Aircraft Systems examination question on operating procedures (Ref: DGCA Exam Standard Test Series 423),Aircraft Systems,General Syllabus,"['Option A - Standard parameter 40', 'Option B - Alternative parameter 86', 'Option C - Standard condition specified by DGCA', 'Option D - Exceptional operating limit']",3,112,4,35,0.91,Easy,False,DGCA Comprehensive Bank
Right of way rules state that an aircraft overtaken has the right of way and overtaking aircraft shall alter course to the (Ref: DGCA Exam Standard Test Series 382),Air Regulations,General Syllabus,"['Option A - Standard parameter 19', 'Option B - Alternative parameter 88', 'Option C - Standard condition specified by DGCA', 'Option D - Exceptional operating limit']",1,164,4,23,0.84,Easy,False,DGCA Comprehensive Bank
Standard Aircraft Systems examination question on operating procedures (Ref: DGCA Exam Standard Test Series 914),Aircraft Systems,General Syllabus,"['Option A - Standard parameter 35', 'Option B - Alternative parameter 63', 'Option C - Standard condition specified by DGCA', 'Option D - Exceptional operating limit']",3,112,4,33,0.83,Easy,False,DGCA Comprehensive Bank
Standard Flight Planning examination question on operating procedures (Ref: DGCA Exam Standard Test Series 309),Flight Planning,General Syllabus,"['Option A - Standard parameter 21', 'Option B - Alternative parameter 86', 'Option C - Standard condition specified by DGCA', 'Option D - Exceptional operating limit']",3,111,4,20,0.89,Easy,False,DGCA Comprehensive Bank
GPS RAIM requires a minimum of how many satellites to isolate a faulty satellite? (Ref: DGCA Exam Standard Test Series 987),Radio Aids,General Syllabus,"['Option A - Standard parameter 37', 'Option B - Alternative parameter 81', 'Option C - Standard condition specified by DGCA', 'Option D - Exceptional operating limit']",1,123,4,34,0.78,Easy,False,DGCA Comprehensive Bank
A rhumb line on a Mercator chart appears as a (Ref: DGCA Exam Standard Test Series 128),Navigation,General Syllabus,"['Option A - Standard parameter 20', 'Option B - Alternative parameter 73', 'Option C - Standard condition specified by DGCA', 'Option D - Exceptional operating limit']",0,87,4,38,0.8,Easy,False,DGCA Comprehensive Bank
Standard Flight Planning examination question on operating procedures (Ref: DGCA Exam Standard Test Series 712),Flight Planning,General Syllabus,"['Option A - Standard parameter 32', 'Option B - Alternative parameter 51', 'Option C - Standard condition specified by DGCA', 'Option D - Exceptional operating limit']",2,111,4,38,0.96,Easy,False,DGCA Comprehensive Bank
Standard Flight Planning examination question on operating procedures (Ref: DGCA Exam Standard Test Series 666),Flight Planning,General Syllabus,"['Option A - Standard parameter 18', 'Option B - Alternative parameter 59', 'Option C - Standard condition specified by DGCA', 'Option D - Exceptional operating limit']",1,111,4,33,0.82,Easy,False,DGCA Comprehensive Bank
VOR scalloping and course bending is most pronounced when flying near (Ref: DGCA Exam Standard Test Series 216),Radio Aids,General Syllabus,"['Option A - Standard parameter 34', 'Option B - Alternative parameter 76', 'Option C - Standard condition specified by DGCA', 'Option D - Exceptional operating limit']",2,111,4,22,0.89,Easy,False,DGCA Comprehensive Bank
Standard Flight Planning examination question on operating procedures (Ref: DGCA Exam Standard Test Series 485),Flight Planning,General Syllabus,"['Option A - Standard parameter 36', 'Option B - Alternative parameter 67', 'Option C - Standard condition specified by DGCA', 'Option D - Exceptional operating limit']",3,111,4,30,0.86,Easy,False,DGCA Comprehensive Bank
Specific fuel consumption of a turbofan engine improves at high altitude because (Ref: DGCA Exam Standard Test Series 975),Technical General,General Syllabus,"['Option A - Standard parameter 34', 'Option B - Alternative parameter 57', 'Option C - Standard condition specified by DGCA', 'Option D - Exceptional operating limit']",3,122,4,25,0.94,Easy,False,DGCA Comprehensive Bank
Standard Flight Planning examination question on operating procedures (Ref: DGCA Exam Standard Test Series 600),Flight Planning,General Syllabus,"['Option A - Standard parameter 31', 'Option B - Alternative parameter 76', 'Option C - Standard condition specified by DGCA', 'Option D - Exceptional operating limit']",3,111,4,27,0.94,Easy,False,DGCA Comprehensive Bank
A special VFR flight may be authorized within a control zone provided visibility is not less than (Ref: DGCA Exam Standard Test Series 148),Air Regulations,General Syllabus,"['Option A - Standard parameter 29', 'Option B - Alternative parameter 72', 'Option C - Standard condition specified by DGCA', 'Option D - Exceptional operating limit']",3,139,4,41,0.81,Easy,False,DGCA Comprehensive Bank
Standard Aircraft Systems examination question on operating procedures (Ref: DGCA Exam Standard Test Series 800),Aircraft Systems,General Syllabus,"['Option A - Standard parameter 41', 'Option B - Alternative parameter 63', 'Option C - Standard condition specified by DGCA', 'Option D - Exceptional operating limit']",1,112,4,26,0.81,Easy,False,DGCA Comprehensive Bank
Standard Aircraft Systems examination question on operating procedures (Ref: DGCA Exam Standard Test Series 534),Aircraft Systems,General Syllabus,"['Option A - Standard parameter 41', 'Option B - Alternative parameter 80', 'Option C - Standard condition specified by DGCA', 'Option D - Exceptional operating limit']",0,112,4,39,0.82,Easy,False,DGCA Comprehensive Bank
Convergency between two meridians on a Lambert conformal chart is proportional to (Ref: DGCA Exam Standard Test Series 576),Navigation,General Syllabus,"['Option A - Standard parameter 27', 'Option B - Alternative parameter 51', 'Option C - Standard condition specified by DGCA', 'Option D - Exceptional operating limit']",1,123,4,32,0.86,Easy,False,DGCA Comprehensive Bank
"During stall, the center of pressure on a conventional cambered airfoil moves (Ref: DGCA Exam Standard Test Series 293)",Technical General,General Syllabus,"['Option A - Standard parameter 39', 'Option B - Alternative parameter 88', 'Option C - Standard condition specified by DGCA', 'Option D - Exceptional operating limit']",2,119,4,30,0.88,Easy,False,DGCA Comprehensive Bank
Standard Aircraft Systems examination question on operating procedures (Ref: DGCA Exam Standard Test Series 743),Aircraft Systems,General Syllabus,"['Option A - Standard parameter 48', 'Option B - Alternative parameter 53', 'Option C - Standard condition specified by DGCA', 'Option D - Exceptional operating limit']",3,112,4,38,0.81,Easy,False,DGCA Comprehensive Bank
Semi-circular cruising altitude rules apply to flights above (Ref: DGCA Exam Standard Test Series 977),Air Regulations,General Syllabus,"['Option A - Standard parameter 37', 'Option B - Alternative parameter 82', 'Option C - Standard condition specified by DGCA', 'Option D - Exceptional operating limit']",1,102,4,37,0.87,Easy,False,DGCA Comprehensive Bank
Standard Aircraft Systems examination question on operating procedures (Ref: DGCA Exam Standard Test Series 448),Aircraft Systems,General Syllabus,"['Option A - Standard parameter 12', 'Option B - Alternative parameter 74', 'Option C - Standard condition specified by DGCA', 'Option D - Exceptional operating limit']",2,112,4,32,0.85,Easy,False,DGCA Comprehensive Bank
Critical Mach number is the free stream Mach number at which airflow first reaches Mach 1.0 (Ref: DGCA Exam Standard Test Series 427),Technical General,General Syllabus,"['Option A - Standard parameter 12', 'Option B - Alternative parameter 83', 'Option C - Standard condition specified by DGCA', 'Option D - Exceptional operating limit']",3,133,4,37,0.8,Easy,False,DGCA Comprehensive Bank
Standard Aircraft Systems examination question on operating procedures (Ref: DGCA Exam Standard Test Series 363),Aircraft Systems,General Syllabus,"['Option A - Standard parameter 23', 'Option B - Alternative parameter 82', 'Option C - Standard condition specified by DGCA', 'Option D - Exceptional operating limit']",3,112,4,25,0.8,Easy,False,DGCA Comprehensive Bank
Standard Flight Planning examination question on operating procedures (Ref: DGCA Exam Standard Test Series 590),Flight Planning,General Syllabus,"['Option A - Standard parameter 30', 'Option B - Alternative parameter 64', 'Option C - Standard condition specified by DGCA', 'Option D - Exceptional operating limit']",2,111,4,40,0.95,Easy,False,DGCA Comprehensive Bank
Standard Aircraft Systems examination question on operating procedures (Ref: DGCA Exam Standard Test Series 106),Aircraft Systems,General Syllabus,"['Option A - Standard parameter 30', 'Option B - Alternative parameter 69', 'Option C - Standard condition specified by DGCA', 'Option D - Exceptional operating limit']",3,112,4,66,0.66,Medium,False,DGCA Comprehensive Bank
Standard Human Performance examination question on operating procedures (Ref: DGCA Exam Standard Test Series 647),Human Performance,General Syllabus,"['Option A - Standard parameter 10', 'Option B - Alternative parameter 55', 'Option C - Standard condition specified by DGCA', 'Option D - Exceptional operating limit']",3,113,4,65,0.66,Medium,False,DGCA Comprehensive Bank
"During stall, the center of pressure on a conventional cambered airfoil moves (Ref: DGCA Exam Standard Test Series 485)",Technical General,General Syllabus,"['Option A - Standard parameter 29', 'Option B - Alternative parameter 55', 'Option C - Standard condition specified by DGCA', 'Option D - Exceptional operating limit']",0,119,4,43,0.58,Medium,False,DGCA Comprehensive Bank
Standard Flight Planning examination question on operating procedures (Ref: DGCA Exam Standard Test Series 355),Flight Planning,General Syllabus,"['Option A - Standard parameter 44', 'Option B - Alternative parameter 72', 'Option C - Standard condition specified by DGCA', 'Option D - Exceptional operating limit']",3,111,4,56,0.63,Medium,False,DGCA Comprehensive Bank
The angle between Magnetic North and Compass North is defined as (Ref: DGCA Exam Standard Test Series 257),Navigation,General Syllabus,"['Option A - Standard parameter 41', 'Option B - Alternative parameter 67', 'Option C - Standard condition specified by DGCA', 'Option D - Exceptional operating limit']",1,106,4,71,0.62,Medium,False,DGCA Comprehensive Bank
Induced drag varies inversely with the square of (Ref: DGCA Exam Standard Test Series 625),Technical General,General Syllabus,"['Option A - Standard parameter 34', 'Option B - Alternative parameter 89', 'Option C - Standard condition specified by DGCA', 'Option D - Exceptional operating limit']",0,90,4,65,0.69,Medium,False,DGCA Comprehensive Bank
Standard Flight Planning examination question on operating procedures (Ref: DGCA Exam Standard Test Series 377),Flight Planning,General Syllabus,"['Option A - Standard parameter 38', 'Option B - Alternative parameter 84', 'Option C - Standard condition specified by DGCA', 'Option D - Exceptional operating limit']",2,111,4,74,0.71,Medium,False,DGCA Comprehensive Bank
Standard Human Performance examination question on operating procedures (Ref: DGCA Exam Standard Test Series 174),Human Performance,General Syllabus,"['Option A - Standard parameter 45', 'Option B - Alternative parameter 88', 'Option C - Standard condition specified by DGCA', 'Option D - Exceptional operating limit']",1,113,4,59,0.71,Medium,False,DGCA Comprehensive Bank
Convergency between two meridians on a Lambert conformal chart is proportional to (Ref: DGCA Exam Standard Test Series 252),Navigation,General Syllabus,"['Option A - Standard parameter 31', 'Option B - Alternative parameter 71', 'Option C - Standard condition specified by DGCA', 'Option D - Exceptional operating limit']",2,123,4,65,0.62,Medium,False,DGCA Comprehensive Bank
A rhumb line on a Mercator chart appears as a (Ref: DGCA Exam Standard Test Series 267),Navigation,General Syllabus,"['Option A - Standard parameter 16', 'Option B - Alternative parameter 60', 'Option C - Standard condition specified by DGCA', 'Option D - Exceptional operating limit']",0,87,4,62,0.55,Medium,False,DGCA Comprehensive Bank
The angle between Magnetic North and Compass North is defined as (Ref: DGCA Exam Standard Test Series 575),Navigation,General Syllabus,"['Option A - Standard parameter 11', 'Option B - Alternative parameter 51', 'Option C - Standard condition specified by DGCA', 'Option D - Exceptional operating limit']",2,106,4,55,0.7,Medium,False,DGCA Comprehensive Bank
Standard Human Performance examination question on operating procedures (Ref: DGCA Exam Standard Test Series 391),Human Performance,General Syllabus,"['Option A - Standard parameter 20', 'Option B - Alternative parameter 61', 'Option C - Standard condition specified by DGCA', 'Option D - Exceptional operating limit']",3,113,4,44,0.7,Medium,False,DGCA Comprehensive Bank
VOR scalloping and course bending is most pronounced when flying near (Ref: DGCA Exam Standard Test Series 286),Radio Aids,General Syllabus,"['Option A - Standard parameter 43', 'Option B - Alternative parameter 74', 'Option C - Standard condition specified by DGCA', 'Option D - Exceptional operating limit']",1,111,4,60,0.56,Medium,False,DGCA Comprehensive Bank
Standard Flight Planning examination question on operating procedures (Ref: DGCA Exam Standard Test Series 168),Flight Planning,General Syllabus,"['Option A - Standard parameter 29', 'Option B - Alternative parameter 69', 'Option C - Standard condition specified by DGCA', 'Option D - Exceptional operating limit']",2,111,4,50,0.62,Medium,False,DGCA Comprehensive Bank
DME measures slant range distance using interrogation and reply pulses in UHF band (Ref: DGCA Exam Standard Test Series 948),Radio Aids,General Syllabus,"['Option A - Standard parameter 43', 'Option B - Alternative parameter 59', 'Option C - Standard condition specified by DGCA', 'Option D - Exceptional operating limit']",1,124,4,61,0.62,Medium,False,DGCA Comprehensive Bank
A special VFR flight may be authorized within a control zone provided visibility is not less than (Ref: DGCA Exam Standard Test Series 172),Air Regulations,General Syllabus,"['Option A - Standard parameter 34', 'Option B - Alternative parameter 75', 'Option C - Standard condition specified by DGCA', 'Option D - Exceptional operating limit']",2,139,4,66,0.5,Medium,False,DGCA Comprehensive Bank
Specific fuel consumption of a turbofan engine improves at high altitude because (Ref: DGCA Exam Standard Test Series 597),Technical General,General Syllabus,"['Option A - Standard parameter 39', 'Option B - Alternative parameter 88', 'Option C - Standard condition specified by DGCA', 'Option D - Exceptional operating limit']",1,122,4,64,0.7,Medium,False,DGCA Comprehensive Bank
DME measures slant range distance using interrogation and reply pulses in UHF band (Ref: DGCA Exam Standard Test Series 712),Radio Aids,General Syllabus,"['Option A - Standard parameter 26', 'Option B - Alternative parameter 60', 'Option C - Standard condition specified by DGCA', 'Option D - Exceptional operating limit']",0,124,4,72,0.51,Medium,False,DGCA Comprehensive Bank
Standard Aircraft Systems examination question on operating procedures (Ref: DGCA Exam Standard Test Series 596),Aircraft Systems,General Syllabus,"['Option A - Standard parameter 33', 'Option B - Alternative parameter 69', 'Option C - Standard condition specified by DGCA', 'Option D - Exceptional operating limit']",3,112,4,59,0.53,Medium,False,DGCA Comprehensive Bank
Standard Aircraft Systems examination question on operating procedures (Ref: DGCA Exam Standard Test Series 760),Aircraft Systems,General Syllabus,"['Option A - Standard parameter 25', 'Option B - Alternative parameter 56', 'Option C - Standard condition specified by DGCA', 'Option D - Exceptional operating limit']",3,112,4,65,0.69,Medium,False,DGCA Comprehensive Bank
The angle between Magnetic North and Compass North is defined as (Ref: DGCA Exam Standard Test Series 188),Navigation,General Syllabus,"['Option A - Standard parameter 35', 'Option B - Alternative parameter 82', 'Option C - Standard condition specified by DGCA', 'Option D - Exceptional operating limit']",1,106,4,64,0.66,Medium,False,DGCA Comprehensive Bank
Standard Aircraft Systems examination question on operating procedures (Ref: DGCA Exam Standard Test Series 500),Aircraft Systems,General Syllabus,"['Option A - Standard parameter 16', 'Option B - Alternative parameter 64', 'Option C - Standard condition specified by DGCA', 'Option D - Exceptional operating limit']",2,112,4,60,0.53,Medium,False,DGCA Comprehensive Bank
Standard Human Performance examination question on operating procedures (Ref: DGCA Exam Standard Test Series 618),Human Performance,General Syllabus,"['Option A - Standard parameter 32', 'Option B - Alternative parameter 79', 'Option C - Standard condition specified by DGCA', 'Option D - Exceptional operating limit']",1,113,4,72,0.56,Medium,False,DGCA Comprehensive Bank
Standard Aircraft Systems examination question on operating procedures (Ref: DGCA Exam Standard Test Series 471),Aircraft Systems,General Syllabus,"['Option A - Standard parameter 48', 'Option B - Alternative parameter 67', 'Option C - Standard condition specified by DGCA', 'Option D - Exceptional operating limit']",1,112,4,52,0.72,Medium,False,DGCA Comprehensive Bank
Standard Aircraft Systems examination question on operating procedures (Ref: DGCA Exam Standard Test Series 251),Aircraft Systems,General Syllabus,"['Option A - Standard parameter 43', 'Option B - Alternative parameter 53', 'Option C - Standard condition specified by DGCA', 'Option D - Exceptional operating limit']",0,112,4,45,0.54,Medium,False,DGCA Comprehensive Bank
"During stall, the center of pressure on a conventional cambered airfoil moves (Ref: DGCA Exam Standard Test Series 282)",Technical General,General Syllabus,"['Option A - Standard parameter 13', 'Option B - Alternative parameter 79', 'Option C - Standard condition specified by DGCA', 'Option D - Exceptional operating limit']",1,119,4,60,0.59,Medium,False,DGCA Comprehensive Bank
Convergency between two meridians on a Lambert conformal chart is proportional to (Ref: DGCA Exam Standard Test Series 821),Navigation,General Syllabus,"['Option A - Standard parameter 11', 'Option B - Alternative parameter 85', 'Option C - Standard condition specified by DGCA', 'Option D - Exceptional operating limit']",1,123,4,56,0.63,Medium,False,DGCA Comprehensive Bank
Right of way rules state that an aircraft overtaken has the right of way and overtaking aircraft shall alter course to the (Ref: DGCA Exam Standard Test Series 858),Air Regulations,General Syllabus,"['Option A - Standard parameter 41', 'Option B - Alternative parameter 85', 'Option C - Standard condition specified by DGCA', 'Option D - Exceptional operating limit']",2,164,4,54,0.53,Medium,False,DGCA Comprehensive Bank
Standard Aircraft Systems examination question on operating procedures (Ref: DGCA Exam Standard Test Series 913),Aircraft Systems,General Syllabus,"['Option A - Standard parameter 38', 'Option B - Alternative parameter 66', 'Option C - Standard condition specified by DGCA', 'Option D - Exceptional operating limit']",3,112,4,67,0.58,Medium,False,DGCA Comprehensive Bank
VOR scalloping and course bending is most pronounced when flying near (Ref: DGCA Exam Standard Test Series 365),Radio Aids,General Syllabus,"['Option A - Standard parameter 29', 'Option B - Alternative parameter 55', 'Option C - Standard condition specified by DGCA', 'Option D - Exceptional operating limit']",0,111,4,53,0.51,Medium,False,DGCA Comprehensive Bank
Standard Flight Planning examination question on operating procedures (Ref: DGCA Exam Standard Test Series 788),Flight Planning,General Syllabus,"['Option A - Standard parameter 39', 'Option B - Alternative parameter 54', 'Option C - Standard condition specified by DGCA', 'Option D - Exceptional operating limit']",1,111,4,53,0.51,Medium,False,DGCA Comprehensive Bank
Standard Flight Planning examination question on operating procedures (Ref: DGCA Exam Standard Test Series 392),Flight Planning,General Syllabus,"['Option A - Standard parameter 24', 'Option B - Alternative parameter 59', 'Option C - Standard condition specified by DGCA', 'Option D - Exceptional operating limit']",2,111,4,42,0.49,Medium,False,DGCA Comprehensive Bank
"Calculate track and groundspeed with wind 270/20kt, TAS 140kt, heading 360° (Ref: DGCA Exam Standard Test Series 443)",Navigation,General Syllabus,"['Option A - Standard parameter 46', 'Option B - Alternative parameter 87', 'Option C - Standard condition specified by DGCA', 'Option D - Exceptional operating limit']",2,117,4,73,0.51,Medium,True,DGCA Comprehensive Bank
DME measures slant range distance using interrogation and reply pulses in UHF band (Ref: DGCA Exam Standard Test Series 161),Radio Aids,General Syllabus,"['Option A - Standard parameter 13', 'Option B - Alternative parameter 58', 'Option C - Standard condition specified by DGCA', 'Option D - Exceptional operating limit']",3,124,4,47,0.65,Medium,False,DGCA Comprehensive Bank
Standard Human Performance examination question on operating procedures (Ref: DGCA Exam Standard Test Series 674),Human Performance,General Syllabus,"['Option A - Standard parameter 19', 'Option B - Alternative parameter 84', 'Option C - Standard condition specified by DGCA', 'Option D - Exceptional operating limit']",0,113,4,69,0.54,Medium,False,DGCA Comprehensive Bank
Minimum fuel reserve for VFR flight during daytime is (Ref: DGCA Exam Standard Test Series 852),Air Regulations,General Syllabus,"['Option A - Standard parameter 14', 'Option B - Alternative parameter 55', 'Option C - Standard condition specified by DGCA', 'Option D - Exceptional operating limit']",1,95,4,69,0.75,Medium,False,DGCA Comprehensive Bank
Standard Aircraft Systems examination question on operating procedures (Ref: DGCA Exam Standard Test Series 826),Aircraft Systems,General Syllabus,"['Option A - Standard parameter 44', 'Option B - Alternative parameter 68', 'Option C - Standard condition specified by DGCA', 'Option D - Exceptional operating limit']",1,112,4,72,0.73,Medium,False,DGCA Comprehensive Bank
A rhumb line on a Mercator chart appears as a (Ref: DGCA Exam Standard Test Series 259),Navigation,General Syllabus,"['Option A - Standard parameter 34', 'Option B - Alternative parameter 59', 'Option C - Standard condition specified by DGCA', 'Option D - Exceptional operating limit']",3,87,4,62,0.61,Medium,False,DGCA Comprehensive Bank
Standard Flight Planning examination question on operating procedures (Ref: DGCA Exam Standard Test Series 456),Flight Planning,General Syllabus,"['Option A - Standard parameter 12', 'Option B - Alternative parameter 78', 'Option C - Standard condition specified by DGCA', 'Option D - Exceptional operating limit']",0,111,4,70,0.51,Medium,False,DGCA Comprehensive Bank
A rhumb line on a Mercator chart appears as a (Ref: DGCA Exam Standard Test Series 837),Navigation,General Syllabus,"['Option A - Standard parameter 49', 'Option B - Alternative parameter 75', 'Option C - Standard condition specified by DGCA', 'Option D - Exceptional operating limit']",0,87,4,68,0.72,Medium,False,DGCA Comprehensive Bank
Specific fuel consumption of a turbofan engine improves at high altitude because (Ref: DGCA Exam Standard Test Series 325),Technical General,General Syllabus,"['Option A - Standard parameter 17', 'Option B - Alternative parameter 55', 'Option C - Standard condition specified by DGCA', 'Option D - Exceptional operating limit']",3,122,4,54,0.59,Medium,False,DGCA Comprehensive Bank
Semi-circular cruising altitude rules apply to flights above (Ref: DGCA Exam Standard Test Series 553),Air Regulations,General Syllabus,"['Option A - Standard parameter 37', 'Option B - Alternative parameter 55', 'Option C - Standard condition specified by DGCA', 'Option D - Exceptional operating limit']",0,102,4,45,0.75,Medium,False,DGCA Comprehensive Bank
The angle between Magnetic North and Compass North is defined as (Ref: DGCA Exam Standard Test Series 139),Navigation,General Syllabus,"['Option A - Standard parameter 12', 'Option B - Alternative parameter 84', 'Option C - Standard condition specified by DGCA', 'Option D - Exceptional operating limit']",3,106,4,59,0.73,Medium,False,DGCA Comprehensive Bank
Critical Mach number is the free stream Mach number at which airflow first reaches Mach 1.0 (Ref: DGCA Exam Standard Test Series 848),Technical General,General Syllabus,"['Option A - Standard parameter 25', 'Option B - Alternative parameter 78', 'Option C - Standard condition specified by DGCA', 'Option D - Exceptional operating limit']",0,133,4,59,0.69,Medium,False,DGCA Comprehensive Bank
Specific fuel consumption of a turbofan engine improves at high altitude because (Ref: DGCA Exam Standard Test Series 915),Technical General,General Syllabus,"['Option A - Standard parameter 34', 'Option B - Alternative parameter 86', 'Option C - Standard condition specified by DGCA', 'Option D - Exceptional operating limit']",2,122,4,69,0.68,Medium,False,DGCA Comprehensive Bank
Propeller blade angle of attack decreases when forward airspeed increases at constant RPM (Ref: DGCA Exam Standard Test Series 106),Technical General,General Syllabus,"['Option A - Standard parameter 40', 'Option B - Alternative parameter 73', 'Option C - Standard condition specified by DGCA', 'Option D - Exceptional operating limit']",1,131,4,73,0.73,Medium,False,DGCA Comprehensive Bank
Right of way rules state that an aircraft overtaken has the right of way and overtaking aircraft shall alter course to the (Ref: DGCA Exam Standard Test Series 536),Air Regulations,General Syllabus,"['Option A - Standard parameter 45', 'Option B - Alternative parameter 52', 'Option C - Standard condition specified by DGCA', 'Option D - Exceptional operating limit']",1,164,4,47,0.69,Medium,False,DGCA Comprehensive Bank
Standard Human Performance examination question on operating procedures (Ref: DGCA Exam Standard Test Series 623),Human Performance,General Syllabus,"['Option A - Standard parameter 36', 'Option B - Alternative parameter 67', 'Option C - Standard condition specified by DGCA', 'Option D - Exceptional operating limit']",3,113,4,51,0.48,Medium,False,DGCA Comprehensive Bank
Standard Aircraft Systems examination question on operating procedures (Ref: DGCA Exam Standard Test Series 965),Aircraft Systems,General Syllabus,"['Option A - Standard parameter 44', 'Option B - Alternative parameter 56', 'Option C - Standard condition specified by DGCA', 'Option D - Exceptional operating limit']",2,112,4,59,0.66,Medium,False,DGCA Comprehensive Bank
Standard Flight Planning examination question on operating procedures (Ref: DGCA Exam Standard Test Series 554),Flight Planning,General Syllabus,"['Option A - Standard parameter 37', 'Option B - Alternative parameter 65', 'Option C - Standard condition specified by DGCA', 'Option D - Exceptional operating limit']",1,111,4,73,0.63,Medium,False,DGCA Comprehensive Bank
Standard Human Performance examination question on operating procedures (Ref: DGCA Exam Standard Test Series 377),Human Performance,General Syllabus,"['Option A - Standard parameter 13', 'Option B - Alternative parameter 77', 'Option C - Standard condition specified by DGCA', 'Option D - Exceptional operating limit']",3,113,4,64,0.74,Medium,False,DGCA Comprehensive Bank
Calculate distance along a parallel of latitude between 020°E and 035°E at 40°N (Ref: DGCA Exam Standard Test Series 500),Navigation,General Syllabus,"['Option A - Standard parameter 35', 'Option B - Alternative parameter 68', 'Option C - Standard condition specified by DGCA', 'Option D - Exceptional operating limit']",1,121,4,53,0.64,Medium,True,DGCA Comprehensive Bank
Standard Flight Planning examination question on operating procedures (Ref: DGCA Exam Standard Test Series 803),Flight Planning,General Syllabus,"['Option A - Standard parameter 44', 'Option B - Alternative parameter 62', 'Option C - Standard condition specified by DGCA', 'Option D - Exceptional operating limit']",2,111,4,56,0.67,Medium,False,DGCA Comprehensive Bank
Standard Human Performance examination question on operating procedures (Ref: DGCA Exam Standard Test Series 132),Human Performance,General Syllabus,"['Option A - Standard parameter 20', 'Option B - Alternative parameter 73', 'Option C - Standard condition specified by DGCA', 'Option D - Exceptional operating limit']",1,113,4,58,0.57,Medium,False,DGCA Comprehensive Bank
Semi-circular cruising altitude rules apply to flights above (Ref: DGCA Exam Standard Test Series 384),Air Regulations,General Syllabus,"['Option A - Standard parameter 48', 'Option B - Alternative parameter 65', 'Option C - Standard condition specified by DGCA', 'Option D - Exceptional operating limit']",2,102,4,45,0.74,Medium,False,DGCA Comprehensive Bank
Standard Human Performance examination question on operating procedures (Ref: DGCA Exam Standard Test Series 256),Human Performance,General Syllabus,"['Option A - Standard parameter 23', 'Option B - Alternative parameter 70', 'Option C - Standard condition specified by DGCA', 'Option D - Exceptional operating limit']",1,113,4,69,0.56,Medium,False,DGCA Comprehensive Bank
Specific fuel consumption of a turbofan engine improves at high altitude because (Ref: DGCA Exam Standard Test Series 806),Technical General,General Syllabus,"['Option A - Standard parameter 37', 'Option B - Alternative parameter 79', 'Option C - Standard condition specified by DGCA', 'Option D - Exceptional operating limit']",0,122,4,46,0.75,Medium,False,DGCA Comprehensive Bank
Standard Aircraft Systems examination question on operating procedures (Ref: DGCA Exam Standard Test Series 968),Aircraft Systems,General Syllabus,"['Option A - Standard parameter 14', 'Option B - Alternative parameter 53', 'Option C - Standard condition specified by DGCA', 'Option D - Exceptional operating limit']",2,112,4,55,0.66,Medium,False,DGCA Comprehensive Bank
The angle between Magnetic North and Compass North is defined as (Ref: DGCA Exam Standard Test Series 991),Navigation,General Syllabus,"['Option A - Standard parameter 44', 'Option B - Alternative parameter 75', 'Option C - Standard condition specified by DGCA', 'Option D - Exceptional operating limit']",3,106,4,66,0.68,Medium,False,DGCA Comprehensive Bank
ILS localizer operates in which frequency band? (Ref: DGCA Exam Standard Test Series 370),Radio Aids,General Syllabus,"['Option A - Standard parameter 34', 'Option B - Alternative parameter 67', 'Option C - Standard condition specified by DGCA', 'Option D - Exceptional operating limit']",0,89,4,59,0.61,Medium,False,DGCA Comprehensive Bank
Standard Human Performance examination question on operating procedures (Ref: DGCA Exam Standard Test Series 619),Human Performance,General Syllabus,"['Option A - Standard parameter 16', 'Option B - Alternative parameter 53', 'Option C - Standard condition specified by DGCA', 'Option D - Exceptional operating limit']",0,113,4,69,0.7,Medium,False,DGCA Comprehensive Bank
GPS RAIM requires a minimum of how many satellites to isolate a faulty satellite? (Ref: DGCA Exam Standard Test Series 635),Radio Aids,General Syllabus,"['Option A - Standard parameter 24', 'Option B - Alternative parameter 75', 'Option C - Standard condition specified by DGCA', 'Option D - Exceptional operating limit']",1,123,4,62,0.74,Medium,False,DGCA Comprehensive Bank
Standard Flight Planning examination question on operating procedures (Ref: DGCA Exam Standard Test Series 554),Flight Planning,General Syllabus,"['Option A - Standard parameter 45', 'Option B - Alternative parameter 59', 'Option C - Standard condition specified by DGCA', 'Option D - Exceptional operating limit']",1,111,4,64,0.52,Medium,False,DGCA Comprehensive Bank
Calculate distance along a parallel of latitude between 020°E and 035°E at 40°N (Ref: DGCA Exam Standard Test Series 930),Navigation,General Syllabus,"['Option A - Standard parameter 11', 'Option B - Alternative parameter 74', 'Option C - Standard condition specified by DGCA', 'Option D - Exceptional operating limit']",3,121,4,52,0.66,Medium,True,DGCA Comprehensive Bank
Critical Mach number is the free stream Mach number at which airflow first reaches Mach 1.0 (Ref: DGCA Exam Standard Test Series 820),Technical General,General Syllabus,"['Option A - Standard parameter 27', 'Option B - Alternative parameter 81', 'Option C - Standard condition specified by DGCA', 'Option D - Exceptional operating limit']",1,133,4,44,0.48,Medium,False,DGCA Comprehensive Bank
Critical Mach number is the free stream Mach number at which airflow first reaches Mach 1.0 (Ref: DGCA Exam Standard Test Series 828),Technical General,General Syllabus,"['Option A - Standard parameter 17', 'Option B - Alternative parameter 61', 'Option C - Standard condition specified by DGCA', 'Option D - Exceptional operating limit']",1,133,4,67,0.72,Medium,False,DGCA Comprehensive Bank
Induced drag varies inversely with the square of (Ref: DGCA Exam Standard Test Series 500),Technical General,General Syllabus,"['Option A - Standard parameter 24', 'Option B - Alternative parameter 66', 'Option C - Standard condition specified by DGCA', 'Option D - Exceptional operating limit']",1,90,4,60,0.51,Medium,False,DGCA Comprehensive Bank
Standard Flight Planning examination question on operating procedures (Ref: DGCA Exam Standard Test Series 191),Flight Planning,General Syllabus,"['Option A - Standard parameter 41', 'Option B - Alternative parameter 83', 'Option C - Standard condition specified by DGCA', 'Option D - Exceptional operating limit']",1,111,4,60,0.68,Medium,False,DGCA Comprehensive Bank
"Calculate track and groundspeed with wind 270/20kt, TAS 140kt, heading 360° (Ref: DGCA Exam Standard Test Series 844)",Navigation,General Syllabus,"['Option A - Standard parameter 35', 'Option B - Alternative parameter 72', 'Option C - Standard condition specified by DGCA', 'Option D - Exceptional operating limit']",2,117,4,43,0.58,Medium,True,DGCA Comprehensive Bank
Semi-circular cruising altitude rules apply to flights above (Ref: DGCA Exam Standard Test Series 785),Air Regulations,General Syllabus,"['Option A - Standard parameter 49', 'Option B - Alternative parameter 61', 'Option C - Standard condition specified by DGCA', 'Option D - Exceptional operating limit']",0,102,4,69,0.67,Medium,False,DGCA Comprehensive Bank
Specific fuel consumption of a turbofan engine improves at high altitude because (Ref: DGCA Exam Standard Test Series 108),Technical General,General Syllabus,"['Option A - Standard parameter 41', 'Option B - Alternative parameter 62', 'Option C - Standard condition specified by DGCA', 'Option D - Exceptional operating limit']",3,122,4,43,0.74,Medium,False,DGCA Comprehensive Bank
Validity of class 1 medical assessment for pilots under age 40 is (Ref: DGCA Exam Standard Test Series 417),Air Regulations,General Syllabus,"['Option A - Standard parameter 16', 'Option B - Alternative parameter 61', 'Option C - Standard condition specified by DGCA', 'Option D - Exceptional operating limit']",3,107,4,62,0.7,Medium,False,DGCA Comprehensive Bank
ILS localizer operates in which frequency band? (Ref: DGCA Exam Standard Test Series 121),Radio Aids,General Syllabus,"['Option A - Standard parameter 23', 'Option B - Alternative parameter 61', 'Option C - Standard condition specified by DGCA', 'Option D - Exceptional operating limit']",1,89,4,63,0.61,Medium,False,DGCA Comprehensive Bank
Standard Flight Planning examination question on operating procedures (Ref: DGCA Exam Standard Test Series 111),Flight Planning,General Syllabus,"['Option A - Standard parameter 28', 'Option B - Alternative parameter 86', 'Option C - Standard condition specified by DGCA', 'Option D - Exceptional operating limit']",0,111,4,47,0.55,Medium,False,DGCA Comprehensive Bank
Standard Human Performance examination question on operating procedures (Ref: DGCA Exam Standard Test Series 730),Human Performance,General Syllabus,"['Option A - Standard parameter 27', 'Option B - Alternative parameter 56', 'Option C - Standard condition specified by DGCA', 'Option D - Exceptional operating limit']",1,113,4,43,0.6,Medium,False,DGCA Comprehensive Bank
Critical Mach number is the free stream Mach number at which airflow first reaches Mach 1.0 (Ref: DGCA Exam Standard Test Series 451),Technical General,General Syllabus,"['Option A - Standard parameter 37', 'Option B - Alternative parameter 60', 'Option C - Standard condition specified by DGCA', 'Option D - Exceptional operating limit']",2,133,4,58,0.63,Medium,False,DGCA Comprehensive Bank
Critical Mach number is the free stream Mach number at which airflow first reaches Mach 1.0 (Ref: DGCA Exam Standard Test Series 192),Technical General,General Syllabus,"['Option A - Standard parameter 16', 'Option B - Alternative parameter 62', 'Option C - Standard condition specified by DGCA', 'Option D - Exceptional operating limit']",0,133,4,48,0.6,Medium,False,DGCA Comprehensive Bank
Standard Flight Planning examination question on operating procedures (Ref: DGCA Exam Standard Test Series 824),Flight Planning,General Syllabus,"['Option A - Standard parameter 29', 'Option B - Alternative parameter 87', 'Option C - Standard condition specified by DGCA', 'Option D - Exceptional operating limit']",3,111,4,66,0.68,Medium,False,DGCA Comprehensive Bank
ADF night effect is caused by skywave contamination reflecting from ionosphere (Ref: DGCA Exam Standard Test Series 481),Radio Aids,General Syllabus,"['Option A - Standard parameter 41', 'Option B - Alternative parameter 86', 'Option C - Standard condition specified by DGCA', 'Option D - Exceptional operating limit']",1,120,4,43,0.76,Medium,False,DGCA Comprehensive Bank
Standard Human Performance examination question on operating procedures (Ref: DGCA Exam Standard Test Series 965),Human Performance,General Syllabus,"['Option A - Standard parameter 43', 'Option B - Alternative parameter 86', 'Option C - Standard condition specified by DGCA', 'Option D - Exceptional operating limit']",1,113,4,70,0.62,Medium,False,DGCA Comprehensive Bank
Standard Aircraft Systems examination question on operating procedures (Ref: DGCA Exam Standard Test Series 854),Aircraft Systems,General Syllabus,"['Option A - Standard parameter 21', 'Option B - Alternative parameter 53', 'Option C - Standard condition specified by DGCA', 'Option D - Exceptional operating limit']",0,112,4,72,0.65,Medium,False,DGCA Comprehensive Bank
A special VFR flight may be authorized within a control zone provided visibility is not less than (Ref: DGCA Exam Standard Test Series 836),Air Regulations,General Syllabus,"['Option A - Standard parameter 39', 'Option B - Alternative parameter 73', 'Option C - Standard condition specified by DGCA', 'Option D - Exceptional operating limit']",1,139,4,65,0.52,Medium,False,DGCA Comprehensive Bank
ILS localizer operates in which frequency band? (Ref: DGCA Exam Standard Test Series 474),Radio Aids,General Syllabus,"['Option A - Standard parameter 23', 'Option B - Alternative parameter 89', 'Option C - Standard condition specified by DGCA', 'Option D - Exceptional operating limit']",0,89,4,44,0.6,Medium,False,DGCA Comprehensive Bank
ILS localizer operates in which frequency band? (Ref: DGCA Exam Standard Test Series 842),Radio Aids,General Syllabus,"['Option A - Standard parameter 37', 'Option B - Alternative parameter 52', 'Option C - Standard condition specified by DGCA', 'Option D - Exceptional operating limit']",2,89,4,54,0.53,Medium,False,DGCA Comprehensive Bank
Standard Human Performance examination question on operating procedures (Ref: DGCA Exam Standard Test Series 360),Human Performance,General Syllabus,"['Option A - Standard parameter 45', 'Option B - Alternative parameter 73', 'Option C - Standard condition specified by DGCA', 'Option D - Exceptional operating limit']",2,113,4,67,0.57,Medium,False,DGCA Comprehensive Bank
Standard Aircraft Systems examination question on operating procedures (Ref: DGCA Exam Standard Test Series 494),Aircraft Systems,General Syllabus,"['Option A - Standard parameter 25', 'Option B - Alternative parameter 60', 'Option C - Standard condition specified by DGCA', 'Option D - Exceptional operating limit']",0,112,4,56,0.73,Medium,False,DGCA Comprehensive Bank
Validity of class 1 medical assessment for pilots under age 40 is (Ref: DGCA Exam Standard Test Series 961),Air Regulations,General Syllabus,"['Option A - Standard parameter 17', 'Option B - Alternative parameter 62', 'Option C - Standard condition specified by DGCA', 'Option D - Exceptional operating limit']",0,107,4,56,0.52,Medium,False,DGCA Comprehensive Bank
Calculate distance along a parallel of latitude between 020°E and 035°E at 40°N (Ref: DGCA Exam Standard Test Series 383),Navigation,General Syllabus,"['Option A - Standard parameter 46', 'Option B - Alternative parameter 62', 'Option C - Standard condition specified by DGCA', 'Option D - Exceptional operating limit']",0,121,4,66,0.49,Medium,True,DGCA Comprehensive Bank
"Calculate track and groundspeed with wind 270/20kt, TAS 140kt, heading 360° (Ref: DGCA Exam Standard Test Series 731)",Navigation,General Syllabus,"['Option A - Standard parameter 24', 'Option B - Alternative parameter 56', 'Option C - Standard condition specified by DGCA', 'Option D - Exceptional operating limit']",3,117,4,61,0.71,Medium,True,DGCA Comprehensive Bank
Critical Mach number is the free stream Mach number at which airflow first reaches Mach 1.0 (Ref: DGCA Exam Standard Test Series 981),Technical General,General Syllabus,"['Option A - Standard parameter 46', 'Option B - Alternative parameter 70', 'Option C - Standard condition specified by DGCA', 'Option D - Exceptional operating limit']",1,133,4,46,0.76,Medium,False,DGCA Comprehensive Bank
Standard Human Performance examination question on operating procedures (Ref: DGCA Exam Standard Test Series 100),Human Performance,General Syllabus,"['Option A - Standard parameter 14', 'Option B - Alternative parameter 83', 'Option C - Standard condition specified by DGCA', 'Option D - Exceptional operating limit']",0,113,4,56,0.51,Medium,False,DGCA Comprehensive Bank
Propeller blade angle of attack decreases when forward airspeed increases at constant RPM (Ref: DGCA Exam Standard Test Series 589),Technical General,General Syllabus,"['Option A - Standard parameter 43', 'Option B - Alternative parameter 75', 'Option C - Standard condition specified by DGCA', 'Option D - Exceptional operating limit']",1,131,4,57,0.59,Medium,False,DGCA Comprehensive Bank
Standard Human Performance examination question on operating procedures (Ref: DGCA Exam Standard Test Series 284),Human Performance,General Syllabus,"['Option A - Standard parameter 32', 'Option B - Alternative parameter 88', 'Option C - Standard condition specified by DGCA', 'Option D - Exceptional operating limit']",3,113,4,50,0.64,Medium,False,DGCA Comprehensive Bank
Standard Aircraft Systems examination question on operating procedures (Ref: DGCA Exam Standard Test Series 483),Aircraft Systems,General Syllabus,"['Option A - Standard parameter 17', 'Option B - Alternative parameter 71', 'Option C - Standard condition specified by DGCA', 'Option D - Exceptional operating limit']",0,112,4,46,0.52,Medium,False,DGCA Comprehensive Bank
Standard Aircraft Systems examination question on operating procedures (Ref: DGCA Exam Standard Test Series 875),Aircraft Systems,General Syllabus,"['Option A - Standard parameter 31', 'Option B - Alternative parameter 84', 'Option C - Standard condition specified by DGCA', 'Option D - Exceptional operating limit']",0,112,4,49,0.52,Medium,False,DGCA Comprehensive Bank
Standard Aircraft Systems examination question on operating procedures (Ref: DGCA Exam Standard Test Series 218),Aircraft Systems,General Syllabus,"['Option A - Standard parameter 27', 'Option B - Alternative parameter 67', 'Option C - Standard condition specified by DGCA', 'Option D - Exceptional operating limit']",1,112,4,64,0.74,Medium,False,DGCA Comprehensive Bank
Standard Aircraft Systems examination question on operating procedures (Ref: DGCA Exam Standard Test Series 843),Aircraft Systems,General Syllabus,"['Option A - Standard parameter 34', 'Option B - Alternative parameter 54', 'Option C - Standard condition specified by DGCA', 'Option D - Exceptional operating limit']",0,112,4,45,0.7,Medium,False,DGCA Comprehensive Bank
A rhumb line on a Mercator chart appears as a (Ref: DGCA Exam Standard Test Series 386),Navigation,General Syllabus,"['Option A - Standard parameter 14', 'Option B - Alternative parameter 76', 'Option C - Standard condition specified by DGCA', 'Option D - Exceptional operating limit']",1,87,4,54,0.66,Medium,False,DGCA Comprehensive Bank
ILS localizer operates in which frequency band? (Ref: DGCA Exam Standard Test Series 803),Radio Aids,General Syllabus,"['Option A - Standard parameter 34', 'Option B - Alternative parameter 63', 'Option C - Standard condition specified by DGCA', 'Option D - Exceptional operating limit']",0,89,4,74,0.49,Medium,False,DGCA Comprehensive Bank
Standard Human Performance examination question on operating procedures (Ref: DGCA Exam Standard Test Series 688),Human Performance,General Syllabus,"['Option A - Standard parameter 43', 'Option B - Alternative parameter 88', 'Option C - Standard condition specified by DGCA', 'Option D - Exceptional operating limit']",1,113,4,45,0.56,Medium,False,DGCA Comprehensive Bank
DME measures slant range distance using interrogation and reply pulses in UHF band (Ref: DGCA Exam Standard Test Series 553),Radio Aids,General Syllabus,"['Option A - Standard parameter 32', 'Option B - Alternative parameter 69', 'Option C - Standard condition specified by DGCA', 'Option D - Exceptional operating limit']",0,124,4,70,0.73,Medium,False,DGCA Comprehensive Bank
Induced drag varies inversely with the square of (Ref: DGCA Exam Standard Test Series 443),Technical General,General Syllabus,"['Option A - Standard parameter 30', 'Option B - Alternative parameter 65', 'Option C - Standard condition specified by DGCA', 'Option D - Exceptional operating limit']",0,90,4,63,0.56,Medium,False,DGCA Comprehensive Bank
ILS localizer operates in which frequency band? (Ref: DGCA Exam Standard Test Series 810),Radio Aids,General Syllabus,"['Option A - Standard parameter 38', 'Option B - Alternative parameter 75', 'Option C - Standard condition specified by DGCA', 'Option D - Exceptional operating limit']",0,89,4,54,0.64,Medium,False,DGCA Comprehensive Bank
"Calculate track and groundspeed with wind 270/20kt, TAS 140kt, heading 360° (Ref: DGCA Exam Standard Test Series 390)",Navigation,General Syllabus,"['Option A - Standard parameter 44', 'Option B - Alternative parameter 58', 'Option C - Standard condition specified by DGCA', 'Option D - Exceptional operating limit']",1,117,4,44,0.54,Medium,True,DGCA Comprehensive Bank
Standard Flight Planning examination question on operating procedures (Ref: DGCA Exam Standard Test Series 941),Flight Planning,General Syllabus,"['Option A - Standard parameter 30', 'Option B - Alternative parameter 76', 'Option C - Standard condition specified by DGCA', 'Option D - Exceptional operating limit']",3,111,4,58,0.69,Medium,False,DGCA Comprehensive Bank
Validity of class 1 medical assessment for pilots under age 40 is (Ref: DGCA Exam Standard Test Series 728),Air Regulations,General Syllabus,"['Option A - Standard parameter 14', 'Option B - Alternative parameter 84', 'Option C - Standard condition specified by DGCA', 'Option D - Exceptional operating limit']",3,107,4,45,0.71,Medium,False,DGCA Comprehensive Bank
Standard Human Performance examination question on operating procedures (Ref: DGCA Exam Standard Test Series 399),Human Performance,General Syllabus,"['Option A - Standard parameter 32', 'Option B - Alternative parameter 56', 'Option C - Standard condition specified by DGCA', 'Option D - Exceptional operating limit']",1,113,4,55,0.61,Medium,False,DGCA Comprehensive Bank
Validity of class 1 medical assessment for pilots under age 40 is (Ref: DGCA Exam Standard Test Series 990),Air Regulations,General Syllabus,"['Option A - Standard parameter 25', 'Option B - Alternative parameter 65', 'Option C - Standard condition specified by DGCA', 'Option D - Exceptional operating limit']",0,107,4,69,0.63,Medium,False,DGCA Comprehensive Bank
DME measures slant range distance using interrogation and reply pulses in UHF band (Ref: DGCA Exam Standard Test Series 150),Radio Aids,General Syllabus,"['Option A - Standard parameter 31', 'Option B - Alternative parameter 69', 'Option C - Standard condition specified by DGCA', 'Option D - Exceptional operating limit']",1,124,4,72,0.5,Medium,False,DGCA Comprehensive Bank
Standard Flight Planning examination question on operating procedures (Ref: DGCA Exam Standard Test Series 992),Flight Planning,General Syllabus,"['Option A - Standard parameter 36', 'Option B - Alternative parameter 79', 'Option C - Standard condition specified by DGCA', 'Option D - Exceptional operating limit']",2,111,4,59,0.65,Medium,False,DGCA Comprehensive Bank
DME measures slant range distance using interrogation and reply pulses in UHF band (Ref: DGCA Exam Standard Test Series 747),Radio Aids,General Syllabus,"['Option A - Standard parameter 27', 'Option B - Alternative parameter 52', 'Option C - Standard condition specified by DGCA', 'Option D - Exceptional operating limit']",0,124,4,62,0.57,Medium,False,DGCA Comprehensive Bank
Standard Human Performance examination question on operating procedures (Ref: DGCA Exam Standard Test Series 743),Human Performance,General Syllabus,"['Option A - Standard parameter 16', 'Option B - Alternative parameter 81', 'Option C - Standard condition specified by DGCA', 'Option D - Exceptional operating limit']",3,113,4,59,0.71,Medium,False,DGCA Comprehensive Bank
A special VFR flight may be authorized within a control zone provided visibility is not less than (Ref: DGCA Exam Standard Test Series 258),Air Regulations,General Syllabus,"['Option A - Standard parameter 45', 'Option B - Alternative parameter 70', 'Option C - Standard condition specified by DGCA', 'Option D - Exceptional operating limit']",3,139,4,45,0.68,Medium,False,DGCA Comprehensive Bank
Standard Flight Planning examination question on operating procedures (Ref: DGCA Exam Standard Test Series 874),Flight Planning,General Syllabus,"['Option A - Standard parameter 22', 'Option B - Alternative parameter 72', 'Option C - Standard condition specified by DGCA', 'Option D - Exceptional operating limit']",1,111,4,54,0.71,Medium,False,DGCA Comprehensive Bank
Standard Human Performance examination question on operating procedures (Ref: DGCA Exam Standard Test Series 825),Human Performance,General Syllabus,"['Option A - Standard parameter 24', 'Option B - Alternative parameter 60', 'Option C - Standard condition specified by DGCA', 'Option D - Exceptional operating limit']",3,113,4,68,0.65,Medium,False,DGCA Comprehensive Bank
Minimum fuel reserve for VFR flight during daytime is (Ref: DGCA Exam Standard Test Series 736),Air Regulations,General Syllabus,"['Option A - Standard parameter 35', 'Option B - Alternative parameter 77', 'Option C - Standard condition specified by DGCA', 'Option D - Exceptional operating limit']",0,95,4,67,0.73,Medium,False,DGCA Comprehensive Bank
ILS localizer operates in which frequency band? (Ref: DGCA Exam Standard Test Series 763),Radio Aids,General Syllabus,"['Option A - Standard parameter 19', 'Option B - Alternative parameter 75', 'Option C - Standard condition specified by DGCA', 'Option D - Exceptional operating limit']",1,89,4,55,0.71,Medium,False,DGCA Comprehensive Bank
Propeller blade angle of attack decreases when forward airspeed increases at constant RPM (Ref: DGCA Exam Standard Test Series 538),Technical General,General Syllabus,"['Option A - Standard parameter 44', 'Option B - Alternative parameter 84', 'Option C - Standard condition specified by DGCA', 'Option D - Exceptional operating limit']",0,131,4,47,0.64,Medium,False,DGCA Comprehensive Bank
Standard Aircraft Systems examination question on operating procedures (Ref: DGCA Exam Standard Test Series 760),Aircraft Systems,General Syllabus,"['Option A - Standard parameter 24', 'Option B - Alternative parameter 85', 'Option C - Standard condition specified by DGCA', 'Option D - Exceptional operating limit']",3,112,4,42,0.51,Medium,False,DGCA Comprehensive Bank
Standard Aircraft Systems examination question on operating procedures (Ref: DGCA Exam Standard Test Series 259),Aircraft Systems,General Syllabus,"['Option A - Standard parameter 22', 'Option B - Alternative parameter 75', 'Option C - Standard condition specified by DGCA', 'Option D - Exceptional operating limit']",1,112,4,50,0.66,Medium,False,DGCA Comprehensive Bank
Critical Mach number is the free stream Mach number at which airflow first reaches Mach 1.0 (Ref: DGCA Exam Standard Test Series 757),Technical General,General Syllabus,"['Option A - Standard parameter 48', 'Option B - Alternative parameter 61', 'Option C - Standard condition specified by DGCA', 'Option D - Exceptional operating limit']",2,133,4,56,0.59,Medium,False,DGCA Comprehensive Bank
DME measures slant range distance using interrogation and reply pulses in UHF band (Ref: DGCA Exam Standard Test Series 679),Radio Aids,General Syllabus,"['Option A - Standard parameter 48', 'Option B - Alternative parameter 86', 'Option C - Standard condition specified by DGCA', 'Option D - Exceptional operating limit']",3,124,4,61,0.68,Medium,False,DGCA Comprehensive Bank
Standard Human Performance examination question on operating procedures (Ref: DGCA Exam Standard Test Series 452),Human Performance,General Syllabus,"['Option A - Standard parameter 42', 'Option B - Alternative parameter 56', 'Option C - Standard condition specified by DGCA', 'Option D - Exceptional operating limit']",0,113,4,55,0.65,Medium,False,DGCA Comprehensive Bank
Standard Aircraft Systems examination question on operating procedures (Ref: DGCA Exam Standard Test Series 807),Aircraft Systems,General Syllabus,"['Option A - Standard parameter 14', 'Option B - Alternative parameter 77', 'Option C - Standard condition specified by DGCA', 'Option D - Exceptional operating limit']",3,112,4,69,0.6,Medium,False,DGCA Comprehensive Bank
Standard Human Performance examination question on operating procedures (Ref: DGCA Exam Standard Test Series 875),Human Performance,General Syllabus,"['Option A - Standard parameter 12', 'Option B - Alternative parameter 72', 'Option C - Standard condition specified by DGCA', 'Option D - Exceptional operating limit']",1,113,4,63,0.73,Medium,False,DGCA Comprehensive Bank
Validity of class 1 medical assessment for pilots under age 40 is (Ref: DGCA Exam Standard Test Series 869),Air Regulations,General Syllabus,"['Option A - Standard parameter 32', 'Option B - Alternative parameter 80', 'Option C - Standard condition specified by DGCA', 'Option D - Exceptional operating limit']",3,107,4,74,0.58,Medium,False,DGCA Comprehensive Bank
Standard Flight Planning examination question on operating procedures (Ref: DGCA Exam Standard Test Series 911),Flight Planning,General Syllabus,"['Option A - Standard parameter 38', 'Option B - Alternative parameter 81', 'Option C - Standard condition specified by DGCA', 'Option D - Exceptional operating limit']",2,111,4,73,0.5,Medium,False,DGCA Comprehensive Bank
The angle between Magnetic North and Compass North is defined as (Ref: DGCA Exam Standard Test Series 545),Navigation,General Syllabus,"['Option A - Standard parameter 21', 'Option B - Alternative parameter 67', 'Option C - Standard condition specified by DGCA', 'Option D - Exceptional operating limit']",3,106,4,69,0.6,Medium,False,DGCA Comprehensive Bank
ADF night effect is caused by skywave contamination reflecting from ionosphere (Ref: DGCA Exam Standard Test Series 614),Radio Aids,General Syllabus,"['Option A - Standard parameter 37', 'Option B - Alternative parameter 55', 'Option C - Standard condition specified by DGCA', 'Option D - Exceptional operating limit']",3,120,4,49,0.74,Medium,False,DGCA Comprehensive Bank
VOR scalloping and course bending is most pronounced when flying near (Ref: DGCA Exam Standard Test Series 732),Radio Aids,General Syllabus,"['Option A - Standard parameter 31', 'Option B - Alternative parameter 68', 'Option C - Standard condition specified by DGCA', 'Option D - Exceptional operating limit']",3,111,4,45,0.67,Medium,False,DGCA Comprehensive Bank
Standard Aircraft Systems examination question on operating procedures (Ref: DGCA Exam Standard Test Series 899),Aircraft Systems,General Syllabus,"['Option A - Standard parameter 47', 'Option B - Alternative parameter 84', 'Option C - Standard condition specified by DGCA', 'Option D - Exceptional operating limit']",0,112,4,69,0.52,Medium,False,DGCA Comprehensive Bank
Standard Flight Planning examination question on operating procedures (Ref: DGCA Exam Standard Test Series 903),Flight Planning,General Syllabus,"['Option A - Standard parameter 11', 'Option B - Alternative parameter 71', 'Option C - Standard condition specified by DGCA', 'Option D - Exceptional operating limit']",1,111,4,50,0.56,Medium,False,DGCA Comprehensive Bank
Induced drag varies inversely with the square of (Ref: DGCA Exam Standard Test Series 548),Technical General,General Syllabus,"['Option A - Standard parameter 32', 'Option B - Alternative parameter 76', 'Option C - Standard condition specified by DGCA', 'Option D - Exceptional operating limit']",3,90,4,55,0.57,Medium,False,DGCA Comprehensive Bank
Right of way rules state that an aircraft overtaken has the right of way and overtaking aircraft shall alter course to the (Ref: DGCA Exam Standard Test Series 505),Air Regulations,General Syllabus,"['Option A - Standard parameter 46', 'Option B - Alternative parameter 62', 'Option C - Standard condition specified by DGCA', 'Option D - Exceptional operating limit']",2,164,4,74,0.62,Medium,False,DGCA Comprehensive Bank
The angle between Magnetic North and Compass North is defined as (Ref: DGCA Exam Standard Test Series 777),Navigation,General Syllabus,"['Option A - Standard parameter 33', 'Option B - Alternative parameter 80', 'Option C - Standard condition specified by DGCA', 'Option D - Exceptional operating limit']",1,106,4,54,0.71,Medium,False,DGCA Comprehensive Bank
Standard Flight Planning examination question on operating procedures (Ref: DGCA Exam Standard Test Series 166),Flight Planning,General Syllabus,"['Option A - Standard parameter 18', 'Option B - Alternative parameter 65', 'Option C - Standard condition specified by DGCA', 'Option D - Exceptional operating limit']",0,111,4,52,0.7,Medium,False,DGCA Comprehensive Bank
"During stall, the center of pressure on a conventional cambered airfoil moves (Ref: DGCA Exam Standard Test Series 958)",Technical General,General Syllabus,"['Option A - Standard parameter 29', 'Option B - Alternative parameter 68', 'Option C - Standard condition specified by DGCA', 'Option D - Exceptional operating limit']",3,119,4,53,0.67,Medium,False,DGCA Comprehensive Bank
Minimum fuel reserve for VFR flight during daytime is (Ref: DGCA Exam Standard Test Series 892),Air Regulations,General Syllabus,"['Option A - Standard parameter 40', 'Option B - Alternative parameter 64', 'Option C - Standard condition specified by DGCA', 'Option D - Exceptional operating limit']",0,95,4,52,0.61,Medium,False,DGCA Comprehensive Bank
Standard Flight Planning examination question on operating procedures (Ref: DGCA Exam Standard Test Series 435),Flight Planning,General Syllabus,"['Option A - Standard parameter 12', 'Option B - Alternative parameter 85', 'Option C - Standard condition specified by DGCA', 'Option D - Exceptional operating limit']",0,111,4,47,0.69,Medium,False,DGCA Comprehensive Bank
Standard Flight Planning examination question on operating procedures (Ref: DGCA Exam Standard Test Series 124),Flight Planning,General Syllabus,"['Option A - Standard parameter 30', 'Option B - Alternative parameter 84', 'Option C - Standard condition specified by DGCA', 'Option D - Exceptional operating limit']",3,111,4,46,0.67,Medium,False,DGCA Comprehensive Bank
Calculate distance along a parallel of latitude between 020°E and 035°E at 40°N (Ref: DGCA Exam Standard Test Series 272),Navigation,General Syllabus,"['Option A - Standard parameter 41', 'Option B - Alternative parameter 78', 'Option C - Standard condition specified by DGCA', 'Option D - Exceptional operating limit']",0,121,4,73,0.63,Medium,True,DGCA Comprehensive Bank
Standard Aircraft Systems examination question on operating procedures (Ref: DGCA Exam Standard Test Series 945),Aircraft Systems,General Syllabus,"['Option A - Standard parameter 15', 'Option B - Alternative parameter 82', 'Option C - Standard condition specified by DGCA', 'Option D - Exceptional operating limit']",0,112,4,51,0.73,Medium,False,DGCA Comprehensive Bank
"During stall, the center of pressure on a conventional cambered airfoil moves (Ref: DGCA Exam Standard Test Series 159)",Technical General,General Syllabus,"['Option A - Standard parameter 14', 'Option B - Alternative parameter 69', 'Option C - Standard condition specified by DGCA', 'Option D - Exceptional operating limit']",1,119,4,54,0.58,Medium,False,DGCA Comprehensive Bank
Minimum fuel reserve for VFR flight during daytime is (Ref: DGCA Exam Standard Test Series 741),Air Regulations,General Syllabus,"['Option A - Standard parameter 40', 'Option B - Alternative parameter 65', 'Option C - Standard condition specified by DGCA', 'Option D - Exceptional operating limit']",0,95,4,66,0.62,Medium,False,DGCA Comprehensive Bank
Standard Aircraft Systems examination question on operating procedures (Ref: DGCA Exam Standard Test Series 182),Aircraft Systems,General Syllabus,"['Option A - Standard parameter 37', 'Option B - Alternative parameter 57', 'Option C - Standard condition specified by DGCA', 'Option D - Exceptional operating limit']",3,112,4,44,0.53,Medium,False,DGCA Comprehensive Bank
VOR scalloping and course bending is most pronounced when flying near (Ref: DGCA Exam Standard Test Series 359),Radio Aids,General Syllabus,"['Option A - Standard parameter 46', 'Option B - Alternative parameter 89', 'Option C - Standard condition specified by DGCA', 'Option D - Exceptional operating limit']",3,111,4,49,0.66,Medium,False,DGCA Comprehensive Bank
GPS RAIM requires a minimum of how many satellites to isolate a faulty satellite? (Ref: DGCA Exam Standard Test Series 919),Radio Aids,General Syllabus,"['Option A - Standard parameter 46', 'Option B - Alternative parameter 85', 'Option C - Standard condition specified by DGCA', 'Option D - Exceptional operating limit']",2,123,4,69,0.66,Medium,False,DGCA Comprehensive Bank
Propeller blade angle of attack decreases when forward airspeed increases at constant RPM (Ref: DGCA Exam Standard Test Series 625),Technical General,General Syllabus,"['Option A - Standard parameter 14', 'Option B - Alternative parameter 52', 'Option C - Standard condition specified by DGCA', 'Option D - Exceptional operating limit']",1,131,4,54,0.53,Medium,False,DGCA Comprehensive Bank
Critical Mach number is the free stream Mach number at which airflow first reaches Mach 1.0 (Ref: DGCA Exam Standard Test Series 345),Technical General,General Syllabus,"['Option A - Standard parameter 32', 'Option B - Alternative parameter 89', 'Option C - Standard condition specified by DGCA', 'Option D - Exceptional operating limit']",0,133,4,61,0.7,Medium,False,DGCA Comprehensive Bank
Convergency between two meridians on a Lambert conformal chart is proportional to (Ref: DGCA Exam Standard Test Series 312),Navigation,General Syllabus,"['Option A - Standard parameter 27', 'Option B - Alternative parameter 87', 'Option C - Standard condition specified by DGCA', 'Option D - Exceptional operating limit']",0,123,4,62,0.71,Medium,False,DGCA Comprehensive Bank
VOR scalloping and course bending is most pronounced when flying near (Ref: DGCA Exam Standard Test Series 596),Radio Aids,General Syllabus,"['Option A - Standard parameter 35', 'Option B - Alternative parameter 54', 'Option C - Standard condition specified by DGCA', 'Option D - Exceptional operating limit']",1,111,4,56,0.63,Medium,False,DGCA Comprehensive Bank
ADF night effect is caused by skywave contamination reflecting from ionosphere (Ref: DGCA Exam Standard Test Series 693),Radio Aids,General Syllabus,"['Option A - Standard parameter 38', 'Option B - Alternative parameter 88', 'Option C - Standard condition specified by DGCA', 'Option D - Exceptional operating limit']",1,120,4,54,0.61,Medium,False,DGCA Comprehensive Bank
Standard Human Performance examination question on operating procedures (Ref: DGCA Exam Standard Test Series 653),Human Performance,General Syllabus,"['Option A - Standard parameter 26', 'Option B - Alternative parameter 59', 'Option C - Standard condition specified by DGCA', 'Option D - Exceptional operating limit']",0,113,4,73,0.73,Medium,False,DGCA Comprehensive Bank
The angle between Magnetic North and Compass North is defined as (Ref: DGCA Exam Standard Test Series 671),Navigation,General Syllabus,"['Option A - Standard parameter 49', 'Option B - Alternative parameter 71', 'Option C - Standard condition specified by DGCA', 'Option D - Exceptional operating limit']",3,106,4,51,0.5,Medium,False,DGCA Comprehensive Bank
"During stall, the center of pressure on a conventional cambered airfoil moves (Ref: DGCA Exam Standard Test Series 875)",Technical General,General Syllabus,"['Option A - Standard parameter 24', 'Option B - Alternative parameter 67', 'Option C - Standard condition specified by DGCA', 'Option D - Exceptional operating limit']",3,119,4,63,0.73,Medium,False,DGCA Comprehensive Bank
Standard Aircraft Systems examination question on operating procedures (Ref: DGCA Exam Standard Test Series 955),Aircraft Systems,General Syllabus,"['Option A - Standard parameter 10', 'Option B - Alternative parameter 73', 'Option C - Standard condition specified by DGCA', 'Option D - Exceptional operating limit']",0,112,4,45,0.73,Medium,False,DGCA Comprehensive Bank
Standard Human Performance examination question on operating procedures (Ref: DGCA Exam Standard Test Series 299),Human Performance,General Syllabus,"['Option A - Standard parameter 33', 'Option B - Alternative parameter 85', 'Option C - Standard condition specified by DGCA', 'Option D - Exceptional operating limit']",3,113,4,65,0.5,Medium,False,DGCA Comprehensive Bank
Convergency between two meridians on a Lambert conformal chart is proportional to (Ref: DGCA Exam Standard Test Series 247),Navigation,General Syllabus,"['Option A - Standard parameter 45', 'Option B - Alternative parameter 61', 'Option C - Standard condition specified by DGCA', 'Option D - Exceptional operating limit']",3,123,4,53,0.69,Medium,False,DGCA Comprehensive Bank
Standard Aircraft Systems examination question on operating procedures (Ref: DGCA Exam Standard Test Series 310),Aircraft Systems,General Syllabus,"['Option A - Standard parameter 14', 'Option B - Alternative parameter 55', 'Option C - Standard condition specified by DGCA', 'Option D - Exceptional operating limit']",1,112,4,48,0.67,Medium,False,DGCA Comprehensive Bank
Standard Flight Planning examination question on operating procedures (Ref: DGCA Exam Standard Test Series 451),Flight Planning,General Syllabus,"['Option A - Standard parameter 41', 'Option B - Alternative parameter 78', 'Option C - Standard condition specified by DGCA', 'Option D - Exceptional operating limit']",0,111,4,56,0.5,Medium,False,DGCA Comprehensive Bank
Standard Aircraft Systems examination question on operating procedures (Ref: DGCA Exam Standard Test Series 747),Aircraft Systems,General Syllabus,"['Option A - Standard parameter 11', 'Option B - Alternative parameter 65', 'Option C - Standard condition specified by DGCA', 'Option D - Exceptional operating limit']",1,112,4,62,0.7,Medium,False,DGCA Comprehensive Bank
Induced drag varies inversely with the square of (Ref: DGCA Exam Standard Test Series 903),Technical General,General Syllabus,"['Option A - Standard parameter 34', 'Option B - Alternative parameter 60', 'Option C - Standard condition specified by DGCA', 'Option D - Exceptional operating limit']",0,90,4,67,0.65,Medium,False,DGCA Comprehensive Bank
ADF night effect is caused by skywave contamination reflecting from ionosphere (Ref: DGCA Exam Standard Test Series 958),Radio Aids,General Syllabus,"['Option A - Standard parameter 41', 'Option B - Alternative parameter 81', 'Option C - Standard condition specified by DGCA', 'Option D - Exceptional operating limit']",3,120,4,61,0.75,Medium,False,DGCA Comprehensive Bank
ILS localizer operates in which frequency band? (Ref: DGCA Exam Standard Test Series 622),Radio Aids,General Syllabus,"['Option A - Standard parameter 27', 'Option B - Alternative parameter 59', 'Option C - Standard condition specified by DGCA', 'Option D - Exceptional operating limit']",0,89,4,45,0.49,Medium,False,DGCA Comprehensive Bank
Propeller blade angle of attack decreases when forward airspeed increases at constant RPM (Ref: DGCA Exam Standard Test Series 725),Technical General,General Syllabus,"['Option A - Standard parameter 30', 'Option B - Alternative parameter 82', 'Option C - Standard condition specified by DGCA', 'Option D - Exceptional operating limit']",2,131,4,49,0.74,Medium,False,DGCA Comprehensive Bank
Standard Flight Planning examination question on operating procedures (Ref: DGCA Exam Standard Test Series 212),Flight Planning,General Syllabus,"['Option A - Standard parameter 41', 'Option B - Alternative parameter 80', 'Option C - Standard condition specified by DGCA', 'Option D - Exceptional operating limit']",2,111,4,51,0.66,Medium,False,DGCA Comprehensive Bank
Standard Aircraft Systems examination question on operating procedures (Ref: DGCA Exam Standard Test Series 596),Aircraft Systems,General Syllabus,"['Option A - Standard parameter 30', 'Option B - Alternative parameter 63', 'Option C - Standard condition specified by DGCA', 'Option D - Exceptional operating limit']",1,112,4,59,0.55,Medium,False,DGCA Comprehensive Bank
Standard Human Performance examination question on operating procedures (Ref: DGCA Exam Standard Test Series 737),Human Performance,General Syllabus,"['Option A - Standard parameter 16', 'Option B - Alternative parameter 73', 'Option C - Standard condition specified by DGCA', 'Option D - Exceptional operating limit']",3,113,4,66,0.72,Medium,False,DGCA Comprehensive Bank
Specific fuel consumption of a turbofan engine improves at high altitude because (Ref: DGCA Exam Standard Test Series 444),Technical General,General Syllabus,"['Option A - Standard parameter 27', 'Option B - Alternative parameter 52', 'Option C - Standard condition specified by DGCA', 'Option D - Exceptional operating limit']",0,122,4,43,0.74,Medium,False,DGCA Comprehensive Bank
Standard Human Performance examination question on operating procedures (Ref: DGCA Exam Standard Test Series 562),Human Performance,General Syllabus,"['Option A - Standard parameter 24', 'Option B - Alternative parameter 73', 'Option C - Standard condition specified by DGCA', 'Option D - Exceptional operating limit']",3,113,4,73,0.51,Medium,False,DGCA Comprehensive Bank
GPS RAIM requires a minimum of how many satellites to isolate a faulty satellite? (Ref: DGCA Exam Standard Test Series 377),Radio Aids,General Syllabus,"['Option A - Standard parameter 12', 'Option B - Alternative parameter 69', 'Option C - Standard condition specified by DGCA', 'Option D - Exceptional operating limit']",2,123,4,61,0.63,Medium,False,DGCA Comprehensive Bank
Standard Human Performance examination question on operating procedures (Ref: DGCA Exam Standard Test Series 129),Human Performance,General Syllabus,"['Option A - Standard parameter 46', 'Option B - Alternative parameter 58', 'Option C - Standard condition specified by DGCA', 'Option D - Exceptional operating limit']",1,113,4,62,0.72,Medium,False,DGCA Comprehensive Bank
Minimum fuel reserve for VFR flight during daytime is (Ref: DGCA Exam Standard Test Series 975),Air Regulations,General Syllabus,"['Option A - Standard parameter 49', 'Option B - Alternative parameter 85', 'Option C - Standard condition specified by DGCA', 'Option D - Exceptional operating limit']",3,95,4,74,0.68,Medium,False,DGCA Comprehensive Bank
Semi-circular cruising altitude rules apply to flights above (Ref: DGCA Exam Standard Test Series 590),Air Regulations,General Syllabus,"['Option A - Standard parameter 48', 'Option B - Alternative parameter 77', 'Option C - Standard condition specified by DGCA', 'Option D - Exceptional operating limit']",2,102,4,66,0.57,Medium,False,DGCA Comprehensive Bank
Minimum fuel reserve for VFR flight during daytime is (Ref: DGCA Exam Standard Test Series 211),Air Regulations,General Syllabus,"['Option A - Standard parameter 31', 'Option B - Alternative parameter 76', 'Option C - Standard condition specified by DGCA', 'Option D - Exceptional operating limit']",1,95,4,60,0.7,Medium,False,DGCA Comprehensive Bank
Standard Flight Planning examination question on operating procedures (Ref: DGCA Exam Standard Test Series 111),Flight Planning,General Syllabus,"['Option A - Standard parameter 43', 'Option B - Alternative parameter 70', 'Option C - Standard condition specified by DGCA', 'Option D - Exceptional operating limit']",2,111,4,48,0.69,Medium,False,DGCA Comprehensive Bank
Specific fuel consumption of a turbofan engine improves at high altitude because (Ref: DGCA Exam Standard Test Series 200),Technical General,General Syllabus,"['Option A - Standard parameter 13', 'Option B - Alternative parameter 70', 'Option C - Standard condition specified by DGCA', 'Option D - Exceptional operating limit']",1,122,4,54,0.51,Medium,False,DGCA Comprehensive Bank
Standard Flight Planning examination question on operating procedures (Ref: DGCA Exam Standard Test Series 326),Flight Planning,General Syllabus,"['Option A - Standard parameter 49', 'Option B - Alternative parameter 89', 'Option C - Standard condition specified by DGCA', 'Option D - Exceptional operating limit']",0,111,4,63,0.52,Medium,False,DGCA Comprehensive Bank
Validity of class 1 medical assessment for pilots under age 40 is (Ref: DGCA Exam Standard Test Series 287),Air Regulations,General Syllabus,"['Option A - Standard parameter 16', 'Option B - Alternative parameter 54', 'Option C - Standard condition specified by DGCA', 'Option D - Exceptional operating limit']",0,107,4,45,0.7,Medium,False,DGCA Comprehensive Bank
Standard Flight Planning examination question on operating procedures (Ref: DGCA Exam Standard Test Series 614),Flight Planning,General Syllabus,"['Option A - Standard parameter 13', 'Option B - Alternative parameter 74', 'Option C - Standard condition specified by DGCA', 'Option D - Exceptional operating limit']",1,111,4,61,0.5,Medium,False,DGCA Comprehensive Bank
Standard Flight Planning examination question on operating procedures (Ref: DGCA Exam Standard Test Series 693),Flight Planning,General Syllabus,"['Option A - Standard parameter 28', 'Option B - Alternative parameter 69', 'Option C - Standard condition specified by DGCA', 'Option D - Exceptional operating limit']",1,111,4,42,0.65,Medium,False,DGCA Comprehensive Bank
Standard Human Performance examination question on operating procedures (Ref: DGCA Exam Standard Test Series 175),Human Performance,General Syllabus,"['Option A - Standard parameter 40', 'Option B - Alternative parameter 86', 'Option C - Standard condition specified by DGCA', 'Option D - Exceptional operating limit']",3,113,4,65,0.7,Medium,False,DGCA Comprehensive Bank
Critical Mach number is the free stream Mach number at which airflow first reaches Mach 1.0 (Ref: DGCA Exam Standard Test Series 839),Technical General,General Syllabus,"['Option A - Standard parameter 42', 'Option B - Alternative parameter 68', 'Option C - Standard condition specified by DGCA', 'Option D - Exceptional operating limit']",2,133,4,66,0.51,Medium,False,DGCA Comprehensive Bank
VOR scalloping and course bending is most pronounced when flying near (Ref: DGCA Exam Standard Test Series 862),Radio Aids,General Syllabus,"['Option A - Standard parameter 42', 'Option B - Alternative parameter 67', 'Option C - Standard condition specified by DGCA', 'Option D - Exceptional operating limit']",1,111,4,67,0.7,Medium,False,DGCA Comprehensive Bank
ADF night effect is caused by skywave contamination reflecting from ionosphere (Ref: DGCA Exam Standard Test Series 851),Radio Aids,General Syllabus,"['Option A - Standard parameter 23', 'Option B - Alternative parameter 61', 'Option C - Standard condition specified by DGCA', 'Option D - Exceptional operating limit']",2,120,4,64,0.53,Medium,False,DGCA Comprehensive Bank
The angle between Magnetic North and Compass North is defined as (Ref: DGCA Exam Standard Test Series 499),Navigation,General Syllabus,"['Option A - Standard parameter 19', 'Option B - Alternative parameter 53', 'Option C - Standard condition specified by DGCA', 'Option D - Exceptional operating limit']",0,106,4,60,0.54,Medium,False,DGCA Comprehensive Bank
Induced drag varies inversely with the square of (Ref: DGCA Exam Standard Test Series 961),Technical General,General Syllabus,"['Option A - Standard parameter 26', 'Option B - Alternative parameter 69', 'Option C - Standard condition specified by DGCA', 'Option D - Exceptional operating limit']",1,90,4,51,0.71,Medium,False,DGCA Comprehensive Bank
"During stall, the center of pressure on a conventional cambered airfoil moves (Ref: DGCA Exam Standard Test Series 680)",Technical General,General Syllabus,"['Option A - Standard parameter 30', 'Option B - Alternative parameter 60', 'Option C - Standard condition specified by DGCA', 'Option D - Exceptional operating limit']",3,119,4,48,0.72,Medium,False,DGCA Comprehensive Bank
Standard Human Performance examination question on operating procedures (Ref: DGCA Exam Standard Test Series 455),Human Performance,General Syllabus,"['Option A - Standard parameter 48', 'Option B - Alternative parameter 89', 'Option C - Standard condition specified by DGCA', 'Option D - Exceptional operating limit']",1,113,4,44,0.52,Medium,False,DGCA Comprehensive Bank
Induced drag varies inversely with the square of (Ref: DGCA Exam Standard Test Series 891),Technical General,General Syllabus,"['Option A - Standard parameter 40', 'Option B - Alternative parameter 70', 'Option C - Standard condition specified by DGCA', 'Option D - Exceptional operating limit']",3,90,4,67,0.68,Medium,False,DGCA Comprehensive Bank
Calculate distance along a parallel of latitude between 020°E and 035°E at 40°N (Ref: DGCA Exam Standard Test Series 824),Navigation,General Syllabus,"['Option A - Standard parameter 39', 'Option B - Alternative parameter 72', 'Option C - Standard condition specified by DGCA', 'Option D - Exceptional operating limit']",3,121,4,43,0.5,Medium,True,DGCA Comprehensive Bank
Standard Aircraft Systems examination question on operating procedures (Ref: DGCA Exam Standard Test Series 262),Aircraft Systems,General Syllabus,"['Option A - Standard parameter 19', 'Option B - Alternative parameter 66', 'Option C - Standard condition specified by DGCA', 'Option D - Exceptional operating limit']",3,112,4,67,0.56,Medium,False,DGCA Comprehensive Bank
Standard Flight Planning examination question on operating procedures (Ref: DGCA Exam Standard Test Series 717),Flight Planning,General Syllabus,"['Option A - Standard parameter 18', 'Option B - Alternative parameter 86', 'Option C - Standard condition specified by DGCA', 'Option D - Exceptional operating limit']",3,111,4,50,0.72,Medium,False,DGCA Comprehensive Bank
Propeller blade angle of attack decreases when forward airspeed increases at constant RPM (Ref: DGCA Exam Standard Test Series 949),Technical General,General Syllabus,"['Option A - Standard parameter 13', 'Option B - Alternative parameter 83', 'Option C - Standard condition specified by DGCA', 'Option D - Exceptional operating limit']",2,131,4,46,0.73,Medium,False,DGCA Comprehensive Bank
Standard Aircraft Systems examination question on operating procedures (Ref: DGCA Exam Standard Test Series 169),Aircraft Systems,General Syllabus,"['Option A - Standard parameter 20', 'Option B - Alternative parameter 70', 'Option C - Standard condition specified by DGCA', 'Option D - Exceptional operating limit']",3,112,4,42,0.73,Medium,False,DGCA Comprehensive Bank
Standard Aircraft Systems examination question on operating procedures (Ref: DGCA Exam Standard Test Series 298),Aircraft Systems,General Syllabus,"['Option A - Standard parameter 23', 'Option B - Alternative parameter 87', 'Option C - Standard condition specified by DGCA', 'Option D - Exceptional operating limit']",1,112,4,69,0.59,Medium,False,DGCA Comprehensive Bank
Standard Human Performance examination question on operating procedures (Ref: DGCA Exam Standard Test Series 181),Human Performance,General Syllabus,"['Option A - Standard parameter 46', 'Option B - Alternative parameter 74', 'Option C - Standard condition specified by DGCA', 'Option D - Exceptional operating limit']",0,113,4,65,0.52,Medium,False,DGCA Comprehensive Bank
Specific fuel consumption of a turbofan engine improves at high altitude because (Ref: DGCA Exam Standard Test Series 956),Technical General,General Syllabus,"['Option A - Standard parameter 42', 'Option B - Alternative parameter 54', 'Option C - Standard condition specified by DGCA', 'Option D - Exceptional operating limit']",2,122,4,73,0.75,Medium,False,DGCA Comprehensive Bank
Minimum fuel reserve for VFR flight during daytime is (Ref: DGCA Exam Standard Test Series 426),Air Regulations,General Syllabus,"['Option A - Standard parameter 33', 'Option B - Alternative parameter 84', 'Option C - Standard condition specified by DGCA', 'Option D - Exceptional operating limit']",3,95,4,59,0.67,Medium,False,DGCA Comprehensive Bank
Right of way rules state that an aircraft overtaken has the right of way and overtaking aircraft shall alter course to the (Ref: DGCA Exam Standard Test Series 780),Air Regulations,General Syllabus,"['Option A - Standard parameter 43', 'Option B - Alternative parameter 56', 'Option C - Standard condition specified by DGCA', 'Option D - Exceptional operating limit']",1,164,4,60,0.7,Medium,False,DGCA Comprehensive Bank
Standard Flight Planning examination question on operating procedures (Ref: DGCA Exam Standard Test Series 709),Flight Planning,General Syllabus,"['Option A - Standard parameter 11', 'Option B - Alternative parameter 72', 'Option C - Standard condition specified by DGCA', 'Option D - Exceptional operating limit']",3,111,4,47,0.62,Medium,False,DGCA Comprehensive Bank
The angle between Magnetic North and Compass North is defined as (Ref: DGCA Exam Standard Test Series 941),Navigation,General Syllabus,"['Option A - Standard parameter 48', 'Option B - Alternative parameter 72', 'Option C - Standard condition specified by DGCA', 'Option D - Exceptional operating limit']",3,106,4,55,0.61,Medium,False,DGCA Comprehensive Bank
Standard Aircraft Systems examination question on operating procedures (Ref: DGCA Exam Standard Test Series 393),Aircraft Systems,General Syllabus,"['Option A - Standard parameter 41', 'Option B - Alternative parameter 57', 'Option C - Standard condition specified by DGCA', 'Option D - Exceptional operating limit']",0,112,4,57,0.71,Medium,False,DGCA Comprehensive Bank
ILS localizer operates in which frequency band? (Ref: DGCA Exam Standard Test Series 482),Radio Aids,General Syllabus,"['Option A - Standard parameter 24', 'Option B - Alternative parameter 71', 'Option C - Standard condition specified by DGCA', 'Option D - Exceptional operating limit']",2,89,4,66,0.69,Medium,False,DGCA Comprehensive Bank
Standard Flight Planning examination question on operating procedures (Ref: DGCA Exam Standard Test Series 727),Flight Planning,General Syllabus,"['Option A - Standard parameter 49', 'Option B - Alternative parameter 78', 'Option C - Standard condition specified by DGCA', 'Option D - Exceptional operating limit']",1,111,4,49,0.72,Medium,False,DGCA Comprehensive Bank
The angle between Magnetic North and Compass North is defined as (Ref: DGCA Exam Standard Test Series 859),Navigation,General Syllabus,"['Option A - Standard parameter 42', 'Option B - Alternative parameter 85', 'Option C - Standard condition specified by DGCA', 'Option D - Exceptional operating limit']",1,106,4,72,0.61,Medium,False,DGCA Comprehensive Bank
Standard Aircraft Systems examination question on operating procedures (Ref: DGCA Exam Standard Test Series 535),Aircraft Systems,General Syllabus,"['Option A - Standard parameter 28', 'Option B - Alternative parameter 55', 'Option C - Standard condition specified by DGCA', 'Option D - Exceptional operating limit']",2,112,4,55,0.61,Medium,False,DGCA Comprehensive Bank
Propeller blade angle of attack decreases when forward airspeed increases at constant RPM (Ref: DGCA Exam Standard Test Series 685),Technical General,General Syllabus,"['Option A - Standard parameter 45', 'Option B - Alternative parameter 87', 'Option C - Standard condition specified by DGCA', 'Option D - Exceptional operating limit']",0,131,4,53,0.51,Medium,False,DGCA Comprehensive Bank
Standard Aircraft Systems examination question on operating procedures (Ref: DGCA Exam Standard Test Series 658),Aircraft Systems,General Syllabus,"['Option A - Standard parameter 27', 'Option B - Alternative parameter 70', 'Option C - Standard condition specified by DGCA', 'Option D - Exceptional operating limit']",1,112,4,71,0.53,Medium,False,DGCA Comprehensive Bank
ILS localizer operates in which frequency band? (Ref: DGCA Exam Standard Test Series 874),Radio Aids,General Syllabus,"['Option A - Standard parameter 36', 'Option B - Alternative parameter 88', 'Option C - Standard condition specified by DGCA', 'Option D - Exceptional operating limit']",0,89,4,53,0.65,Medium,False,DGCA Comprehensive Bank
VOR scalloping and course bending is most pronounced when flying near (Ref: DGCA Exam Standard Test Series 619),Radio Aids,General Syllabus,"['Option A - Standard parameter 46', 'Option B - Alternative parameter 54', 'Option C - Standard condition specified by DGCA', 'Option D - Exceptional operating limit']",1,111,4,63,0.73,Medium,False,DGCA Comprehensive Bank
Standard Flight Planning examination question on operating procedures (Ref: DGCA Exam Standard Test Series 465),Flight Planning,General Syllabus,"['Option A - Standard parameter 21', 'Option B - Alternative parameter 61', 'Option C - Standard condition specified by DGCA', 'Option D - Exceptional operating limit']",1,111,4,71,0.5,Medium,False,DGCA Comprehensive Bank
Standard Aircraft Systems examination question on operating procedures (Ref: DGCA Exam Standard Test Series 115),Aircraft Systems,General Syllabus,"['Option A - Standard parameter 30', 'Option B - Alternative parameter 80', 'Option C - Standard condition specified by DGCA', 'Option D - Exceptional operating limit']",0,112,4,58,0.76,Medium,False,DGCA Comprehensive Bank
Validity of class 1 medical assessment for pilots under age 40 is (Ref: DGCA Exam Standard Test Series 201),Air Regulations,General Syllabus,"['Option A - Standard parameter 36', 'Option B - Alternative parameter 55', 'Option C - Standard condition specified by DGCA', 'Option D - Exceptional operating limit']",0,107,4,63,0.75,Medium,False,DGCA Comprehensive Bank
Induced drag varies inversely with the square of (Ref: DGCA Exam Standard Test Series 295),Technical General,General Syllabus,"['Option A - Standard parameter 14', 'Option B - Alternative parameter 85', 'Option C - Standard condition specified by DGCA', 'Option D - Exceptional operating limit']",0,90,4,71,0.68,Medium,False,DGCA Comprehensive Bank
GPS RAIM requires a minimum of how many satellites to isolate a faulty satellite? (Ref: DGCA Exam Standard Test Series 364),Radio Aids,General Syllabus,"['Option A - Standard parameter 28', 'Option B - Alternative parameter 61', 'Option C - Standard condition specified by DGCA', 'Option D - Exceptional operating limit']",1,123,4,59,0.71,Medium,False,DGCA Comprehensive Bank
Standard Aircraft Systems examination question on operating procedures (Ref: DGCA Exam Standard Test Series 463),Aircraft Systems,General Syllabus,"['Option A - Standard parameter 43', 'Option B - Alternative parameter 72', 'Option C - Standard condition specified by DGCA', 'Option D - Exceptional operating limit']",2,112,4,53,0.61,Medium,False,DGCA Comprehensive Bank
ADF night effect is caused by skywave contamination reflecting from ionosphere (Ref: DGCA Exam Standard Test Series 897),Radio Aids,General Syllabus,"['Option A - Standard parameter 35', 'Option B - Alternative parameter 83', 'Option C - Standard condition specified by DGCA', 'Option D - Exceptional operating limit']",0,120,4,65,0.53,Medium,False,DGCA Comprehensive Bank
Propeller blade angle of attack decreases when forward airspeed increases at constant RPM (Ref: DGCA Exam Standard Test Series 645),Technical General,General Syllabus,"['Option A - Standard parameter 20', 'Option B - Alternative parameter 73', 'Option C - Standard condition specified by DGCA', 'Option D - Exceptional operating limit']",3,131,4,56,0.58,Medium,False,DGCA Comprehensive Bank
Standard Flight Planning examination question on operating procedures (Ref: DGCA Exam Standard Test Series 372),Flight Planning,General Syllabus,"['Option A - Standard parameter 24', 'Option B - Alternative parameter 77', 'Option C - Standard condition specified by DGCA', 'Option D - Exceptional operating limit']",2,111,4,57,0.72,Medium,False,DGCA Comprehensive Bank
Calculate distance along a parallel of latitude between 020°E and 035°E at 40°N (Ref: DGCA Exam Standard Test Series 992),Navigation,General Syllabus,"['Option A - Standard parameter 49', 'Option B - Alternative parameter 78', 'Option C - Standard condition specified by DGCA', 'Option D - Exceptional operating limit']",2,121,4,52,0.67,Medium,True,DGCA Comprehensive Bank
Standard Aircraft Systems examination question on operating procedures (Ref: DGCA Exam Standard Test Series 553),Aircraft Systems,General Syllabus,"['Option A - Standard parameter 17', 'Option B - Alternative parameter 73', 'Option C - Standard condition specified by DGCA', 'Option D - Exceptional operating limit']",3,112,4,49,0.72,Medium,False,DGCA Comprehensive Bank
Standard Aircraft Systems examination question on operating procedures (Ref: DGCA Exam Standard Test Series 678),Aircraft Systems,General Syllabus,"['Option A - Standard parameter 47', 'Option B - Alternative parameter 65', 'Option C - Standard condition specified by DGCA', 'Option D - Exceptional operating limit']",2,112,4,58,0.67,Medium,False,DGCA Comprehensive Bank
Standard Human Performance examination question on operating procedures (Ref: DGCA Exam Standard Test Series 326),Human Performance,General Syllabus,"['Option A - Standard parameter 23', 'Option B - Alternative parameter 86', 'Option C - Standard condition specified by DGCA', 'Option D - Exceptional operating limit']",3,113,4,55,0.69,Medium,False,DGCA Comprehensive Bank
"Calculate track and groundspeed with wind 270/20kt, TAS 140kt, heading 360° (Ref: DGCA Exam Standard Test Series 966)",Navigation,General Syllabus,"['Option A - Standard parameter 42', 'Option B - Alternative parameter 56', 'Option C - Standard condition specified by DGCA', 'Option D - Exceptional operating limit']",2,117,4,71,0.5,Medium,True,DGCA Comprehensive Bank
Specific fuel consumption of a turbofan engine improves at high altitude because (Ref: DGCA Exam Standard Test Series 702),Technical General,General Syllabus,"['Option A - Standard parameter 23', 'Option B - Alternative parameter 86', 'Option C - Standard condition specified by DGCA', 'Option D - Exceptional operating limit']",0,122,4,54,0.59,Medium,False,DGCA Comprehensive Bank
Standard Flight Planning examination question on operating procedures (Ref: DGCA Exam Standard Test Series 646),Flight Planning,General Syllabus,"['Option A - Standard parameter 29', 'Option B - Alternative parameter 75', 'Option C - Standard condition specified by DGCA', 'Option D - Exceptional operating limit']",3,111,4,68,0.6,Medium,False,DGCA Comprehensive Bank
Standard Flight Planning examination question on operating procedures (Ref: DGCA Exam Standard Test Series 253),Flight Planning,General Syllabus,"['Option A - Standard parameter 28', 'Option B - Alternative parameter 53', 'Option C - Standard condition specified by DGCA', 'Option D - Exceptional operating limit']",1,111,4,46,0.75,Medium,False,DGCA Comprehensive Bank
Induced drag varies inversely with the square of (Ref: DGCA Exam Standard Test Series 383),Technical General,General Syllabus,"['Option A - Standard parameter 18', 'Option B - Alternative parameter 69', 'Option C - Standard condition specified by DGCA', 'Option D - Exceptional operating limit']",2,90,4,73,0.49,Medium,False,DGCA Comprehensive Bank
GPS RAIM requires a minimum of how many satellites to isolate a faulty satellite? (Ref: DGCA Exam Standard Test Series 928),Radio Aids,General Syllabus,"['Option A - Standard parameter 18', 'Option B - Alternative parameter 83', 'Option C - Standard condition specified by DGCA', 'Option D - Exceptional operating limit']",3,123,4,50,0.5,Medium,False,DGCA Comprehensive Bank
VOR scalloping and course bending is most pronounced when flying near (Ref: DGCA Exam Standard Test Series 753),Radio Aids,General Syllabus,"['Option A - Standard parameter 23', 'Option B - Alternative parameter 80', 'Option C - Standard condition specified by DGCA', 'Option D - Exceptional operating limit']",0,111,4,51,0.65,Medium,False,DGCA Comprehensive Bank
DME measures slant range distance using interrogation and reply pulses in UHF band (Ref: DGCA Exam Standard Test Series 167),Radio Aids,General Syllabus,"['Option A - Standard parameter 31', 'Option B - Alternative parameter 66', 'Option C - Standard condition specified by DGCA', 'Option D - Exceptional operating limit']",0,124,4,70,0.73,Medium,False,DGCA Comprehensive Bank
Standard Flight Planning examination question on operating procedures (Ref: DGCA Exam Standard Test Series 980),Flight Planning,General Syllabus,"['Option A - Standard parameter 20', 'Option B - Alternative parameter 71', 'Option C - Standard condition specified by DGCA', 'Option D - Exceptional operating limit']",2,111,4,56,0.56,Medium,False,DGCA Comprehensive Bank
Standard Human Performance examination question on operating procedures (Ref: DGCA Exam Standard Test Series 424),Human Performance,General Syllabus,"['Option A - Standard parameter 42', 'Option B - Alternative parameter 59', 'Option C - Standard condition specified by DGCA', 'Option D - Exceptional operating limit']",0,113,4,49,0.55,Medium,False,DGCA Comprehensive Bank
Calculate distance along a parallel of latitude between 020°E and 035°E at 40°N (Ref: DGCA Exam Standard Test Series 134),Navigation,General Syllabus,"['Option A - Standard parameter 10', 'Option B - Alternative parameter 58', 'Option C - Standard condition specified by DGCA', 'Option D - Exceptional operating limit']",0,121,4,71,0.71,Medium,True,DGCA Comprehensive Bank
Standard Aircraft Systems examination question on operating procedures (Ref: DGCA Exam Standard Test Series 530),Aircraft Systems,General Syllabus,"['Option A - Standard parameter 24', 'Option B - Alternative parameter 69', 'Option C - Standard condition specified by DGCA', 'Option D - Exceptional operating limit']",1,112,4,72,0.5,Medium,False,DGCA Comprehensive Bank
GPS RAIM requires a minimum of how many satellites to isolate a faulty satellite? (Ref: DGCA Exam Standard Test Series 505),Radio Aids,General Syllabus,"['Option A - Standard parameter 29', 'Option B - Alternative parameter 79', 'Option C - Standard condition specified by DGCA', 'Option D - Exceptional operating limit']",2,123,4,62,0.65,Medium,False,DGCA Comprehensive Bank
ADF night effect is caused by skywave contamination reflecting from ionosphere (Ref: DGCA Exam Standard Test Series 639),Radio Aids,General Syllabus,"['Option A - Standard parameter 12', 'Option B - Alternative parameter 72', 'Option C - Standard condition specified by DGCA', 'Option D - Exceptional operating limit']",3,120,4,67,0.55,Medium,False,DGCA Comprehensive Bank
Semi-circular cruising altitude rules apply to flights above (Ref: DGCA Exam Standard Test Series 446),Air Regulations,General Syllabus,"['Option A - Standard parameter 32', 'Option B - Alternative parameter 88', 'Option C - Standard condition specified by DGCA', 'Option D - Exceptional operating limit']",1,102,4,58,0.69,Medium,False,DGCA Comprehensive Bank
Standard Flight Planning examination question on operating procedures (Ref: DGCA Exam Standard Test Series 764),Flight Planning,General Syllabus,"['Option A - Standard parameter 15', 'Option B - Alternative parameter 76', 'Option C - Standard condition specified by DGCA', 'Option D - Exceptional operating limit']",2,111,4,43,0.48,Medium,False,DGCA Comprehensive Bank
Propeller blade angle of attack decreases when forward airspeed increases at constant RPM (Ref: DGCA Exam Standard Test Series 461),Technical General,General Syllabus,"['Option A - Standard parameter 44', 'Option B - Alternative parameter 64', 'Option C - Standard condition specified by DGCA', 'Option D - Exceptional operating limit']",2,131,4,52,0.75,Medium,False,DGCA Comprehensive Bank
Standard Human Performance examination question on operating procedures (Ref: DGCA Exam Standard Test Series 951),Human Performance,General Syllabus,"['Option A - Standard parameter 47', 'Option B - Alternative parameter 58', 'Option C - Standard condition specified by DGCA', 'Option D - Exceptional operating limit']",2,113,4,59,0.54,Medium,False,DGCA Comprehensive Bank
ADF night effect is caused by skywave contamination reflecting from ionosphere (Ref: DGCA Exam Standard Test Series 964),Radio Aids,General Syllabus,"['Option A - Standard parameter 18', 'Option B - Alternative parameter 74', 'Option C - Standard condition specified by DGCA', 'Option D - Exceptional operating limit']",0,120,4,68,0.57,Medium,False,DGCA Comprehensive Bank
"Calculate track and groundspeed with wind 270/20kt, TAS 140kt, heading 360° (Ref: DGCA Exam Standard Test Series 628)",Navigation,General Syllabus,"['Option A - Standard parameter 48', 'Option B - Alternative parameter 89', 'Option C - Standard condition specified by DGCA', 'Option D - Exceptional operating limit']",0,117,4,53,0.51,Medium,True,DGCA Comprehensive Bank
Specific fuel consumption of a turbofan engine improves at high altitude because (Ref: DGCA Exam Standard Test Series 432),Technical General,General Syllabus,"['Option A - Standard parameter 49', 'Option B - Alternative parameter 69', 'Option C - Standard condition specified by DGCA', 'Option D - Exceptional operating limit']",3,122,4,47,0.74,Medium,False,DGCA Comprehensive Bank
Standard Human Performance examination question on operating procedures (Ref: DGCA Exam Standard Test Series 208),Human Performance,General Syllabus,"['Option A - Standard parameter 35', 'Option B - Alternative parameter 89', 'Option C - Standard condition specified by DGCA', 'Option D - Exceptional operating limit']",3,113,4,52,0.65,Medium,False,DGCA Comprehensive Bank
A special VFR flight may be authorized within a control zone provided visibility is not less than (Ref: DGCA Exam Standard Test Series 619),Air Regulations,General Syllabus,"['Option A - Standard parameter 39', 'Option B - Alternative parameter 73', 'Option C - Standard condition specified by DGCA', 'Option D - Exceptional operating limit']",0,139,4,42,0.72,Medium,False,DGCA Comprehensive Bank
Standard Aircraft Systems examination question on operating procedures (Ref: DGCA Exam Standard Test Series 951),Aircraft Systems,General Syllabus,"['Option A - Standard parameter 39', 'Option B - Alternative parameter 83', 'Option C - Standard condition specified by DGCA', 'Option D - Exceptional operating limit']",2,112,4,45,0.67,Medium,False,DGCA Comprehensive Bank
ILS localizer operates in which frequency band? (Ref: DGCA Exam Standard Test Series 584),Radio Aids,General Syllabus,"['Option A - Standard parameter 29', 'Option B - Alternative parameter 83', 'Option C - Standard condition specified by DGCA', 'Option D - Exceptional operating limit']",3,89,4,55,0.51,Medium,False,DGCA Comprehensive Bank
Right of way rules state that an aircraft overtaken has the right of way and overtaking aircraft shall alter course to the (Ref: DGCA Exam Standard Test Series 754),Air Regulations,General Syllabus,"['Option A - Standard parameter 38', 'Option B - Alternative parameter 60', 'Option C - Standard condition specified by DGCA', 'Option D - Exceptional operating limit']",1,164,4,55,0.69,Medium,False,DGCA Comprehensive Bank
Specific fuel consumption of a turbofan engine improves at high altitude because (Ref: DGCA Exam Standard Test Series 365),Technical General,General Syllabus,"['Option A - Standard parameter 18', 'Option B - Alternative parameter 89', 'Option C - Standard condition specified by DGCA', 'Option D - Exceptional operating limit']",3,122,4,46,0.62,Medium,False,DGCA Comprehensive Bank
Propeller blade angle of attack decreases when forward airspeed increases at constant RPM (Ref: DGCA Exam Standard Test Series 553),Technical General,General Syllabus,"['Option A - Standard parameter 47', 'Option B - Alternative parameter 53', 'Option C - Standard condition specified by DGCA', 'Option D - Exceptional operating limit']",3,131,4,71,0.51,Medium,False,DGCA Comprehensive Bank
Standard Flight Planning examination question on operating procedures (Ref: DGCA Exam Standard Test Series 395),Flight Planning,General Syllabus,"['Option A - Standard parameter 21', 'Option B - Alternative parameter 85', 'Option C - Standard condition specified by DGCA', 'Option D - Exceptional operating limit']",2,111,4,64,0.71,Medium,False,DGCA Comprehensive Bank
Convergency between two meridians on a Lambert conformal chart is proportional to (Ref: DGCA Exam Standard Test Series 456),Navigation,General Syllabus,"['Option A - Standard parameter 40', 'Option B - Alternative parameter 75', 'Option C - Standard condition specified by DGCA', 'Option D - Exceptional operating limit']",2,123,4,60,0.51,Medium,False,DGCA Comprehensive Bank
Calculate distance along a parallel of latitude between 020°E and 035°E at 40°N (Ref: DGCA Exam Standard Test Series 376),Navigation,General Syllabus,"['Option A - Standard parameter 44', 'Option B - Alternative parameter 59', 'Option C - Standard condition specified by DGCA', 'Option D - Exceptional operating limit']",0,121,4,56,0.67,Medium,True,DGCA Comprehensive Bank
Standard Flight Planning examination question on operating procedures (Ref: DGCA Exam Standard Test Series 733),Flight Planning,General Syllabus,"['Option A - Standard parameter 41', 'Option B - Alternative parameter 53', 'Option C - Standard condition specified by DGCA', 'Option D - Exceptional operating limit']",2,111,4,49,0.65,Medium,False,DGCA Comprehensive Bank
ADF night effect is caused by skywave contamination reflecting from ionosphere (Ref: DGCA Exam Standard Test Series 946),Radio Aids,General Syllabus,"['Option A - Standard parameter 20', 'Option B - Alternative parameter 82', 'Option C - Standard condition specified by DGCA', 'Option D - Exceptional operating limit']",1,120,4,45,0.69,Medium,False,DGCA Comprehensive Bank
Induced drag varies inversely with the square of (Ref: DGCA Exam Standard Test Series 217),Technical General,General Syllabus,"['Option A - Standard parameter 48', 'Option B - Alternative parameter 84', 'Option C - Standard condition specified by DGCA', 'Option D - Exceptional operating limit']",3,90,4,64,0.68,Medium,False,DGCA Comprehensive Bank
GPS RAIM requires a minimum of how many satellites to isolate a faulty satellite? (Ref: DGCA Exam Standard Test Series 106),Radio Aids,General Syllabus,"['Option A - Standard parameter 10', 'Option B - Alternative parameter 70', 'Option C - Standard condition specified by DGCA', 'Option D - Exceptional operating limit']",2,123,4,71,0.52,Medium,False,DGCA Comprehensive Bank
Standard Human Performance examination question on operating procedures (Ref: DGCA Exam Standard Test Series 301),Human Performance,General Syllabus,"['Option A - Standard parameter 40', 'Option B - Alternative parameter 77', 'Option C - Standard condition specified by DGCA', 'Option D - Exceptional operating limit']",1,113,4,108,0.36,Hard,False,DGCA Comprehensive Bank
Induced drag varies inversely with the square of (Ref: DGCA Exam Standard Test Series 980),Technical General,General Syllabus,"['Option A - Standard parameter 43', 'Option B - Alternative parameter 62', 'Option C - Standard condition specified by DGCA', 'Option D - Exceptional operating limit']",1,90,4,107,0.37,Hard,False,DGCA Comprehensive Bank
Calculate distance along a parallel of latitude between 020°E and 035°E at 40°N (Ref: DGCA Exam Standard Test Series 724),Navigation,General Syllabus,"['Option A - Standard parameter 33', 'Option B - Alternative parameter 53', 'Option C - Standard condition specified by DGCA', 'Option D - Exceptional operating limit']",2,121,4,100,0.22,Hard,True,DGCA Comprehensive Bank
Standard Human Performance examination question on operating procedures (Ref: DGCA Exam Standard Test Series 871),Human Performance,General Syllabus,"['Option A - Standard parameter 36', 'Option B - Alternative parameter 56', 'Option C - Standard condition specified by DGCA', 'Option D - Exceptional operating limit']",2,113,4,84,0.21,Hard,False,DGCA Comprehensive Bank
Standard Human Performance examination question on operating procedures (Ref: DGCA Exam Standard Test Series 344),Human Performance,General Syllabus,"['Option A - Standard parameter 46', 'Option B - Alternative parameter 87', 'Option C - Standard condition specified by DGCA', 'Option D - Exceptional operating limit']",2,113,4,124,0.26,Hard,False,DGCA Comprehensive Bank
Standard Aircraft Systems examination question on operating procedures (Ref: DGCA Exam Standard Test Series 745),Aircraft Systems,General Syllabus,"['Option A - Standard parameter 38', 'Option B - Alternative parameter 63', 'Option C - Standard condition specified by DGCA', 'Option D - Exceptional operating limit']",2,112,4,119,0.35,Hard,False,DGCA Comprehensive Bank
Standard Aircraft Systems examination question on operating procedures (Ref: DGCA Exam Standard Test Series 737),Aircraft Systems,General Syllabus,"['Option A - Standard parameter 31', 'Option B - Alternative parameter 54', 'Option C - Standard condition specified by DGCA', 'Option D - Exceptional operating limit']",0,112,4,94,0.29,Hard,False,DGCA Comprehensive Bank
Standard Human Performance examination question on operating procedures (Ref: DGCA Exam Standard Test Series 588),Human Performance,General Syllabus,"['Option A - Standard parameter 31', 'Option B - Alternative parameter 73', 'Option C - Standard condition specified by DGCA', 'Option D - Exceptional operating limit']",2,113,4,103,0.34,Hard,False,DGCA Comprehensive Bank
"During stall, the center of pressure on a conventional cambered airfoil moves (Ref: DGCA Exam Standard Test Series 453)",Technical General,General Syllabus,"['Option A - Standard parameter 30', 'Option B - Alternative parameter 71', 'Option C - Standard condition specified by DGCA', 'Option D - Exceptional operating limit']",3,119,4,83,0.25,Hard,False,DGCA Comprehensive Bank
Propeller blade angle of attack decreases when forward airspeed increases at constant RPM (Ref: DGCA Exam Standard Test Series 598),Technical General,General Syllabus,"['Option A - Standard parameter 44', 'Option B - Alternative parameter 63', 'Option C - Standard condition specified by DGCA', 'Option D - Exceptional operating limit']",2,131,4,105,0.23,Hard,False,DGCA Comprehensive Bank
Right of way rules state that an aircraft overtaken has the right of way and overtaking aircraft shall alter course to the (Ref: DGCA Exam Standard Test Series 534),Air Regulations,General Syllabus,"['Option A - Standard parameter 27', 'Option B - Alternative parameter 72', 'Option C - Standard condition specified by DGCA', 'Option D - Exceptional operating limit']",0,164,4,114,0.4,Hard,False,DGCA Comprehensive Bank
Right of way rules state that an aircraft overtaken has the right of way and overtaking aircraft shall alter course to the (Ref: DGCA Exam Standard Test Series 264),Air Regulations,General Syllabus,"['Option A - Standard parameter 14', 'Option B - Alternative parameter 67', 'Option C - Standard condition specified by DGCA', 'Option D - Exceptional operating limit']",0,164,4,80,0.38,Hard,False,DGCA Comprehensive Bank
DME measures slant range distance using interrogation and reply pulses in UHF band (Ref: DGCA Exam Standard Test Series 163),Radio Aids,General Syllabus,"['Option A - Standard parameter 21', 'Option B - Alternative parameter 71', 'Option C - Standard condition specified by DGCA', 'Option D - Exceptional operating limit']",1,124,4,106,0.35,Hard,False,DGCA Comprehensive Bank
Propeller blade angle of attack decreases when forward airspeed increases at constant RPM (Ref: DGCA Exam Standard Test Series 616),Technical General,General Syllabus,"['Option A - Standard parameter 21', 'Option B - Alternative parameter 56', 'Option C - Standard condition specified by DGCA', 'Option D - Exceptional operating limit']",0,131,4,87,0.4,Hard,False,DGCA Comprehensive Bank
Specific fuel consumption of a turbofan engine improves at high altitude because (Ref: DGCA Exam Standard Test Series 765),Technical General,General Syllabus,"['Option A - Standard parameter 41', 'Option B - Alternative parameter 56', 'Option C - Standard condition specified by DGCA', 'Option D - Exceptional operating limit']",2,122,4,100,0.45,Hard,False,DGCA Comprehensive Bank
Standard Aircraft Systems examination question on operating procedures (Ref: DGCA Exam Standard Test Series 861),Aircraft Systems,General Syllabus,"['Option A - Standard parameter 33', 'Option B - Alternative parameter 73', 'Option C - Standard condition specified by DGCA', 'Option D - Exceptional operating limit']",2,112,4,102,0.32,Hard,False,DGCA Comprehensive Bank
Specific fuel consumption of a turbofan engine improves at high altitude because (Ref: DGCA Exam Standard Test Series 803),Technical General,General Syllabus,"['Option A - Standard parameter 23', 'Option B - Alternative parameter 77', 'Option C - Standard condition specified by DGCA', 'Option D - Exceptional operating limit']",1,122,4,105,0.32,Hard,False,DGCA Comprehensive Bank
DME measures slant range distance using interrogation and reply pulses in UHF band (Ref: DGCA Exam Standard Test Series 786),Radio Aids,General Syllabus,"['Option A - Standard parameter 44', 'Option B - Alternative parameter 59', 'Option C - Standard condition specified by DGCA', 'Option D - Exceptional operating limit']",3,124,4,105,0.39,Hard,False,DGCA Comprehensive Bank
GPS RAIM requires a minimum of how many satellites to isolate a faulty satellite? (Ref: DGCA Exam Standard Test Series 948),Radio Aids,General Syllabus,"['Option A - Standard parameter 17', 'Option B - Alternative parameter 69', 'Option C - Standard condition specified by DGCA', 'Option D - Exceptional operating limit']",2,123,4,89,0.36,Hard,False,DGCA Comprehensive Bank
Standard Flight Planning examination question on operating procedures (Ref: DGCA Exam Standard Test Series 422),Flight Planning,General Syllabus,"['Option A - Standard parameter 40', 'Option B - Alternative parameter 66', 'Option C - Standard condition specified by DGCA', 'Option D - Exceptional operating limit']",1,111,4,101,0.31,Hard,False,DGCA Comprehensive Bank
Standard Flight Planning examination question on operating procedures (Ref: DGCA Exam Standard Test Series 448),Flight Planning,General Syllabus,"['Option A - Standard parameter 19', 'Option B - Alternative parameter 71', 'Option C - Standard condition specified by DGCA', 'Option D - Exceptional operating limit']",3,111,4,122,0.19,Hard,False,DGCA Comprehensive Bank
ILS localizer operates in which frequency band? (Ref: DGCA Exam Standard Test Series 780),Radio Aids,General Syllabus,"['Option A - Standard parameter 39', 'Option B - Alternative parameter 85', 'Option C - Standard condition specified by DGCA', 'Option D - Exceptional operating limit']",2,89,4,84,0.26,Hard,False,DGCA Comprehensive Bank
Semi-circular cruising altitude rules apply to flights above (Ref: DGCA Exam Standard Test Series 212),Air Regulations,General Syllabus,"['Option A - Standard parameter 12', 'Option B - Alternative parameter 51', 'Option C - Standard condition specified by DGCA', 'Option D - Exceptional operating limit']",3,102,4,72,0.21,Hard,False,DGCA Comprehensive Bank
Convergency between two meridians on a Lambert conformal chart is proportional to (Ref: DGCA Exam Standard Test Series 100),Navigation,General Syllabus,"['Option A - Standard parameter 17', 'Option B - Alternative parameter 55', 'Option C - Standard condition specified by DGCA', 'Option D - Exceptional operating limit']",3,123,4,72,0.2,Hard,False,DGCA Comprehensive Bank
"Calculate track and groundspeed with wind 270/20kt, TAS 140kt, heading 360° (Ref: DGCA Exam Standard Test Series 775)",Navigation,General Syllabus,"['Option A - Standard parameter 32', 'Option B - Alternative parameter 59', 'Option C - Standard condition specified by DGCA', 'Option D - Exceptional operating limit']",1,117,4,78,0.38,Hard,True,DGCA Comprehensive Bank
Standard Flight Planning examination question on operating procedures (Ref: DGCA Exam Standard Test Series 483),Flight Planning,General Syllabus,"['Option A - Standard parameter 20', 'Option B - Alternative parameter 85', 'Option C - Standard condition specified by DGCA', 'Option D - Exceptional operating limit']",3,111,4,73,0.37,Hard,False,DGCA Comprehensive Bank
Propeller blade angle of attack decreases when forward airspeed increases at constant RPM (Ref: DGCA Exam Standard Test Series 784),Technical General,General Syllabus,"['Option A - Standard parameter 28', 'Option B - Alternative parameter 88', 'Option C - Standard condition specified by DGCA', 'Option D - Exceptional operating limit']",3,131,4,72,0.38,Hard,False,DGCA Comprehensive Bank
Minimum fuel reserve for VFR flight during daytime is (Ref: DGCA Exam Standard Test Series 474),Air Regulations,General Syllabus,"['Option A - Standard parameter 47', 'Option B - Alternative parameter 52', 'Option C - Standard condition specified by DGCA', 'Option D - Exceptional operating limit']",1,95,4,86,0.42,Hard,False,DGCA Comprehensive Bank
A special VFR flight may be authorized within a control zone provided visibility is not less than (Ref: DGCA Exam Standard Test Series 283),Air Regulations,General Syllabus,"['Option A - Standard parameter 48', 'Option B - Alternative parameter 53', 'Option C - Standard condition specified by DGCA', 'Option D - Exceptional operating limit']",3,139,4,85,0.26,Hard,False,DGCA Comprehensive Bank
Standard Aircraft Systems examination question on operating procedures (Ref: DGCA Exam Standard Test Series 731),Aircraft Systems,General Syllabus,"['Option A - Standard parameter 38', 'Option B - Alternative parameter 89', 'Option C - Standard condition specified by DGCA', 'Option D - Exceptional operating limit']",0,112,4,124,0.29,Hard,False,DGCA Comprehensive Bank
Standard Aircraft Systems examination question on operating procedures (Ref: DGCA Exam Standard Test Series 420),Aircraft Systems,General Syllabus,"['Option A - Standard parameter 22', 'Option B - Alternative parameter 71', 'Option C - Standard condition specified by DGCA', 'Option D - Exceptional operating limit']",2,112,4,84,0.33,Hard,False,DGCA Comprehensive Bank
Standard Human Performance examination question on operating procedures (Ref: DGCA Exam Standard Test Series 886),Human Performance,General Syllabus,"['Option A - Standard parameter 26', 'Option B - Alternative parameter 73', 'Option C - Standard condition specified by DGCA', 'Option D - Exceptional operating limit']",3,113,4,79,0.36,Hard,False,DGCA Comprehensive Bank
Standard Flight Planning examination question on operating procedures (Ref: DGCA Exam Standard Test Series 173),Flight Planning,General Syllabus,"['Option A - Standard parameter 29', 'Option B - Alternative parameter 82', 'Option C - Standard condition specified by DGCA', 'Option D - Exceptional operating limit']",1,111,4,108,0.34,Hard,False,DGCA Comprehensive Bank
Standard Flight Planning examination question on operating procedures (Ref: DGCA Exam Standard Test Series 277),Flight Planning,General Syllabus,"['Option A - Standard parameter 33', 'Option B - Alternative parameter 65', 'Option C - Standard condition specified by DGCA', 'Option D - Exceptional operating limit']",1,111,4,119,0.38,Hard,False,DGCA Comprehensive Bank
Standard Flight Planning examination question on operating procedures (Ref: DGCA Exam Standard Test Series 802),Flight Planning,General Syllabus,"['Option A - Standard parameter 17', 'Option B - Alternative parameter 68', 'Option C - Standard condition specified by DGCA', 'Option D - Exceptional operating limit']",3,111,4,125,0.21,Hard,False,DGCA Comprehensive Bank
Standard Aircraft Systems examination question on operating procedures (Ref: DGCA Exam Standard Test Series 389),Aircraft Systems,General Syllabus,"['Option A - Standard parameter 20', 'Option B - Alternative parameter 62', 'Option C - Standard condition specified by DGCA', 'Option D - Exceptional operating limit']",0,112,4,108,0.22,Hard,False,DGCA Comprehensive Bank
Standard Aircraft Systems examination question on operating procedures (Ref: DGCA Exam Standard Test Series 540),Aircraft Systems,General Syllabus,"['Option A - Standard parameter 35', 'Option B - Alternative parameter 68', 'Option C - Standard condition specified by DGCA', 'Option D - Exceptional operating limit']",3,112,4,101,0.18,Hard,False,DGCA Comprehensive Bank
Standard Flight Planning examination question on operating procedures (Ref: DGCA Exam Standard Test Series 393),Flight Planning,General Syllabus,"['Option A - Standard parameter 17', 'Option B - Alternative parameter 56', 'Option C - Standard condition specified by DGCA', 'Option D - Exceptional operating limit']",0,111,4,105,0.43,Hard,False,DGCA Comprehensive Bank
VOR scalloping and course bending is most pronounced when flying near (Ref: DGCA Exam Standard Test Series 931),Radio Aids,General Syllabus,"['Option A - Standard parameter 10', 'Option B - Alternative parameter 69', 'Option C - Standard condition specified by DGCA', 'Option D - Exceptional operating limit']",0,111,4,77,0.27,Hard,False,DGCA Comprehensive Bank
"During stall, the center of pressure on a conventional cambered airfoil moves (Ref: DGCA Exam Standard Test Series 527)",Technical General,General Syllabus,"['Option A - Standard parameter 22', 'Option B - Alternative parameter 69', 'Option C - Standard condition specified by DGCA', 'Option D - Exceptional operating limit']",0,119,4,124,0.34,Hard,False,DGCA Comprehensive Bank
Standard Flight Planning examination question on operating procedures (Ref: DGCA Exam Standard Test Series 723),Flight Planning,General Syllabus,"['Option A - Standard parameter 26', 'Option B - Alternative parameter 73', 'Option C - Standard condition specified by DGCA', 'Option D - Exceptional operating limit']",1,111,4,111,0.44,Hard,False,DGCA Comprehensive Bank
Standard Human Performance examination question on operating procedures (Ref: DGCA Exam Standard Test Series 927),Human Performance,General Syllabus,"['Option A - Standard parameter 19', 'Option B - Alternative parameter 73', 'Option C - Standard condition specified by DGCA', 'Option D - Exceptional operating limit']",0,113,4,112,0.36,Hard,False,DGCA Comprehensive Bank
Standard Human Performance examination question on operating procedures (Ref: DGCA Exam Standard Test Series 334),Human Performance,General Syllabus,"['Option A - Standard parameter 20', 'Option B - Alternative parameter 67', 'Option C - Standard condition specified by DGCA', 'Option D - Exceptional operating limit']",3,113,4,128,0.37,Hard,False,DGCA Comprehensive Bank
Standard Aircraft Systems examination question on operating procedures (Ref: DGCA Exam Standard Test Series 892),Aircraft Systems,General Syllabus,"['Option A - Standard parameter 28', 'Option B - Alternative parameter 69', 'Option C - Standard condition specified by DGCA', 'Option D - Exceptional operating limit']",3,112,4,78,0.26,Hard,False,DGCA Comprehensive Bank
Standard Human Performance examination question on operating procedures (Ref: DGCA Exam Standard Test Series 909),Human Performance,General Syllabus,"['Option A - Standard parameter 48', 'Option B - Alternative parameter 78', 'Option C - Standard condition specified by DGCA', 'Option D - Exceptional operating limit']",3,113,4,100,0.21,Hard,False,DGCA Comprehensive Bank
A rhumb line on a Mercator chart appears as a (Ref: DGCA Exam Standard Test Series 402),Navigation,General Syllabus,"['Option A - Standard parameter 44', 'Option B - Alternative parameter 57', 'Option C - Standard condition specified by DGCA', 'Option D - Exceptional operating limit']",0,87,4,108,0.21,Hard,False,DGCA Comprehensive Bank
Standard Human Performance examination question on operating procedures (Ref: DGCA Exam Standard Test Series 309),Human Performance,General Syllabus,"['Option A - Standard parameter 11', 'Option B - Alternative parameter 66', 'Option C - Standard condition specified by DGCA', 'Option D - Exceptional operating limit']",0,113,4,96,0.33,Hard,False,DGCA Comprehensive Bank
A rhumb line on a Mercator chart appears as a (Ref: DGCA Exam Standard Test Series 921),Navigation,General Syllabus,"['Option A - Standard parameter 32', 'Option B - Alternative parameter 84', 'Option C - Standard condition specified by DGCA', 'Option D - Exceptional operating limit']",0,87,4,84,0.43,Hard,False,DGCA Comprehensive Bank
Standard Aircraft Systems examination question on operating procedures (Ref: DGCA Exam Standard Test Series 903),Aircraft Systems,General Syllabus,"['Option A - Standard parameter 30', 'Option B - Alternative parameter 78', 'Option C - Standard condition specified by DGCA', 'Option D - Exceptional operating limit']",3,112,4,90,0.39,Hard,False,DGCA Comprehensive Bank
Standard Flight Planning examination question on operating procedures (Ref: DGCA Exam Standard Test Series 537),Flight Planning,General Syllabus,"['Option A - Standard parameter 44', 'Option B - Alternative parameter 63', 'Option C - Standard condition specified by DGCA', 'Option D - Exceptional operating limit']",0,111,4,76,0.34,Hard,False,DGCA Comprehensive Bank
The angle between Magnetic North and Compass North is defined as (Ref: DGCA Exam Standard Test Series 664),Navigation,General Syllabus,"['Option A - Standard parameter 22', 'Option B - Alternative parameter 87', 'Option C - Standard condition specified by DGCA', 'Option D - Exceptional operating limit']",1,106,4,120,0.25,Hard,False,DGCA Comprehensive Bank
Minimum fuel reserve for VFR flight during daytime is (Ref: DGCA Exam Standard Test Series 967),Air Regulations,General Syllabus,"['Option A - Standard parameter 12', 'Option B - Alternative parameter 88', 'Option C - Standard condition specified by DGCA', 'Option D - Exceptional operating limit']",0,95,4,73,0.45,Hard,False,DGCA Comprehensive Bank
ADF night effect is caused by skywave contamination reflecting from ionosphere (Ref: DGCA Exam Standard Test Series 635),Radio Aids,General Syllabus,"['Option A - Standard parameter 35', 'Option B - Alternative parameter 88', 'Option C - Standard condition specified by DGCA', 'Option D - Exceptional operating limit']",0,120,4,122,0.38,Hard,False,DGCA Comprehensive Bank
ADF night effect is caused by skywave contamination reflecting from ionosphere (Ref: DGCA Exam Standard Test Series 883),Radio Aids,General Syllabus,"['Option A - Standard parameter 21', 'Option B - Alternative parameter 77', 'Option C - Standard condition specified by DGCA', 'Option D - Exceptional operating limit']",1,120,4,102,0.4,Hard,False,DGCA Comprehensive Bank
Standard Human Performance examination question on operating procedures (Ref: DGCA Exam Standard Test Series 781),Human Performance,General Syllabus,"['Option A - Standard parameter 43', 'Option B - Alternative parameter 87', 'Option C - Standard condition specified by DGCA', 'Option D - Exceptional operating limit']",1,113,4,118,0.4,Hard,False,DGCA Comprehensive Bank
Standard Aircraft Systems examination question on operating procedures (Ref: DGCA Exam Standard Test Series 835),Aircraft Systems,General Syllabus,"['Option A - Standard parameter 16', 'Option B - Alternative parameter 62', 'Option C - Standard condition specified by DGCA', 'Option D - Exceptional operating limit']",3,112,4,116,0.26,Hard,False,DGCA Comprehensive Bank
Critical Mach number is the free stream Mach number at which airflow first reaches Mach 1.0 (Ref: DGCA Exam Standard Test Series 583),Technical General,General Syllabus,"['Option A - Standard parameter 18', 'Option B - Alternative parameter 82', 'Option C - Standard condition specified by DGCA', 'Option D - Exceptional operating limit']",2,133,4,122,0.33,Hard,False,DGCA Comprehensive Bank
"Calculate track and groundspeed with wind 270/20kt, TAS 140kt, heading 360° (Ref: DGCA Exam Standard Test Series 603)",Navigation,General Syllabus,"['Option A - Standard parameter 13', 'Option B - Alternative parameter 53', 'Option C - Standard condition specified by DGCA', 'Option D - Exceptional operating limit']",0,117,4,95,0.31,Hard,True,DGCA Comprehensive Bank
Convergency between two meridians on a Lambert conformal chart is proportional to (Ref: DGCA Exam Standard Test Series 709),Navigation,General Syllabus,"['Option A - Standard parameter 32', 'Option B - Alternative parameter 76', 'Option C - Standard condition specified by DGCA', 'Option D - Exceptional operating limit']",3,123,4,99,0.35,Hard,False,DGCA Comprehensive Bank
Minimum fuel reserve for VFR flight during daytime is (Ref: DGCA Exam Standard Test Series 730),Air Regulations,General Syllabus,"['Option A - Standard parameter 20', 'Option B - Alternative parameter 65', 'Option C - Standard condition specified by DGCA', 'Option D - Exceptional operating limit']",3,95,4,129,0.4,Hard,False,DGCA Comprehensive Bank
VOR scalloping and course bending is most pronounced when flying near (Ref: DGCA Exam Standard Test Series 628),Radio Aids,General Syllabus,"['Option A - Standard parameter 35', 'Option B - Alternative parameter 75', 'Option C - Standard condition specified by DGCA', 'Option D - Exceptional operating limit']",1,111,4,83,0.24,Hard,False,DGCA Comprehensive Bank
Critical Mach number is the free stream Mach number at which airflow first reaches Mach 1.0 (Ref: DGCA Exam Standard Test Series 438),Technical General,General Syllabus,"['Option A - Standard parameter 49', 'Option B - Alternative parameter 54', 'Option C - Standard condition specified by DGCA', 'Option D - Exceptional operating limit']",2,133,4,119,0.22,Hard,False,DGCA Comprehensive Bank
Standard Aircraft Systems examination question on operating procedures (Ref: DGCA Exam Standard Test Series 511),Aircraft Systems,General Syllabus,"['Option A - Standard parameter 47', 'Option B - Alternative parameter 74', 'Option C - Standard condition specified by DGCA', 'Option D - Exceptional operating limit']",1,112,4,118,0.36,Hard,False,DGCA Comprehensive Bank
VOR scalloping and course bending is most pronounced when flying near (Ref: DGCA Exam Standard Test Series 658),Radio Aids,General Syllabus,"['Option A - Standard parameter 35', 'Option B - Alternative parameter 55', 'Option C - Standard condition specified by DGCA', 'Option D - Exceptional operating limit']",3,111,4,112,0.2,Hard,False,DGCA Comprehensive Bank
VOR scalloping and course bending is most pronounced when flying near (Ref: DGCA Exam Standard Test Series 558),Radio Aids,General Syllabus,"['Option A - Standard parameter 47', 'Option B - Alternative parameter 77', 'Option C - Standard condition specified by DGCA', 'Option D - Exceptional operating limit']",1,111,4,96,0.19,Hard,False,DGCA Comprehensive Bank
Standard Aircraft Systems examination question on operating procedures (Ref: DGCA Exam Standard Test Series 835),Aircraft Systems,General Syllabus,"['Option A - Standard parameter 14', 'Option B - Alternative parameter 56', 'Option C - Standard condition specified by DGCA', 'Option D - Exceptional operating limit']",1,112,4,111,0.32,Hard,False,DGCA Comprehensive Bank
Standard Flight Planning examination question on operating procedures (Ref: DGCA Exam Standard Test Series 697),Flight Planning,General Syllabus,"['Option A - Standard parameter 22', 'Option B - Alternative parameter 81', 'Option C - Standard condition specified by DGCA', 'Option D - Exceptional operating limit']",1,111,4,103,0.39,Hard,False,DGCA Comprehensive Bank
Critical Mach number is the free stream Mach number at which airflow first reaches Mach 1.0 (Ref: DGCA Exam Standard Test Series 619),Technical General,General Syllabus,"['Option A - Standard parameter 42', 'Option B - Alternative parameter 67', 'Option C - Standard condition specified by DGCA', 'Option D - Exceptional operating limit']",3,133,4,74,0.24,Hard,False,DGCA Comprehensive Bank
Critical Mach number is the free stream Mach number at which airflow first reaches Mach 1.0 (Ref: DGCA Exam Standard Test Series 149),Technical General,General Syllabus,"['Option A - Standard parameter 15', 'Option B - Alternative parameter 66', 'Option C - Standard condition specified by DGCA', 'Option D - Exceptional operating limit']",3,133,4,86,0.42,Hard,False,DGCA Comprehensive Bank
Propeller blade angle of attack decreases when forward airspeed increases at constant RPM (Ref: DGCA Exam Standard Test Series 659),Technical General,General Syllabus,"['Option A - Standard parameter 21', 'Option B - Alternative parameter 61', 'Option C - Standard condition specified by DGCA', 'Option D - Exceptional operating limit']",0,131,4,127,0.29,Hard,False,DGCA Comprehensive Bank
The angle between Magnetic North and Compass North is defined as (Ref: DGCA Exam Standard Test Series 118),Navigation,General Syllabus,"['Option A - Standard parameter 27', 'Option B - Alternative parameter 76', 'Option C - Standard condition specified by DGCA', 'Option D - Exceptional operating limit']",1,106,4,84,0.23,Hard,False,DGCA Comprehensive Bank
ADF night effect is caused by skywave contamination reflecting from ionosphere (Ref: DGCA Exam Standard Test Series 982),Radio Aids,General Syllabus,"['Option A - Standard parameter 26', 'Option B - Alternative parameter 66', 'Option C - Standard condition specified by DGCA', 'Option D - Exceptional operating limit']",1,120,4,92,0.38,Hard,False,DGCA Comprehensive Bank
A special VFR flight may be authorized within a control zone provided visibility is not less than (Ref: DGCA Exam Standard Test Series 461),Air Regulations,General Syllabus,"['Option A - Standard parameter 39', 'Option B - Alternative parameter 51', 'Option C - Standard condition specified by DGCA', 'Option D - Exceptional operating limit']",2,139,4,113,0.31,Hard,False,DGCA Comprehensive Bank
Standard Aircraft Systems examination question on operating procedures (Ref: DGCA Exam Standard Test Series 692),Aircraft Systems,General Syllabus,"['Option A - Standard parameter 31', 'Option B - Alternative parameter 79', 'Option C - Standard condition specified by DGCA', 'Option D - Exceptional operating limit']",1,112,4,104,0.23,Hard,False,DGCA Comprehensive Bank
VOR scalloping and course bending is most pronounced when flying near (Ref: DGCA Exam Standard Test Series 520),Radio Aids,General Syllabus,"['Option A - Standard parameter 37', 'Option B - Alternative parameter 71', 'Option C - Standard condition specified by DGCA', 'Option D - Exceptional operating limit']",3,111,4,92,0.18,Hard,False,DGCA Comprehensive Bank
Validity of class 1 medical assessment for pilots under age 40 is (Ref: DGCA Exam Standard Test Series 971),Air Regulations,General Syllabus,"['Option A - Standard parameter 36', 'Option B - Alternative parameter 72', 'Option C - Standard condition specified by DGCA', 'Option D - Exceptional operating limit']",0,107,4,114,0.42,Hard,False,DGCA Comprehensive Bank
Induced drag varies inversely with the square of (Ref: DGCA Exam Standard Test Series 448),Technical General,General Syllabus,"['Option A - Standard parameter 19', 'Option B - Alternative parameter 86', 'Option C - Standard condition specified by DGCA', 'Option D - Exceptional operating limit']",0,90,4,110,0.31,Hard,False,DGCA Comprehensive Bank
Standard Flight Planning examination question on operating procedures (Ref: DGCA Exam Standard Test Series 859),Flight Planning,General Syllabus,"['Option A - Standard parameter 10', 'Option B - Alternative parameter 82', 'Option C - Standard condition specified by DGCA', 'Option D - Exceptional operating limit']",0,111,4,127,0.46,Hard,False,DGCA Comprehensive Bank
Standard Human Performance examination question on operating procedures (Ref: DGCA Exam Standard Test Series 426),Human Performance,General Syllabus,"['Option A - Standard parameter 39', 'Option B - Alternative parameter 85', 'Option C - Standard condition specified by DGCA', 'Option D - Exceptional operating limit']",2,113,4,94,0.28,Hard,False,DGCA Comprehensive Bank
A rhumb line on a Mercator chart appears as a (Ref: DGCA Exam Standard Test Series 957),Navigation,General Syllabus,"['Option A - Standard parameter 38', 'Option B - Alternative parameter 70', 'Option C - Standard condition specified by DGCA', 'Option D - Exceptional operating limit']",0,87,4,117,0.28,Hard,False,DGCA Comprehensive Bank
"During stall, the center of pressure on a conventional cambered airfoil moves (Ref: DGCA Exam Standard Test Series 423)",Technical General,General Syllabus,"['Option A - Standard parameter 35', 'Option B - Alternative parameter 70', 'Option C - Standard condition specified by DGCA', 'Option D - Exceptional operating limit']",3,119,4,124,0.42,Hard,False,DGCA Comprehensive Bank
Standard Aircraft Systems examination question on operating procedures (Ref: DGCA Exam Standard Test Series 365),Aircraft Systems,General Syllabus,"['Option A - Standard parameter 14', 'Option B - Alternative parameter 51', 'Option C - Standard condition specified by DGCA', 'Option D - Exceptional operating limit']",0,112,4,115,0.42,Hard,False,DGCA Comprehensive Bank
Standard Flight Planning examination question on operating procedures (Ref: DGCA Exam Standard Test Series 453),Flight Planning,General Syllabus,"['Option A - Standard parameter 13', 'Option B - Alternative parameter 55', 'Option C - Standard condition specified by DGCA', 'Option D - Exceptional operating limit']",3,111,4,85,0.37,Hard,False,DGCA Comprehensive Bank
Specific fuel consumption of a turbofan engine improves at high altitude because (Ref: DGCA Exam Standard Test Series 760),Technical General,General Syllabus,"['Option A - Standard parameter 28', 'Option B - Alternative parameter 57', 'Option C - Standard condition specified by DGCA', 'Option D - Exceptional operating limit']",2,122,4,116,0.32,Hard,False,DGCA Comprehensive Bank
Standard Aircraft Systems examination question on operating procedures (Ref: DGCA Exam Standard Test Series 426),Aircraft Systems,General Syllabus,"['Option A - Standard parameter 23', 'Option B - Alternative parameter 54', 'Option C - Standard condition specified by DGCA', 'Option D - Exceptional operating limit']",2,112,4,95,0.42,Hard,False,DGCA Comprehensive Bank
Validity of class 1 medical assessment for pilots under age 40 is (Ref: DGCA Exam Standard Test Series 498),Air Regulations,General Syllabus,"['Option A - Standard parameter 17', 'Option B - Alternative parameter 69', 'Option C - Standard condition specified by DGCA', 'Option D - Exceptional operating limit']",3,107,4,83,0.33,Hard,False,DGCA Comprehensive Bank
Standard Aircraft Systems examination question on operating procedures (Ref: DGCA Exam Standard Test Series 657),Aircraft Systems,General Syllabus,"['Option A - Standard parameter 13', 'Option B - Alternative parameter 65', 'Option C - Standard condition specified by DGCA', 'Option D - Exceptional operating limit']",2,112,4,76,0.24,Hard,False,DGCA Comprehensive Bank
Standard Human Performance examination question on operating procedures (Ref: DGCA Exam Standard Test Series 996),Human Performance,General Syllabus,"['Option A - Standard parameter 49', 'Option B - Alternative parameter 86', 'Option C - Standard condition specified by DGCA', 'Option D - Exceptional operating limit']",1,113,4,119,0.29,Hard,False,DGCA Comprehensive Bank
Standard Human Performance examination question on operating procedures (Ref: DGCA Exam Standard Test Series 635),Human Performance,General Syllabus,"['Option A - Standard parameter 43', 'Option B - Alternative parameter 73', 'Option C - Standard condition specified by DGCA', 'Option D - Exceptional operating limit']",0,113,4,119,0.28,Hard,False,DGCA Comprehensive Bank
GPS RAIM requires a minimum of how many satellites to isolate a faulty satellite? (Ref: DGCA Exam Standard Test Series 680),Radio Aids,General Syllabus,"['Option A - Standard parameter 15', 'Option B - Alternative parameter 87', 'Option C - Standard condition specified by DGCA', 'Option D - Exceptional operating limit']",0,123,4,103,0.29,Hard,False,DGCA Comprehensive Bank
A special VFR flight may be authorized within a control zone provided visibility is not less than (Ref: DGCA Exam Standard Test Series 416),Air Regulations,General Syllabus,"['Option A - Standard parameter 31', 'Option B - Alternative parameter 54', 'Option C - Standard condition specified by DGCA', 'Option D - Exceptional operating limit']",3,139,4,123,0.3,Hard,False,DGCA Comprehensive Bank
DME measures slant range distance using interrogation and reply pulses in UHF band (Ref: DGCA Exam Standard Test Series 610),Radio Aids,General Syllabus,"['Option A - Standard parameter 22', 'Option B - Alternative parameter 73', 'Option C - Standard condition specified by DGCA', 'Option D - Exceptional operating limit']",1,124,4,96,0.36,Hard,False,DGCA Comprehensive Bank
A special VFR flight may be authorized within a control zone provided visibility is not less than (Ref: DGCA Exam Standard Test Series 636),Air Regulations,General Syllabus,"['Option A - Standard parameter 45', 'Option B - Alternative parameter 89', 'Option C - Standard condition specified by DGCA', 'Option D - Exceptional operating limit']",3,139,4,87,0.25,Hard,False,DGCA Comprehensive Bank
Standard Flight Planning examination question on operating procedures (Ref: DGCA Exam Standard Test Series 312),Flight Planning,General Syllabus,"['Option A - Standard parameter 25', 'Option B - Alternative parameter 81', 'Option C - Standard condition specified by DGCA', 'Option D - Exceptional operating limit']",1,111,4,80,0.33,Hard,False,DGCA Comprehensive Bank
Right of way rules state that an aircraft overtaken has the right of way and overtaking aircraft shall alter course to the (Ref: DGCA Exam Standard Test Series 261),Air Regulations,General Syllabus,"['Option A - Standard parameter 20', 'Option B - Alternative parameter 82', 'Option C - Standard condition specified by DGCA', 'Option D - Exceptional operating limit']",1,164,4,105,0.4,Hard,False,DGCA Comprehensive Bank
Standard Flight Planning examination question on operating procedures (Ref: DGCA Exam Standard Test Series 604),Flight Planning,General Syllabus,"['Option A - Standard parameter 34', 'Option B - Alternative parameter 71', 'Option C - Standard condition specified by DGCA', 'Option D - Exceptional operating limit']",0,111,4,127,0.28,Hard,False,DGCA Comprehensive Bank
Standard Flight Planning examination question on operating procedures (Ref: DGCA Exam Standard Test Series 852),Flight Planning,General Syllabus,"['Option A - Standard parameter 45', 'Option B - Alternative parameter 67', 'Option C - Standard condition specified by DGCA', 'Option D - Exceptional operating limit']",0,111,4,101,0.32,Hard,False,DGCA Comprehensive Bank
Standard Aircraft Systems examination question on operating procedures (Ref: DGCA Exam Standard Test Series 187),Aircraft Systems,General Syllabus,"['Option A - Standard parameter 48', 'Option B - Alternative parameter 56', 'Option C - Standard condition specified by DGCA', 'Option D - Exceptional operating limit']",0,112,4,82,0.22,Hard,False,DGCA Comprehensive Bank
Standard Aircraft Systems examination question on operating procedures (Ref: DGCA Exam Standard Test Series 506),Aircraft Systems,General Syllabus,"['Option A - Standard parameter 26', 'Option B - Alternative parameter 84', 'Option C - Standard condition specified by DGCA', 'Option D - Exceptional operating limit']",2,112,4,121,0.22,Hard,False,DGCA Comprehensive Bank
