q_num,topic,question,opt_a,opt_b,opt_c,opt_d,semantic_text,difficulty,sim_easy,sim_medium,sim_hard,cluster_id,cluster_rank,text_length,num_options,has_numeric,avg_time_taken,past_accuracy,label
1,Tropical Systems,Surge is also called,Velocity Divergence,Velocity Convergence,Like ITCZ,,Surge is also called Velocity Divergence Velocity Convergence Like ITCZ,Easy,0.85,0.5,0.2,1,2,20,3,0,29,0.92,0
2,Aviation Weather Reports (METAR and SPECI),"In METAR wind reporting, '24015G28KT 180V300' indicates mean wind 240°/15 kt with gusts to 28 kt, and wind direction varying between:",180° and 300° when wind speed is at least 3 kt,180° and 300° with variation of 60° or more,180° and 300° magnetic only,,"In METAR wind reporting, '24015G28KT 180V300' indicates mean wind 240°/15 kt with gusts to 28 kt, and wind direction varying between: 180° and 300° when wind speed is at least 3 kt 180° and 300° with variation of 60° or more 180° and 300° magnetic only",Medium,0.5,0.85,0.4,2,3,133,3,1,60,0.58,2
3,Tropical Systems,Fronts are characteristic of,Tropical cyclone,Extra-tropical depressions,Monsoon depressions,,Fronts are characteristic of Tropical cyclone Extra-tropical depressions Monsoon depressions,Easy,0.85,0.5,0.2,3,1,28,3,0,27,0.94,0
4,Jet Streams,The wind speed along the axis of a jet stream is always,Uniform,Not uniform,Constant,,The wind speed along the axis of a jet stream is always Uniform Not uniform Constant,Medium,0.5,0.85,0.4,4,2,55,3,0,55,0.66,2
5,Temperature,Air is a bad conductor of heat. A parcel of air can therefore be regarded as insulated from the environment,False,True,Sometimes,,Air is a bad conductor of heat. A parcel of air can therefore be regarded as insulated from the environment False True Sometimes,Medium,0.5,0.85,0.4,5,3,107,3,0,45,0.65,2
6,Humidity,Humidity Mixing Ratio ______ when air is lifted adiabatically,Decreases,Remains constant,Increases,,Humidity Mixing Ratio ______ when air is lifted adiabatically Decreases Remains constant Increases,Easy,0.85,0.5,0.2,6,1,61,3,0,25,0.88,0
7,Ice Accretion,"______ occurs in a moist cloudless air on an aircraft surface having temp. below 0°C, due to sublimation of water vapour onto feathery ice crystals",Hoar Frost,Glazed,Rime,,"______ occurs in a moist cloudless air on an aircraft surface having temp. below 0°C, due to sublimation of water vapour onto feathery ice crystals Hoar Frost Glazed Rime",Medium,0.5,0.85,0.4,7,2,147,3,1,57,0.6,2
8,Satellite Meteorology,The Dvorak technique is a satellite image interpretation method widely used by meteorologists to estimate:,The intensity and central pressure of tropical cyclones from cloud pattern signatures,Runway visual range at airports,Jet stream core turbulence,,The Dvorak technique is a satellite image interpretation method widely used by meteorologists to estimate: The intensity and central pressure of tropical cyclones from cloud pattern signatures Runway visual range at airports Jet stream core turbulence,Easy,0.85,0.5,0.2,8,3,106,3,0,40,0.88,0
9,Meteorological Services for Aviation,CODAR is,Radar Report,Coded ARFOR,"Upper report from an aircraft, other than weather reconnaissance aircraft",,"CODAR is Radar Report Coded ARFOR Upper report from an aircraft, other than weather reconnaissance aircraft",Medium,0.5,0.85,0.4,9,1,8,3,0,62,0.55,2
10,Tropical Systems,Cyclonic storms form over Indian seas during,SW monsoon,Winter Season,Pre-Monsoon & Post Monsoon,,Cyclonic storms form over Indian seas during SW monsoon Winter Season Pre-Monsoon & Post Monsoon,Medium,0.5,0.85,0.4,0,2,44,3,0,45,0.7,2
11,Airmasses Fronts and Western Disturbances,During the passage of a Cold Front winds,Suddenly become squally,Back and weaken,Veer and are of moderate strength,,During the passage of a Cold Front winds Suddenly become squally Back and weaken Veer and are of moderate strength,Hard,0.25,0.4,0.85,1,3,40,3,0,108,0.44,1
12,SIGMET and AIRMET Warnings,"In India, which organization houses the designated MWOs responsible for issuing FIR SIGMETs?","India Meteorological Department (IMD) at Delhi, Mumbai, Kolkata, Chennai","DGCA Headquarters, New Delhi",Airports Authority of India (AAI) ATS centers,,"In India, which organization houses the designated MWOs responsible for issuing FIR SIGMETs? India Meteorological Department (IMD) at Delhi, Mumbai, Kolkata, Chennai DGCA Headquarters, New Delhi Airports Authority of India (AAI) ATS centers",Easy,0.85,0.5,0.2,2,1,92,3,0,25,0.85,0
13,Radar Meteorology,The 'bright band' on a vertical radar profile represents:,The melting layer (0°C isotherm) where melting snowflakes are water-coated and show magnified reflectivity,Sun glint off ice crystals,Ground reflection of radar beam,,The 'bright band' on a vertical radar profile represents: The melting layer (0°C isotherm) where melting snowflakes are water-coated and show magnified reflectivity Sun glint off ice crystals Ground reflection of radar beam,Hard,0.25,0.4,0.85,3,2,57,3,0,96,0.33,1
14,Clear Air Turbulence,"When approaching an area where mountain waves have been reported, a pilot should expect",Possible presence of roll clouds and lenticular clouds,Intense up draughts and down draughts on the lee side of the mountains,Moderate to severe turbulence as far as 20 to 30 nm from range on leeward side,All of the above,"When approaching an area where mountain waves have been reported, a pilot should expect Possible presence of roll clouds and lenticular clouds Intense up draughts and down draughts on the lee side of the mountains Moderate to severe turbulence as far as 20 to 30 nm from range on leeward side All of the above",Medium,0.5,0.85,0.4,4,3,87,4,0,58,0.69,2
15,Atmosphere,"By weight, approximate ratio of O2 to N2 in the atmosphere is",1:3,1:4,1:5,,"By weight, approximate ratio of O2 to N2 in the atmosphere is 1:3 1:4 1:5",Easy,0.85,0.5,0.2,5,1,61,3,1,36,0.95,0
16,Tropical Systems,In TRS pressure gradient is very steep up to a radius of,30 km,50 km,100 km,,In TRS pressure gradient is very steep up to a radius of 30 km 50 km 100 km,Hard,0.25,0.4,0.85,6,2,56,3,0,109,0.5,1
17,General Circulation,The tropical disturbances which form in the equatorial low pressure belt move in,Easterly direction,Westerly direction,Southerly direction,,The tropical disturbances which form in the equatorial low pressure belt move in Easterly direction Westerly direction Southerly direction,Hard,0.25,0.4,0.85,7,3,80,3,0,113,0.43,1
18,Climatology of India,An aircraft flying in winter season from Delhi to Kolkata at 06 km will experience,Port drift,Starboard drift,Tail wind,Head wind,An aircraft flying in winter season from Delhi to Kolkata at 06 km will experience Port drift Starboard drift Tail wind Head wind,Medium,0.5,0.85,0.4,8,1,82,4,1,53,0.54,2
19,World Area Forecast System (WAFS and SIGWX),"Under the World Area Forecast System (WAFS), the two designated World Area Forecast Centres (WAFC) are located at:",London and Washington,Paris and Tokyo,Geneva and New Delhi,,"Under the World Area Forecast System (WAFS), the two designated World Area Forecast Centres (WAFC) are located at: London and Washington Paris and Tokyo Geneva and New Delhi",Easy,0.85,0.5,0.2,9,2,114,3,0,32,0.89,0
20,Airmasses Fronts and Western Disturbances,WD is a ______ front,Cold,Warm,Occluded,,WD is a ______ front Cold Warm Occluded,Medium,0.5,0.85,0.4,0,3,20,3,0,49,0.55,2
21,Clear Air Turbulence,Clear air turbulence is often encountered,At the boundary of a jet stream,In the wake of a passing airplane,In the wake of a larger airplane at take off and landing,All of the above,Clear air turbulence is often encountered At the boundary of a jet stream In the wake of a passing airplane In the wake of a larger airplane at take off and landing All of the above,Medium,0.5,0.85,0.4,1,1,41,4,0,67,0.61,2
22,Thunderstorm,The condition necessary for the formation of a thunderstorm are,"Steep lapse rate, strong winds","Shallow lapse rate, adequate supply of moisture","Steep lapse rate, adequate supply of moisture and trigger action",,"The condition necessary for the formation of a thunderstorm are Steep lapse rate, strong winds Shallow lapse rate, adequate supply of moisture Steep lapse rate, adequate supply of moisture and trigger action",Medium,0.5,0.85,0.4,2,2,63,3,0,47,0.66,2
23,Thunderstorm,"A short duration, showery precipitation is associated with",ST,AS,CB,,"A short duration, showery precipitation is associated with ST AS CB",Easy,0.85,0.5,0.2,3,3,58,3,0,27,0.9,0
24,Meteorological Services for Aviation,WAFS provides high quality en-route forecasts of,High quality en-route forecasts of winds and temperature,SIGMET,TREND,,WAFS provides high quality en-route forecasts of High quality en-route forecasts of winds and temperature SIGMET TREND,Medium,0.5,0.85,0.4,4,1,48,3,0,65,0.7,2
25,Climatology of India,The monsoon advances with,Bay of Bengal current only,Arabian Sea current only,Bay of Bengal and Arabian Sea currents,,The monsoon advances with Bay of Bengal current only Arabian Sea current only Bay of Bengal and Arabian Sea currents,Medium,0.5,0.85,0.4,5,2,25,3,0,71,0.61,2
26,Satellite Meteorology,Which Indian meteorological satellites provide regular half-hourly multispectral imagery for aviation and cyclone tracking?,INSAT-3D and INSAT-3DR,Aryabhata and Rohini,IRS-1A and Cartosat,,Which Indian meteorological satellites provide regular half-hourly multispectral imagery for aviation and cyclone tracking? INSAT-3D and INSAT-3DR Aryabhata and Rohini IRS-1A and Cartosat,Easy,0.85,0.5,0.2,6,3,123,3,0,42,0.78,0
27,Temperature,"If temperature does not change in a layer with height on a day, indicates",Isothermal layer,Inversion,Instability,,"If temperature does not change in a layer with height on a day, indicates Isothermal layer Inversion Instability",Medium,0.5,0.85,0.4,7,1,73,3,0,73,0.61,2
28,World Area Forecast System (WAFS and SIGWX),WAFS wind and temperature forecast data are globally transmitted in digital format known as:,GRIB (Gridded Binary) and BUFR code,ASCII text tables,PDF raster graphics only,,WAFS wind and temperature forecast data are globally transmitted in digital format known as: GRIB (Gridded Binary) and BUFR code ASCII text tables PDF raster graphics only,Easy,0.85,0.5,0.2,8,2,92,3,0,32,0.94,0
29,Altimetry and Pressure Settings,"When an aircraft altimeter subscale is set to QNH, the instrument indicates:",Altitude above Mean Sea Level (AMSL),Height above the aerodrome elevation (AGL),Pressure altitude based on 1013.25 hPa datum,,"When an aircraft altimeter subscale is set to QNH, the instrument indicates: Altitude above Mean Sea Level (AMSL) Height above the aerodrome elevation (AGL) Pressure altitude based on 1013.25 hPa datum",Easy,0.85,0.5,0.2,9,3,76,3,0,30,0.92,0
30,Temperature,Higher the temperature ______ would be the wavelength of emitted radiation,Longer,Shorter,Same,,Higher the temperature ______ would be the wavelength of emitted radiation Longer Shorter Same,Medium,0.5,0.85,0.4,0,1,74,3,0,71,0.54,2
31,Flight Weather Planning and Route Hazards,"When planning to fly over high mountain ranges in strong winds (>30 kt perpendicular), what hazard should pilots anticipate on the leeward side?","Severe mountain wave downdrafts, turbulence, and altimeter errors",Immediate wind calm,Increase in barometric pressure,,"When planning to fly over high mountain ranges in strong winds (>30 kt perpendicular), what hazard should pilots anticipate on the leeward side? Severe mountain wave downdrafts, turbulence, and altimeter errors Immediate wind calm Increase in barometric pressure",Easy,0.85,0.5,0.2,1,2,144,3,1,45,0.89,0
32,SIGMET and AIRMET Warnings,"When a severe weather phenomenon described in a SIGMET is no longer occurring and is not expected to occur, the MWO must issue:",A cancellation SIGMET referencing the original sequence number,A NIL weather message,A special METAR report,,"When a severe weather phenomenon described in a SIGMET is no longer occurring and is not expected to occur, the MWO must issue: A cancellation SIGMET referencing the original sequence number A NIL weather message A special METAR report",Hard,0.25,0.4,0.85,2,3,127,3,0,90,0.35,1
33,Satellite Meteorology,Geostationary meteorological satellites orbit the Earth at an altitude of approximately:,"36,000 km over the Equator",850 km over the Poles,"12,000 km inclined at 45°",,"Geostationary meteorological satellites orbit the Earth at an altitude of approximately: 36,000 km over the Equator 850 km over the Poles 12,000 km inclined at 45°",Easy,0.85,0.5,0.2,3,1,88,3,0,32,0.91,0
34,Altimetry and Pressure Settings,"Flying from a warm air mass into a cold air mass at constant indicated altitude, the true altitude will:","Decrease ('From Hot to Cold, look out below')",Increase,Remain constant,,"Flying from a warm air mass into a cold air mass at constant indicated altitude, the true altitude will: Decrease ('From Hot to Cold, look out below') Increase Remain constant",Easy,0.85,0.5,0.2,4,2,104,3,0,45,0.92,0
35,Winds,The wind blows clockwise around a low in S-hemisphere,True,False,Sometimes,,The wind blows clockwise around a low in S-hemisphere True False Sometimes,Medium,0.5,0.85,0.4,5,3,53,3,0,66,0.71,2
36,Jet Streams,The southern most position of STJ is in February is,22°N,20 N,18°N,,The southern most position of STJ is in February is 22°N 20 N 18°N,Medium,0.5,0.85,0.4,6,1,51,3,0,67,0.56,2
37,Visibility and Fog,Advection fog forms,Over sea,Over land,Both over land and sea,,Advection fog forms Over sea Over land Both over land and sea,Medium,0.5,0.85,0.4,7,2,19,3,0,45,0.6,2
38,Optical Phenomena,Superior Mirage occurs in marked,Lapse,Isothermal,Inversion,,Superior Mirage occurs in marked Lapse Isothermal Inversion,Easy,0.85,0.5,0.2,8,3,32,3,0,26,0.88,0
39,Thunderstorm,"Hazards of the mature stage of a TS Cell include lightning, turbulence and","Microburst, wind-shear and anvil","Icing, microburst and WS","Icing, drizzle and microburst",,"Hazards of the mature stage of a TS Cell include lightning, turbulence and Microburst, wind-shear and anvil Icing, microburst and WS Icing, drizzle and microburst",Easy,0.85,0.5,0.2,9,1,74,3,0,28,0.85,0
40,Air Density,The altitude in ISA at which air density is the same as the observed density is,Density Altitude,ISA Density,Real Density,,The altitude in ISA at which air density is the same as the observed density is Density Altitude ISA Density Real Density,Hard,0.25,0.4,0.85,0,2,79,3,0,90,0.41,1
41,Clear Air Turbulence,For mountain waves to form the wind speed for small mountains should be at least,15 m/s,10 m/s,7 m/s,,For mountain waves to form the wind speed for small mountains should be at least 15 m/s 10 m/s 7 m/s,Medium,0.5,0.85,0.4,1,3,80,3,0,52,0.71,2
42,Air Density,"For every 1°C change in temperature, density altitude differs from pressure altitude by",30 ft,100 ft,120 ft,,"For every 1°C change in temperature, density altitude differs from pressure altitude by 30 ft 100 ft 120 ft",Medium,0.5,0.85,0.4,2,1,87,3,1,66,0.67,2
43,Flight Weather Planning and Route Hazards,"If an aircraft experiences volcanic ash cloud penetration en-route, immediate pilot actions include:","Reduce thrust to flight idle, disconnect autothrottle, reverse course, and turn on all de-icing/engine ignition",Increase to maximum takeoff thrust and climb,Descend rapidly with speedbrakes,,"If an aircraft experiences volcanic ash cloud penetration en-route, immediate pilot actions include: Reduce thrust to flight idle, disconnect autothrottle, reverse course, and turn on all de-icing/engine ignition Increase to maximum takeoff thrust and climb Descend rapidly with speedbrakes",Medium,0.5,0.85,0.4,3,2,100,3,0,66,0.65,2
44,Precipitation,A sudden rise in the level of rivers or streams causing floods is called,Cloud Burst,Catchments flooding,Flash Floods,,A sudden rise in the level of rivers or streams causing floods is called Cloud Burst Catchments flooding Flash Floods,Medium,0.5,0.85,0.4,4,3,72,3,0,62,0.59,2
45,Atmosphere,"Higher the surface temperature, ______ would be the tropopause",Higher,Lower,Same,,"Higher the surface temperature, ______ would be the tropopause Higher Lower Same",Hard,0.25,0.4,0.85,5,1,62,3,0,101,0.31,1
46,Clear Air Turbulence,Most CAT occurs on the ______ of a jet stream and in the vicinity of upper level frontal zones where temperature contrasts are strong,Fringes,Within the core,Axis,,Most CAT occurs on the ______ of a jet stream and in the vicinity of upper level frontal zones where temperature contrasts are strong Fringes Within the core Axis,Easy,0.85,0.5,0.2,6,2,133,3,0,29,0.85,0
47,World Area Forecast System (WAFS and SIGWX),"On a WAFS chart, a boxed figure 'FL380' with double-headed vertical arrows above and below indicates:",Tropopause height in hundreds of feet and local vertical discontinuity,Minimum safe altitude,Upper limit of fog,,"On a WAFS chart, a boxed figure 'FL380' with double-headed vertical arrows above and below indicates: Tropopause height in hundreds of feet and local vertical discontinuity Minimum safe altitude Upper limit of fog",Hard,0.25,0.4,0.85,7,3,101,3,1,80,0.42,1
48,Aviation Weather Reports (METAR and SPECI),"In a METAR report, the term 'CAVOK' signifies visibility of at least:",5 km and no cloud below 3000 ft,10 km and no cloud below 5000 ft or MSA,8 km and nil significant weather,,"In a METAR report, the term 'CAVOK' signifies visibility of at least: 5 km and no cloud below 3000 ft 10 km and no cloud below 5000 ft or MSA 8 km and nil significant weather",Easy,0.85,0.5,0.2,8,1,69,3,0,32,0.88,0
49,Atmosphere,Heat transfer in the atmosphere is maximum due to,Convection,Sensible heat,Latent heat,,Heat transfer in the atmosphere is maximum due to Convection Sensible heat Latent heat,Easy,0.85,0.5,0.2,9,2,49,3,0,26,0.92,0
50,Aerodrome Forecasts (TAF and TREND),"If a TAF is amended, the header group includes the code:",TAF AMD,TAF COR,TAF NEW,,"If a TAF is amended, the header group includes the code: TAF AMD TAF COR TAF NEW",Easy,0.85,0.5,0.2,0,3,56,3,0,30,0.88,0
51,General Circulation,The tropical disturbances which form in the equatorial low pressure belt move in,Easterly direction,Westerly direction,Southerly direction,,The tropical disturbances which form in the equatorial low pressure belt move in Easterly direction Westerly direction Southerly direction,Hard,0.25,0.4,0.85,1,1,80,3,0,92,0.25,1
52,Radar Meteorology,A weather radar detects precipitation particles through the physical principle of:,Rayleigh scattering and microwave backscatter reflection,Atmospheric refraction of sound waves,Infrared absorption,,A weather radar detects precipitation particles through the physical principle of: Rayleigh scattering and microwave backscatter reflection Atmospheric refraction of sound waves Infrared absorption,Easy,0.85,0.5,0.2,2,2,82,3,0,44,0.83,0
53,Meteorological Services for Aviation,SIGMET is a notice of severe weather for,Actual,Expected,Both,,SIGMET is a notice of severe weather for Actual Expected Both,Medium,0.5,0.85,0.4,3,3,40,3,0,53,0.67,2
54,Aviation Weather Reports (METAR and SPECI),"In a METAR, the code 'R28/1200U' indicates that Runway 28 Runway Visual Range is:",1200 meters and upward trend,1200 feet and unstable,1200 meters and decreasing,,"In a METAR, the code 'R28/1200U' indicates that Runway 28 Runway Visual Range is: 1200 meters and upward trend 1200 feet and unstable 1200 meters and decreasing",Medium,0.5,0.85,0.4,4,1,81,3,1,72,0.57,2
55,Atmosphere,The temperature at 80 km is,173 K,100 K,-137°C,,The temperature at 80 km is 173 K 100 K -137°C,Medium,0.5,0.85,0.4,5,2,27,3,1,50,0.55,2
56,Vertical Motion and Clouds,CB with distinct anvil is called,Castellaneous,Capillatus,Uncinus,,CB with distinct anvil is called Castellaneous Capillatus Uncinus,Easy,0.85,0.5,0.2,6,3,32,3,0,39,0.81,0
57,Temperature,At a coastal station the diurnal variation of temperature depends on,Wind direction,Wind speed,Both,,At a coastal station the diurnal variation of temperature depends on Wind direction Wind speed Both,Easy,0.85,0.5,0.2,7,1,68,3,0,29,0.78,0
58,Flight Weather Planning and Route Hazards,"If an aircraft experiences volcanic ash cloud penetration en-route, immediate pilot actions include:","Reduce thrust to flight idle, disconnect autothrottle, reverse course, and turn on all de-icing/engine ignition",Increase to maximum takeoff thrust and climb,Descend rapidly with speedbrakes,,"If an aircraft experiences volcanic ash cloud penetration en-route, immediate pilot actions include: Reduce thrust to flight idle, disconnect autothrottle, reverse course, and turn on all de-icing/engine ignition Increase to maximum takeoff thrust and climb Descend rapidly with speedbrakes",Medium,0.5,0.85,0.4,8,2,100,3,0,75,0.56,2
59,Precipitation,Over J&K and western Himalayas Rainfall is more in,Winters,Summers,Post monsoon,,Over J&K and western Himalayas Rainfall is more in Winters Summers Post monsoon,Medium,0.5,0.85,0.4,9,3,50,3,0,63,0.69,2
60,Climatology of India,During winters,Advection fog occurs over northern & central parts of India,Radiation fog occurs in southern parts of India,Activity of Radiation fog increases after the passage of a WD over N India,,During winters Advection fog occurs over northern & central parts of India Radiation fog occurs in southern parts of India Activity of Radiation fog increases after the passage of a WD over N India,Medium,0.5,0.85,0.4,0,1,14,3,0,56,0.71,2
61,Atmosphere,The middle atmosphere layer with temperature inversion and stability is,Troposphere,Tropopause,Stratosphere,,The middle atmosphere layer with temperature inversion and stability is Troposphere Tropopause Stratosphere,Medium,0.5,0.85,0.4,1,2,71,3,0,46,0.65,2
62,Optical Phenomena,Halo is produced when light passes through,Water particles,Ice crystals,Both,,Halo is produced when light passes through Water particles Ice crystals Both,Easy,0.85,0.5,0.2,2,3,42,3,0,41,0.75,0
63,Climatology of India,During Summer season,WDs cause TS/DS over Punjab & Rajasthan,No WD affect N-parts of country,Track of WD is southern most,,During Summer season WDs cause TS/DS over Punjab & Rajasthan No WD affect N-parts of country Track of WD is southern most,Hard,0.25,0.4,0.85,3,1,20,3,0,119,0.5,1
64,Satellite Meteorology,Which Indian meteorological satellites provide regular half-hourly multispectral imagery for aviation and cyclone tracking?,INSAT-3D and INSAT-3DR,Aryabhata and Rohini,IRS-1A and Cartosat,,Which Indian meteorological satellites provide regular half-hourly multispectral imagery for aviation and cyclone tracking? INSAT-3D and INSAT-3DR Aryabhata and Rohini IRS-1A and Cartosat,Medium,0.5,0.85,0.4,4,2,123,3,0,74,0.61,2
65,Airmasses Fronts and Western Disturbances,"If the advancing cold front is colder than the cool air mass of the warm front, the advancing cold front undercuts and lifts both the warm and cool air masses of the warm front. This is",Warm Occlusion,Cold Occlusion,Occluded Front,,"If the advancing cold front is colder than the cool air mass of the warm front, the advancing cold front undercuts and lifts both the warm and cool air masses of the warm front. This is Warm Occlusion Cold Occlusion Occluded Front",Hard,0.25,0.4,0.85,5,3,185,3,0,88,0.34,1
66,Temperature,-40°C = -40°F,True,False,Cannot say,,-40°C = -40°F True False Cannot say,Hard,0.25,0.4,0.85,6,1,13,3,1,124,0.36,1
67,Optical Phenomena,Halo occur in the cloud,AS,NS,CS,,Halo occur in the cloud AS NS CS,Medium,0.5,0.85,0.4,7,2,23,3,0,56,0.65,2
68,Temperature,Intense radiation emitted by,Hot bodies,Cold bodies,Stars,,Intense radiation emitted by Hot bodies Cold bodies Stars,Medium,0.5,0.85,0.4,8,3,28,3,0,52,0.68,2
69,Radar Meteorology,The radar reflectivity factor 'Z' is proportional to which power of droplet diameter (D)?,D^6 (sixth power of droplet diameter),D^2 (square of diameter),D^3 (volume of droplet),,The radar reflectivity factor 'Z' is proportional to which power of droplet diameter (D)? D^6 (sixth power of droplet diameter) D^2 (square of diameter) D^3 (volume of droplet),Easy,0.85,0.5,0.2,9,1,89,3,0,28,0.92,0
70,Satellite Meteorology,Geostationary meteorological satellites orbit the Earth at an altitude of approximately:,"36,000 km over the Equator",850 km over the Poles,"12,000 km inclined at 45°",,"Geostationary meteorological satellites orbit the Earth at an altitude of approximately: 36,000 km over the Equator 850 km over the Poles 12,000 km inclined at 45°",Easy,0.85,0.5,0.2,0,2,88,3,0,32,0.83,0
71,Aerodrome Forecasts (TAF and TREND),Can 'PROB' be used with 'BECMG' in standard ICAO / DGCA TAFs?,"Yes, PROB30 BECMG is common","No, PROB is only permitted with TEMPO or as standalone probability","Yes, only with PROB40",,"Can 'PROB' be used with 'BECMG' in standard ICAO / DGCA TAFs? Yes, PROB30 BECMG is common No, PROB is only permitted with TEMPO or as standalone probability Yes, only with PROB40",Hard,0.25,0.4,0.85,1,3,61,3,0,94,0.31,1
72,SIGMET and AIRMET Warnings,An AIRMET bulletin is specifically designed for flights operating:,"At low levels, typically below FL100 or FL150 in mountainous terrain",Above FL250 exclusively,Across oceanic routes only,,"An AIRMET bulletin is specifically designed for flights operating: At low levels, typically below FL100 or FL150 in mountainous terrain Above FL250 exclusively Across oceanic routes only",Easy,0.85,0.5,0.2,2,1,66,3,0,44,0.83,0
73,Jet Streams,"The TJ is located over Indian, approximately at a height of",15-16 km,12-13 km,11-12 km,,"The TJ is located over Indian, approximately at a height of 15-16 km 12-13 km 11-12 km",Medium,0.5,0.85,0.4,3,2,59,3,0,64,0.68,2
74,Humidity,The spread (difference) between Free air temperature and Dew point temperature is ______ when air is saturated,Large,Least,Same,,The spread (difference) between Free air temperature and Dew point temperature is ______ when air is saturated Large Least Same,Medium,0.5,0.85,0.4,4,3,110,3,0,64,0.7,2
75,SIGMET and AIRMET Warnings,"For Volcanic Ash Clouds (VA) and Tropical Cyclones (TC), a SIGMET may be valid for up to:",6 hours,12 hours,4 hours only,,"For Volcanic Ash Clouds (VA) and Tropical Cyclones (TC), a SIGMET may be valid for up to: 6 hours 12 hours 4 hours only",Medium,0.5,0.85,0.4,5,1,89,3,0,46,0.69,2
76,Aviation Weather Reports (METAR and SPECI),"In METAR decoding, 'BKN015CB' means:",5 to 7 oktas Cumulonimbus base at 1500 ft AGL,3 to 4 oktas Cumulonimbus base at 150 ft AGL,Broken Cumulonimbus base at 15000 ft AMSL,,"In METAR decoding, 'BKN015CB' means: 5 to 7 oktas Cumulonimbus base at 1500 ft AGL 3 to 4 oktas Cumulonimbus base at 150 ft AGL Broken Cumulonimbus base at 15000 ft AMSL",Easy,0.85,0.5,0.2,6,2,36,3,1,38,0.85,0
77,Temperature,Hot bodies (like Sun) radiate,Short Waves,Long Waves,Both,,Hot bodies (like Sun) radiate Short Waves Long Waves Both,Medium,0.5,0.85,0.4,7,3,29,3,0,70,0.66,2
78,Jet Streams,Compared to horizontal wind shear the vertical wind shear in a Jet stream is,Weaker,Stronger,Same,,Compared to horizontal wind shear the vertical wind shear in a Jet stream is Weaker Stronger Same,Easy,0.85,0.5,0.2,8,1,76,3,0,37,0.89,0
79,Atmosphere,CO2 and H2O keep the atmosphere,Warm,Cold,Have no effect,,CO2 and H2O keep the atmosphere Warm Cold Have no effect,Medium,0.5,0.85,0.4,9,2,31,3,1,60,0.58,2
80,Flight Weather Planning and Route Hazards,"During cross-country flight planning, a pilot encounters a warm front. The clouds will normally be encountered in which sequence?","CI, CS, AS, NS, ST","CB, CU, SC, ST","ST, AS, CS, CI",,"During cross-country flight planning, a pilot encounters a warm front. The clouds will normally be encountered in which sequence? CI, CS, AS, NS, ST CB, CU, SC, ST ST, AS, CS, CI",Easy,0.85,0.5,0.2,0,3,129,3,0,31,0.92,0
81,Winds,Coriolis force is strongest at,Mid latitudes,Poles,Equator,,Coriolis force is strongest at Mid latitudes Poles Equator,Hard,0.25,0.4,0.85,1,1,30,3,0,79,0.36,1
82,Jet Streams,Sub-tropical Jet Stream (STJ) is,Westerly,Easterly,Southerly,,Sub-tropical Jet Stream (STJ) is Westerly Easterly Southerly,Easy,0.85,0.5,0.2,2,2,32,3,0,37,0.88,0
83,Visibility and Fog,Frontal Fog is more common with a,West,Warm Front,Cold Front,,Frontal Fog is more common with a West Warm Front Cold Front,Medium,0.5,0.85,0.4,3,3,33,3,0,48,0.67,2
84,Atmospheric Pressure,Poor visibility is associated with,High,Low,Trough,,Poor visibility is associated with High Low Trough,Hard,0.25,0.4,0.85,4,1,34,3,0,95,0.5,1
85,Meteorological Services for Aviation,Global SIGWX Charts for high-level are issued for Flight Levels,250 & 630,460 & 100,460 & 260,,Global SIGWX Charts for high-level are issued for Flight Levels 250 & 630 460 & 100 460 & 260,Medium,0.5,0.85,0.4,5,2,63,3,0,72,0.68,2
86,Atmospheric Pressure,"In the Southern Hemisphere, around a Low Pressure Area wind blows",In clockwise direction,In anticlockwise direction,Across isobars towards the centre,,"In the Southern Hemisphere, around a Low Pressure Area wind blows In clockwise direction In anticlockwise direction Across isobars towards the centre",Medium,0.5,0.85,0.4,6,3,65,3,0,48,0.58,2
87,SIGMET and AIRMET Warnings,Standard validity of a SIGMET for weather phenomena other than volcanic ash or tropical cyclone is:,Not more than 4 hours,Up to 12 hours,Up to 2 hours,,Standard validity of a SIGMET for weather phenomena other than volcanic ash or tropical cyclone is: Not more than 4 hours Up to 12 hours Up to 2 hours,Easy,0.85,0.5,0.2,7,1,99,3,0,35,0.83,0
88,Thunderstorm,Andhi (blinding storms) occur generally over,S India,N India,NE India,,Andhi (blinding storms) occur generally over S India N India NE India,Medium,0.5,0.85,0.4,8,2,44,3,0,65,0.65,2
89,Climatology of India,Monsoon is also called,Pre monsoon,Rainy Season,Post monsoon,,Monsoon is also called Pre monsoon Rainy Season Post monsoon,Easy,0.85,0.5,0.2,9,3,22,3,0,28,0.89,0
90,Aerodrome Forecasts (TAF and TREND),"In a TAF, the change indicator 'FM1400' means:",From 1400 UTC all previous forecast conditions are superseded rapidly,Frequent rain starting at 1400 UTC,Fluctuating conditions from 1400 UTC,,"In a TAF, the change indicator 'FM1400' means: From 1400 UTC all previous forecast conditions are superseded rapidly Frequent rain starting at 1400 UTC Fluctuating conditions from 1400 UTC",Medium,0.5,0.85,0.4,0,1,46,3,1,62,0.62,2
91,Tropical Systems,After entering land the Cyclones gradually die down,True,False,Cannot say,,After entering land the Cyclones gradually die down True False Cannot say,Medium,0.5,0.85,0.4,1,2,51,3,0,63,0.65,2
92,Tropical Systems,A Tropical Cyclone move,300-500 km/day,500-700 km/day,700-900 km/day,,A Tropical Cyclone move 300-500 km/day 500-700 km/day 700-900 km/day,Hard,0.25,0.4,0.85,2,3,23,3,0,118,0.37,1
93,Optical Phenomena,Aurora Borealis are called ______ Lights,Northern,Southern,Western,,Aurora Borealis are called ______ Lights Northern Southern Western,Easy,0.85,0.5,0.2,3,1,40,3,0,30,0.91,0
94,Aviation Weather Reports (METAR and SPECI),"In METAR decoding, 'BKN015CB' means:",5 to 7 oktas Cumulonimbus base at 1500 ft AGL,3 to 4 oktas Cumulonimbus base at 150 ft AGL,Broken Cumulonimbus base at 15000 ft AMSL,,"In METAR decoding, 'BKN015CB' means: 5 to 7 oktas Cumulonimbus base at 1500 ft AGL 3 to 4 oktas Cumulonimbus base at 150 ft AGL Broken Cumulonimbus base at 15000 ft AMSL",Easy,0.85,0.5,0.2,4,2,36,3,1,33,0.94,0
95,Flight Weather Planning and Route Hazards,"If an aircraft experiences volcanic ash cloud penetration en-route, immediate pilot actions include:","Reduce thrust to flight idle, disconnect autothrottle, reverse course, and turn on all de-icing/engine ignition",Increase to maximum takeoff thrust and climb,Descend rapidly with speedbrakes,,"If an aircraft experiences volcanic ash cloud penetration en-route, immediate pilot actions include: Reduce thrust to flight idle, disconnect autothrottle, reverse course, and turn on all de-icing/engine ignition Increase to maximum takeoff thrust and climb Descend rapidly with speedbrakes",Easy,0.85,0.5,0.2,5,3,100,3,0,29,0.85,0
96,Humidity,"As the temperature of the air increases, the amount of water vapour required to saturate it",Decreases,Increases,Remains same,,"As the temperature of the air increases, the amount of water vapour required to saturate it Decreases Increases Remains same",Easy,0.85,0.5,0.2,6,1,91,3,0,35,0.84,0
97,Altimetry and Pressure Settings,"As a rule of thumb, how much does true altitude change per 1°C temperature deviation from ISA per 1,000 ft of indicated altitude?","4 ft per 1,000 ft per 1°C deviation","10 ft per 1,000 ft per 1°C deviation","30 ft per 1,000 ft per 1°C deviation",,"As a rule of thumb, how much does true altitude change per 1°C temperature deviation from ISA per 1,000 ft of indicated altitude? 4 ft per 1,000 ft per 1°C deviation 10 ft per 1,000 ft per 1°C deviation 30 ft per 1,000 ft per 1°C deviation",Easy,0.85,0.5,0.2,7,2,129,3,1,40,0.81,0
98,Humidity,"As the temperature of the air increases, the amount of water vapour required to saturate it",Decreases,Increases,Remains same,,"As the temperature of the air increases, the amount of water vapour required to saturate it Decreases Increases Remains same",Easy,0.85,0.5,0.2,8,3,91,3,0,35,0.83,0
99,Jet Streams,The TJ prevails over the Indian Peninsula from,May to Jun,Sep to Oct,Jun to Aug,,The TJ prevails over the Indian Peninsula from May to Jun Sep to Oct Jun to Aug,Medium,0.5,0.85,0.4,9,1,46,3,0,49,0.7,2
100,Air Density,Air is less denser in,High Altitudes,Warm Air,High humidity,,Air is less denser in High Altitudes Warm Air High humidity,Easy,0.85,0.5,0.2,0,2,21,3,0,33,0.93,0
101,Precipitation,The clouds whose tops extend well above the freezing level are called,Warm Clouds,Cold Clouds,Moderate Clouds,,The clouds whose tops extend well above the freezing level are called Warm Clouds Cold Clouds Moderate Clouds,Easy,0.85,0.5,0.2,1,3,69,3,0,24,0.94,0
102,Altimetry and Pressure Settings,"Flying from an area of HIGH pressure into an area of LOW pressure at a constant indicated altitude, the aircraft's true altitude will be:","Lower than indicated ('High to Low, look out below')",Higher than indicated,Identical to indicated,,"Flying from an area of HIGH pressure into an area of LOW pressure at a constant indicated altitude, the aircraft's true altitude will be: Lower than indicated ('High to Low, look out below') Higher than indicated Identical to indicated",Easy,0.85,0.5,0.2,2,1,137,3,0,42,0.75,0
103,Atmosphere,Most of the water vapour in the atmosphere is confined up to,Stratosphere,Mid troposphere,Lower troposphere,,Most of the water vapour in the atmosphere is confined up to Stratosphere Mid troposphere Lower troposphere,Hard,0.25,0.4,0.85,3,2,60,3,0,122,0.5,1
104,Optical Phenomena,Corona are formed due to the ______ of light,Refraction,Diffraction,Scattering,,Corona are formed due to the ______ of light Refraction Diffraction Scattering,Easy,0.85,0.5,0.2,4,3,44,3,0,39,0.8,0
105,Precipitation,The clouds whose tops do not extend to the freezing level are called,Warm Clouds,Cold Clouds,Moderate Clouds,,The clouds whose tops do not extend to the freezing level are called Warm Clouds Cold Clouds Moderate Clouds,Easy,0.85,0.5,0.2,5,1,68,3,0,40,0.75,0
106,Vertical Motion and Clouds,NS clouds occur,At cold front,At warm front,With multi-coloured clouds,,NS clouds occur At cold front At warm front With multi-coloured clouds,Medium,0.5,0.85,0.4,6,2,15,3,0,48,0.65,2
107,Altimetry and Pressure Settings,"When the altimeter subscale is set to QFE, the instrument indicates:",Height above the aerodrome reference datum (reads zero on touchdown),True altitude above sea level,Flight Level,,"When the altimeter subscale is set to QFE, the instrument indicates: Height above the aerodrome reference datum (reads zero on touchdown) True altitude above sea level Flight Level",Easy,0.85,0.5,0.2,7,3,68,3,0,26,0.77,0
108,Winds,Anabatic wind is stronger than katabatic,True,False,Cannot say,,Anabatic wind is stronger than katabatic True False Cannot say,Easy,0.85,0.5,0.2,8,1,40,3,0,34,0.8,0
109,Stability and Instability,Surface temp. is 30°C. Assuming DALR what is the temperature at 2 km,18°C,10°C,20°C,,Surface temp. is 30°C. Assuming DALR what is the temperature at 2 km 18°C 10°C 20°C,Medium,0.5,0.85,0.4,9,2,68,3,1,73,0.56,2
110,Winds,The wind blows clockwise around a low in N-hemisphere,True,False,Sometimes,,The wind blows clockwise around a low in N-hemisphere True False Sometimes,Hard,0.25,0.4,0.85,0,3,53,3,0,112,0.22,1
111,Winds,Coriolis force acts perpendicular to the ______ of wind direction in N hemisphere,Left,Right,Front,,Coriolis force acts perpendicular to the ______ of wind direction in N hemisphere Left Right Front,Hard,0.25,0.4,0.85,1,1,81,3,0,101,0.23,1
112,General Circulation,The occurrence of large deserts near 30N and 30S are due to large scale,Subsidence,Convection,Advection,,The occurrence of large deserts near 30N and 30S are due to large scale Subsidence Convection Advection,Medium,0.5,0.85,0.4,2,2,71,3,1,56,0.56,2
113,Aviation Weather Reports (METAR and SPECI),Calculate the dew point depression from the METAR group '18/14':,4°C,32°C,1.28°C,,Calculate the dew point depression from the METAR group '18/14': 4°C 32°C 1.28°C,Hard,0.25,0.4,0.85,3,3,64,3,1,95,0.41,1
114,Thunderstorm,Norwesters occur during,Winter,Hot weather,Monsoon,,Norwesters occur during Winter Hot weather Monsoon,Medium,0.5,0.85,0.4,4,1,23,3,0,52,0.63,2
115,Satellite Meteorology,Which Indian meteorological satellites provide regular half-hourly multispectral imagery for aviation and cyclone tracking?,INSAT-3D and INSAT-3DR,Aryabhata and Rohini,IRS-1A and Cartosat,,Which Indian meteorological satellites provide regular half-hourly multispectral imagery for aviation and cyclone tracking? INSAT-3D and INSAT-3DR Aryabhata and Rohini IRS-1A and Cartosat,Easy,0.85,0.5,0.2,5,2,123,3,0,35,0.91,0
116,Humidity,Humidity Mixing Ratio ______ when air is lifted adiabatically,Decreases,Remains constant,Increases,,Humidity Mixing Ratio ______ when air is lifted adiabatically Decreases Remains constant Increases,Easy,0.85,0.5,0.2,6,3,61,3,0,37,0.89,0
117,Thunderstorm,Over plains TS mostly occur during the,Afternoon,Night,Early morning,,Over plains TS mostly occur during the Afternoon Night Early morning,Medium,0.5,0.85,0.4,7,1,38,3,0,52,0.65,2
118,Air Density,"Temperature being constant, if pressure increases the density altitude",Increases,Lowers,Remains the same,,"Temperature being constant, if pressure increases the density altitude Increases Lowers Remains the same",Easy,0.85,0.5,0.2,8,2,70,3,0,42,0.9,0
119,Climatology of India,Mid tropospheric cyclone during monsoon form over,Orissa,Punjab,Gujarat,Chennai,Mid tropospheric cyclone during monsoon form over Orissa Punjab Gujarat Chennai,Medium,0.5,0.85,0.4,9,3,49,4,0,45,0.55,2
120,Ice Accretion,______ ice poses serious aviation hazard,Rime,Hoar Frost,Glazed,,______ ice poses serious aviation hazard Rime Hoar Frost Glazed,Medium,0.5,0.85,0.4,0,1,40,3,0,52,0.66,2
121,Atmospheric Pressure,Steep pressure gradient would mean,"Contours far apart, weak wind","Contours far apart, strong wind",Isobars closely packed and strong wind,,"Steep pressure gradient would mean Contours far apart, weak wind Contours far apart, strong wind Isobars closely packed and strong wind",Medium,0.5,0.85,0.4,1,2,34,3,0,59,0.54,2
122,Clear Air Turbulence,For mountain waves to form there should be ______ air below the ridge and less stable air above,Stable,Unstable,Indifferent,,For mountain waves to form there should be ______ air below the ridge and less stable air above Stable Unstable Indifferent,Medium,0.5,0.85,0.4,2,3,95,3,0,53,0.62,2
123,Air Density,Above 8 km density is ______ at poles than at equator,Higher,Lower,Same,,Above 8 km density is ______ at poles than at equator Higher Lower Same,Easy,0.85,0.5,0.2,3,1,53,3,1,25,0.88,0
124,Tropical Systems,Peninsular discontinuity occurs along,West Coast,East coast,Central Peninsula,,Peninsular discontinuity occurs along West Coast East coast Central Peninsula,Hard,0.25,0.4,0.85,4,2,37,3,0,97,0.44,1
125,General Circulation,______ occurs over subtropical high,Advection,Convection,Subsidence,,______ occurs over subtropical high Advection Convection Subsidence,Medium,0.5,0.85,0.4,5,3,35,3,0,58,0.68,2
126,General Circulation,"The polewards moving air piles up in the subtropical regions and forms high pressure belt at the surface, it is called",Subtropical high,Polar High,Equatorial high,,"The polewards moving air piles up in the subtropical regions and forms high pressure belt at the surface, it is called Subtropical high Polar High Equatorial high",Medium,0.5,0.85,0.4,6,1,118,3,0,46,0.63,2
127,Ice Accretion,Rime is formed by freezing of ______ supercooled water droplets on airframe when aircraft is flying through clouds,Small,Large,Medium,,Rime is formed by freezing of ______ supercooled water droplets on airframe when aircraft is flying through clouds Small Large Medium,Medium,0.5,0.85,0.4,7,2,114,3,0,74,0.61,2
128,Tropical Systems,In a CS the wind speed is,<17 kt,NW,17-27 kt,,In a CS the wind speed is <17 kt NW 17-27 kt,Medium,0.5,0.85,0.4,8,3,25,3,0,61,0.6,2
129,Airmasses Fronts and Western Disturbances,The airmass which originated over land area located in polar region is,Warm and dry,Warm and Moist,Cold and dry,,The airmass which originated over land area located in polar region is Warm and dry Warm and Moist Cold and dry,Medium,0.5,0.85,0.4,9,1,70,3,0,50,0.69,2
130,General Circulation,In the equatorial regions the upper tropospheric winds are,Westerlies,Easterlies,Zonal Westerlies,,In the equatorial regions the upper tropospheric winds are Westerlies Easterlies Zonal Westerlies,Medium,0.5,0.85,0.4,0,2,58,3,0,73,0.67,2
131,SIGMET and AIRMET Warnings,"In a SIGMET, 'EMBD TS' signifies:",Embedded thunderstorms within cloud layers which are not readily visible,Electromagnetic thunderstorm activity,Empty base thunderstorm,,"In a SIGMET, 'EMBD TS' signifies: Embedded thunderstorms within cloud layers which are not readily visible Electromagnetic thunderstorm activity Empty base thunderstorm",Easy,0.85,0.5,0.2,1,3,33,3,0,42,0.77,0
132,Humidity,The actual amount of water vapour contained in a given volume of air at a given temperature is termed as,Relative Humidity,Specific Humidity,Absolute Humidity,,The actual amount of water vapour contained in a given volume of air at a given temperature is termed as Relative Humidity Specific Humidity Absolute Humidity,Medium,0.5,0.85,0.4,2,1,104,3,0,47,0.59,2
133,Aviation Weather Reports (METAR and SPECI),Decode 'WS RWY27' appended to a METAR:,Wind speed on Runway 27 is zero,Wind Shear along runway 27 takeoff or approach path,Wet surface on Runway 27,,Decode 'WS RWY27' appended to a METAR: Wind speed on Runway 27 is zero Wind Shear along runway 27 takeoff or approach path Wet surface on Runway 27,Easy,0.85,0.5,0.2,3,2,38,3,1,42,0.76,0
134,Tropical Systems,The weather expected in a well developed cyclonic storm is,Moderate Weather,Stormy weather,Clear skies,No wind or temperature change,The weather expected in a well developed cyclonic storm is Moderate Weather Stormy weather Clear skies No wind or temperature change,Easy,0.85,0.5,0.2,4,3,58,4,0,42,0.83,0
135,Humidity,It is the lowest temperature which air would attain by evaporating water into it to saturate it,Wet bulb temp,Dry bulb temp,Dew point,,It is the lowest temperature which air would attain by evaporating water into it to saturate it Wet bulb temp Dry bulb temp Dew point,Medium,0.5,0.85,0.4,5,1,95,3,0,61,0.62,2
136,Winds,A change from 270° to 250° is,Backing,Veering,No change,,A change from 270° to 250° is Backing Veering No change,Medium,0.5,0.85,0.4,6,2,29,3,1,49,0.66,2
137,Tropical Systems,In a monsoon depression maximum weather occurs in,SE sector,NW sector,SW sector,,In a monsoon depression maximum weather occurs in SE sector NW sector SW sector,Medium,0.5,0.85,0.4,7,3,49,3,0,55,0.59,2
138,Atmosphere,Temperature at 2 km is 05°C what is ISA deviation?,05°C,10°C,15°C,,Temperature at 2 km is 05°C what is ISA deviation? 05°C 10°C 15°C,Hard,0.25,0.4,0.85,8,1,50,3,1,121,0.35,1
139,Thunderstorm,Generally the severest activity of a heat type TS is for,2 hrs,30 to 45 min,3 to 4 hr,,Generally the severest activity of a heat type TS is for 2 hrs 30 to 45 min 3 to 4 hr,Medium,0.5,0.85,0.4,9,2,56,3,0,60,0.63,2
140,Vertical Motion and Clouds,AC cloud with cumuliform protuberances are indicative of,Stability,Instability,Neutrality,,AC cloud with cumuliform protuberances are indicative of Stability Instability Neutrality,Medium,0.5,0.85,0.4,0,3,56,3,0,60,0.58,2
141,Climatology of India,An A/C flying in Monsoon from Mumbai to Ahmadabad at 03 km will experience,SEly,SWly,Nly,NWly,An A/C flying in Monsoon from Mumbai to Ahmadabad at 03 km will experience SEly SWly Nly NWly,Hard,0.25,0.4,0.85,1,1,74,4,1,96,0.34,1
142,Visibility and Fog,The radiation fog forms over,Water,Land,Both,,The radiation fog forms over Water Land Both,Hard,0.25,0.4,0.85,2,2,28,3,0,92,0.34,1
143,Jet Streams,The STJ affects India from,Jun to Jul,Oct to May,Aug to Sep,,The STJ affects India from Jun to Jul Oct to May Aug to Sep,Hard,0.25,0.4,0.85,3,3,26,3,0,93,0.25,1
144,Thunderstorm,Duststorm usually occurs over NW India during,Post-monsoon,Winter,Pre-Monsoon,,Duststorm usually occurs over NW India during Post-monsoon Winter Pre-Monsoon,Medium,0.5,0.85,0.4,4,1,45,3,0,67,0.7,2
145,Aerodrome Forecasts (TAF and TREND),Can 'PROB' be used with 'BECMG' in standard ICAO / DGCA TAFs?,"Yes, PROB30 BECMG is common","No, PROB is only permitted with TEMPO or as standalone probability","Yes, only with PROB40",,"Can 'PROB' be used with 'BECMG' in standard ICAO / DGCA TAFs? Yes, PROB30 BECMG is common No, PROB is only permitted with TEMPO or as standalone probability Yes, only with PROB40",Medium,0.5,0.85,0.4,5,2,61,3,0,51,0.68,2
146,Atmosphere,Troposphere is generally,Stable,Unstable,Neutral,,Troposphere is generally Stable Unstable Neutral,Medium,0.5,0.85,0.4,6,3,24,3,0,53,0.61,2
147,Vertical Motion and Clouds,Heavy icing is possible in,CI,CS,CB,,Heavy icing is possible in CI CS CB,Hard,0.25,0.4,0.85,7,1,26,3,0,96,0.25,1
148,Temperature,The flow of heat from earth surface is 77% by,Sensible Heat,Latent Heat,Radiation,,The flow of heat from earth surface is 77% by Sensible Heat Latent Heat Radiation,Medium,0.5,0.85,0.4,8,2,45,3,1,62,0.66,2
149,Jet Streams,A jet stream can be recognized by,High level dust,High Pressure,Streaks of CI Lenticular clouds,,A jet stream can be recognized by High level dust High Pressure Streaks of CI Lenticular clouds,Medium,0.5,0.85,0.4,9,3,33,3,0,57,0.65,2
150,World Area Forecast System (WAFS and SIGWX),"If a SIGWX chart depicts a CB cloud top as 'XXX', it means:",The cloud top extends above the upper boundary of the chart (above FL630),The top could not be determined by radar,The cloud is dissipating,,"If a SIGWX chart depicts a CB cloud top as 'XXX', it means: The cloud top extends above the upper boundary of the chart (above FL630) The top could not be determined by radar The cloud is dissipating",Hard,0.25,0.4,0.85,0,1,59,3,0,97,0.34,1
151,Tropical Systems,A Tropical CS has outer storm area of about,>400 km,>700 km,>900 km,,A Tropical CS has outer storm area of about >400 km >700 km >900 km,Medium,0.5,0.85,0.4,1,2,43,3,0,70,0.68,2
152,Radar Meteorology,What does a 'radar shadow' (blind zone behind a heavy storm cell) signify to a pilot?,Extreme radar signal attenuation by the front storm cell masking another potential storm behind it,Clear air with zero cloud,Low receiver gain,,What does a 'radar shadow' (blind zone behind a heavy storm cell) signify to a pilot? Extreme radar signal attenuation by the front storm cell masking another potential storm behind it Clear air with zero cloud Low receiver gain,Hard,0.25,0.4,0.85,2,3,85,3,0,82,0.39,1
153,Air Density,Above 8 km density is ______ at poles than at equator,Higher,Lower,Same,,Above 8 km density is ______ at poles than at equator Higher Lower Same,Easy,0.85,0.5,0.2,3,1,53,3,1,32,0.84,0
154,Aerodrome Forecasts (TAF and TREND),The indicator 'PROB40 TEMPO 0811 1000 TS' in a TAF signifies:,A 40% probability of temporary thunderstorm and 1000m visibility between 0800 and 1100 UTC,40 knots wind during thunderstorm,Thunderstorm lasting 40 minutes,,The indicator 'PROB40 TEMPO 0811 1000 TS' in a TAF signifies: A 40% probability of temporary thunderstorm and 1000m visibility between 0800 and 1100 UTC 40 knots wind during thunderstorm Thunderstorm lasting 40 minutes,Medium,0.5,0.85,0.4,4,2,61,3,1,48,0.7,2
155,Vertical Motion and Clouds,Dark gray cloud giving continuous rain is called,AS,NS,ST,,Dark gray cloud giving continuous rain is called AS NS ST,Easy,0.85,0.5,0.2,5,3,48,3,0,37,0.87,0
156,Tropical Systems,Peninsular discontinuity occurs during,Monsoon,NE Monsoon,Pre Monsoon,,Peninsular discontinuity occurs during Monsoon NE Monsoon Pre Monsoon,Medium,0.5,0.85,0.4,6,1,38,3,0,46,0.64,2
157,Meteorological Services for Aviation,There are ______ Aerodrome Met Offices,56,18,19,,There are ______ Aerodrome Met Offices 56 18 19,Medium,0.5,0.85,0.4,7,2,38,3,0,47,0.59,2
158,Jet Streams,The normal position of Sub-tropical Jet Stream is,30 N,27 N,35°N,,The normal position of Sub-tropical Jet Stream is 30 N 27 N 35°N,Medium,0.5,0.85,0.4,8,3,49,3,0,54,0.54,2
159,Stability and Instability,DALR means,The rate at which temperature unsaturated parcel of air falls with height when made to ascend adiabatically,The rate at which temp falls with height,The rate at which ascending parcel of saturated air cools,,DALR means The rate at which temperature unsaturated parcel of air falls with height when made to ascend adiabatically The rate at which temp falls with height The rate at which ascending parcel of saturated air cools,Medium,0.5,0.85,0.4,9,1,10,3,0,71,0.57,2
160,Atmospheric Pressure,"24,000 ft height in ISA corresponds to pressure level",400 hPa,500 hPa,300 hPa,,"24,000 ft height in ISA corresponds to pressure level 400 hPa 500 hPa 300 hPa",Hard,0.25,0.4,0.85,0,2,53,3,1,87,0.44,1
161,Winds,A change in wind direction from 310° to 020° is,Backing,Veering,No change,,A change in wind direction from 310° to 020° is Backing Veering No change,Medium,0.5,0.85,0.4,1,3,47,3,1,70,0.63,2
162,Ice Accretion,"AS, NS consist of supercooled water drops and ice crystals in varying proportion - icing is possible up to",-40°C level,-30°C level,-20°C level,,"AS, NS consist of supercooled water drops and ice crystals in varying proportion - icing is possible up to -40°C level -30°C level -20°C level",Hard,0.25,0.4,0.85,2,1,106,3,0,114,0.36,1
163,Atmospheric Pressure,Which is true?,Trough has frontal characteristics,At trough winds back in N-hemisphere,At trough winds veer in N-hemisphere,,Which is true? Trough has frontal characteristics At trough winds back in N-hemisphere At trough winds veer in N-hemisphere,Medium,0.5,0.85,0.4,3,2,14,3,0,50,0.7,2
164,Winds,"The resultant wind that blows under the influence of pressure gradient force, geostrophic force and cyclostrophic force is called",Gradient wind,Geostrophic wind,Cyclostrophic wind,,"The resultant wind that blows under the influence of pressure gradient force, geostrophic force and cyclostrophic force is called Gradient wind Geostrophic wind Cyclostrophic wind",Medium,0.5,0.85,0.4,4,3,129,3,0,58,0.54,2
165,Stability and Instability,"If ELR is less than SALR, the atmosphere is said to be",Absolutely unstable,Conditionally unstable,Absolutely stable,,"If ELR is less than SALR, the atmosphere is said to be Absolutely unstable Conditionally unstable Absolutely stable",Hard,0.25,0.4,0.85,5,1,54,3,0,112,0.39,1
166,General Circulation,"The polewards moving air piles up in the subtropical regions and forms high pressure belt at the surface, it is called",Subtropical high,Polar High,Equatorial high,,"The polewards moving air piles up in the subtropical regions and forms high pressure belt at the surface, it is called Subtropical high Polar High Equatorial high",Medium,0.5,0.85,0.4,6,2,118,3,0,53,0.58,2
167,Climatology of India,An aircraft flying in Summer season from Delhi to Kolkata at 10 km will experience,Easterly,Westerly,Northerly,Southerly,An aircraft flying in Summer season from Delhi to Kolkata at 10 km will experience Easterly Westerly Northerly Southerly,Medium,0.5,0.85,0.4,7,3,82,4,1,52,0.66,2
168,General Circulation,"The huge vertical circulations, one between the equator and 30N and another between equator and 30S, are called",Hadley Cells,Ferrel Cells,Polar cells,,"The huge vertical circulations, one between the equator and 30N and another between equator and 30S, are called Hadley Cells Ferrel Cells Polar cells",Hard,0.25,0.4,0.85,8,1,111,3,1,89,0.41,1
169,Aviation Weather Reports (METAR and SPECI),"In a METAR report, the term 'CAVOK' signifies visibility of at least:",5 km and no cloud below 3000 ft,10 km and no cloud below 5000 ft or MSA,8 km and nil significant weather,,"In a METAR report, the term 'CAVOK' signifies visibility of at least: 5 km and no cloud below 3000 ft 10 km and no cloud below 5000 ft or MSA 8 km and nil significant weather",Easy,0.85,0.5,0.2,9,2,69,3,0,38,0.94,0
170,Winds,"Lower level wind 05010 kt, upper level wind 23005 kt, what is the thermal wind",05005 kt,23015 kt,05015 kt,,"Lower level wind 05010 kt, upper level wind 23005 kt, what is the thermal wind 05005 kt 23015 kt 05015 kt",Hard,0.25,0.4,0.85,0,3,78,3,1,106,0.29,1
171,Vertical Motion and Clouds,AC cloud with cumuliform protuberances are indicative of,Stability,Instability,Neutrality,,AC cloud with cumuliform protuberances are indicative of Stability Instability Neutrality,Medium,0.5,0.85,0.4,1,1,56,3,0,61,0.69,2
172,Ice Accretion,When fog freezes on parked aircraft it produces,Hoar Frost,Rime,Clear ice,,When fog freezes on parked aircraft it produces Hoar Frost Rime Clear ice,Medium,0.5,0.85,0.4,2,2,47,3,0,51,0.66,2
173,Aviation Weather Reports (METAR and SPECI),"In a METAR, the code 'R28/1200U' indicates that Runway 28 Runway Visual Range is:",1200 meters and upward trend,1200 feet and unstable,1200 meters and decreasing,,"In a METAR, the code 'R28/1200U' indicates that Runway 28 Runway Visual Range is: 1200 meters and upward trend 1200 feet and unstable 1200 meters and decreasing",Medium,0.5,0.85,0.4,3,3,81,3,1,48,0.68,2
174,Ice Accretion,Carburetor icing occurs when air from intake passes through a ventury (choke) and causes expansional cooling and vaporization of fuel. Serious icing can occur at extreme temperatures,13°C,30°C to -10°C,20°C,,Carburetor icing occurs when air from intake passes through a ventury (choke) and causes expansional cooling and vaporization of fuel. Serious icing can occur at extreme temperatures 13°C 30°C to -10°C 20°C,Hard,0.25,0.4,0.85,4,1,182,3,0,77,0.25,1
175,Winds,The winds which spirals inward counter-clockwise in the N Hemisphere are associated with,Turbulence,High pressure area,Low pressure area,,The winds which spirals inward counter-clockwise in the N Hemisphere are associated with Turbulence High pressure area Low pressure area,Medium,0.5,0.85,0.4,5,2,88,3,0,46,0.66,2
176,Visibility and Fog,The radiation fog forms over,Water,Land,Both,,The radiation fog forms over Water Land Both,Medium,0.5,0.85,0.4,6,3,28,3,0,57,0.71,2
177,Atmospheric Pressure,Bad weather and better visibility is associated with,High,Low,Col,,Bad weather and better visibility is associated with High Low Col,Easy,0.85,0.5,0.2,7,1,52,3,0,34,0.83,0
178,Precipitation,"When super cooled water drops and ice particles co-exist, the ice crystals grow at the expense of the water drops because",Saturation vapour pressure over water drops is less than over the ice crystals,Saturation vapour pressure over the ice crystals is less than over water drops,The ice crystals convert into water drops,,"When super cooled water drops and ice particles co-exist, the ice crystals grow at the expense of the water drops because Saturation vapour pressure over water drops is less than over the ice crystals Saturation vapour pressure over the ice crystals is less than over water drops The ice crystals convert into water drops",Medium,0.5,0.85,0.4,8,2,121,3,0,73,0.69,2
179,Vertical Motion and Clouds,"Cloud of operational significance has base below ______ m or below the highest minimum sector altitude, which is greater",1500,2000,1000,,"Cloud of operational significance has base below ______ m or below the highest minimum sector altitude, which is greater 1500 2000 1000",Medium,0.5,0.85,0.4,9,3,120,3,0,47,0.59,2
180,Climatology of India,Low Temperatures and low humidity is the characteristic of,Post Monsoon,Summer,Winter,,Low Temperatures and low humidity is the characteristic of Post Monsoon Summer Winter,Medium,0.5,0.85,0.4,0,1,58,3,0,51,0.67,2
181,Thunderstorm,Severe TS cells are tilted,In vertical,To the South,To the North,,Severe TS cells are tilted In vertical To the South To the North,Medium,0.5,0.85,0.4,1,2,26,3,0,74,0.6,2
182,Altimetry and Pressure Settings,"Flying from a warm air mass into a cold air mass at constant indicated altitude, the true altitude will:","Decrease ('From Hot to Cold, look out below')",Increase,Remain constant,,"Flying from a warm air mass into a cold air mass at constant indicated altitude, the true altitude will: Decrease ('From Hot to Cold, look out below') Increase Remain constant",Easy,0.85,0.5,0.2,2,3,104,3,0,34,0.81,0
183,Aviation Weather Reports (METAR and SPECI),"In a METAR, the code 'R28/1200U' indicates that Runway 28 Runway Visual Range is:",1200 meters and upward trend,1200 feet and unstable,1200 meters and decreasing,,"In a METAR, the code 'R28/1200U' indicates that Runway 28 Runway Visual Range is: 1200 meters and upward trend 1200 feet and unstable 1200 meters and decreasing",Hard,0.25,0.4,0.85,3,1,81,3,1,106,0.43,1
184,Atmosphere,In jet standard atmosphere the Lapse Rate is,2°C/1000ft,2°C/km,5°C/km,,In jet standard atmosphere the Lapse Rate is 2°C/1000ft 2°C/km 5°C/km,Hard,0.25,0.4,0.85,4,2,44,3,0,92,0.41,1
185,Atmospheric Pressure,A region between two Lows and Two Highs is,Depression,Secondary Low,Col,,A region between two Lows and Two Highs is Depression Secondary Low Col,Medium,0.5,0.85,0.4,5,3,42,3,0,60,0.58,2
186,Stability and Instability,Surface temp. is 30°C. Assuming DALR what is the temperature at 2 km,18°C,10°C,20°C,,Surface temp. is 30°C. Assuming DALR what is the temperature at 2 km 18°C 10°C 20°C,Medium,0.5,0.85,0.4,6,1,68,3,1,67,0.55,2
187,Atmosphere,There is reversal of temperature in the atmosphere at 8 km because,Lapse rate at poles is always greater,Lapse rate reverses at poles and becomes negative,Lapse rate at equator is same as at poles,,There is reversal of temperature in the atmosphere at 8 km because Lapse rate at poles is always greater Lapse rate reverses at poles and becomes negative Lapse rate at equator is same as at poles,Easy,0.85,0.5,0.2,7,2,66,3,1,26,0.92,0
188,Satellite Meteorology,The Dvorak technique is a satellite image interpretation method widely used by meteorologists to estimate:,The intensity and central pressure of tropical cyclones from cloud pattern signatures,Runway visual range at airports,Jet stream core turbulence,,The Dvorak technique is a satellite image interpretation method widely used by meteorologists to estimate: The intensity and central pressure of tropical cyclones from cloud pattern signatures Runway visual range at airports Jet stream core turbulence,Medium,0.5,0.85,0.4,8,3,106,3,0,70,0.66,2
189,Meteorological Services for Aviation,SIGMET is issued for aircraft,In flight,On ground,Both,,SIGMET is issued for aircraft In flight On ground Both,Easy,0.85,0.5,0.2,9,1,29,3,0,33,0.79,0
190,Winds,Katabatic wind occur due to sinking of cold air down the hill slope,True,False,Sometimes,,Katabatic wind occur due to sinking of cold air down the hill slope True False Sometimes,Medium,0.5,0.85,0.4,0,2,67,3,0,52,0.6,2
191,Visibility and Fog,Fog is reported when visibility is reduced to,Less than 1000 m,1000 m,1000 to 2000 m,,Fog is reported when visibility is reduced to Less than 1000 m 1000 m 1000 to 2000 m,Easy,0.85,0.5,0.2,1,3,45,3,0,34,0.85,0
192,Thunderstorm,Norwesters affect,N India,"Bengal, Bihar, Orissa and Assam",S India,,"Norwesters affect N India Bengal, Bihar, Orissa and Assam S India",Medium,0.5,0.85,0.4,2,1,17,3,0,56,0.57,2
193,Atmospheric Pressure,700 hPa in ISA corresponds to the Flight level,"20,000 ft","10,000 ft","18,000 ft",,"700 hPa in ISA corresponds to the Flight level 20,000 ft 10,000 ft 18,000 ft",Hard,0.25,0.4,0.85,3,2,46,3,1,90,0.32,1
194,World Area Forecast System (WAFS and SIGWX),"On a WAFS chart, a boxed figure 'FL380' with double-headed vertical arrows above and below indicates:",Tropopause height in hundreds of feet and local vertical discontinuity,Minimum safe altitude,Upper limit of fog,,"On a WAFS chart, a boxed figure 'FL380' with double-headed vertical arrows above and below indicates: Tropopause height in hundreds of feet and local vertical discontinuity Minimum safe altitude Upper limit of fog",Medium,0.5,0.85,0.4,4,3,101,3,1,69,0.64,2
195,Meteorological Services for Aviation,In AIREP the Met Information is contained in Section,1,2,3,,In AIREP the Met Information is contained in Section 1 2 3,Easy,0.85,0.5,0.2,5,1,52,3,0,35,0.83,0
196,Temperature,Warmer the earth ______ will be the Nocturnal radiation,Intense,Weaker,Same,,Warmer the earth ______ will be the Nocturnal radiation Intense Weaker Same,Medium,0.5,0.85,0.4,6,2,55,3,0,64,0.53,2
197,Meteorological Services for Aviation,There are ______ Aeronautical Met Stations,56,54,52,,There are ______ Aeronautical Met Stations 56 54 52,Easy,0.85,0.5,0.2,7,3,42,3,0,41,0.83,0
198,Atmospheric Pressure,"On either side, perpendicular to the ______ pressures rise",Trough,Ridge,Low,,"On either side, perpendicular to the ______ pressures rise Trough Ridge Low",Medium,0.5,0.85,0.4,8,1,58,3,0,51,0.6,2
199,Radar Meteorology,Why do dry snow particles return much weaker radar echoes than equivalent liquid raindrops?,The dielectric constant of ice is approximately 1/5 that of liquid water,Snow absorbs all radar radiation,Snow crystals reflect microwaves only upward,,Why do dry snow particles return much weaker radar echoes than equivalent liquid raindrops? The dielectric constant of ice is approximately 1/5 that of liquid water Snow absorbs all radar radiation Snow crystals reflect microwaves only upward,Hard,0.25,0.4,0.85,9,2,91,3,0,88,0.36,1
200,Jet Streams,"Along the axis of a jet stream there are centres of high speed winds, these are called",Jet streaks,Core,Axis,,"Along the axis of a jet stream there are centres of high speed winds, these are called Jet streaks Core Axis",Hard,0.25,0.4,0.85,0,3,86,3,0,81,0.41,1
201,SIGMET and AIRMET Warnings,Which of the following weather phenomena justifies the issuance of an en-route SIGMET?,"Severe turbulence, severe icing, or severe mountain waves",Moderate rain and scattered cumulus,Light chop above FL250,,"Which of the following weather phenomena justifies the issuance of an en-route SIGMET? Severe turbulence, severe icing, or severe mountain waves Moderate rain and scattered cumulus Light chop above FL250",Easy,0.85,0.5,0.2,1,1,86,3,0,42,0.85,0
202,Atmospheric Pressure,QNH of an aerodrome 160 m AMSL is 1005 hPa. QFE? Assuming 1 hPa = 8m,1010 hPa,985 hPa,990 hPa,,QNH of an aerodrome 160 m AMSL is 1005 hPa. QFE? Assuming 1 hPa = 8m 1010 hPa 985 hPa 990 hPa,Hard,0.25,0.4,0.85,2,2,68,3,1,106,0.29,1
203,Ice Accretion,In AC clouds ______ icing is possible,Light,Light or moderate,Negligible,,In AC clouds ______ icing is possible Light Light or moderate Negligible,Medium,0.5,0.85,0.4,3,3,37,3,0,55,0.55,2
204,Precipitation,The clouds whose tops do not extend to the freezing level are called,Warm Clouds,Cold Clouds,Moderate Clouds,,The clouds whose tops do not extend to the freezing level are called Warm Clouds Cold Clouds Moderate Clouds,Easy,0.85,0.5,0.2,4,1,68,3,0,22,0.87,0
205,Temperature,Rise in temperature of a surface is ______ proportional to its specific heat,Directly,Inversely,Not related,,Rise in temperature of a surface is ______ proportional to its specific heat Directly Inversely Not related,Hard,0.25,0.4,0.85,5,2,76,3,0,87,0.45,1
206,Airmasses Fronts and Western Disturbances,Cold front moves at ______ the speed of a warm front,Same,Double,Half,,Cold front moves at ______ the speed of a warm front Same Double Half,Medium,0.5,0.85,0.4,6,3,52,3,0,46,0.63,2
207,Stability and Instability,SALR approaches DALR,At 0°C,At -15°C,At -40°C,,SALR approaches DALR At 0°C At -15°C At -40°C,Easy,0.85,0.5,0.2,7,1,20,3,0,25,0.92,0
208,Satellite Meteorology,Visible (VIS) satellite imagery is available:,Only during daylight hours when sunlight reflects off clouds and surface,24 hours continuously day and night,Only during the dark hours,,Visible (VIS) satellite imagery is available: Only during daylight hours when sunlight reflects off clouds and surface 24 hours continuously day and night Only during the dark hours,Easy,0.85,0.5,0.2,8,2,45,3,0,26,0.93,0
209,Stability and Instability,An Isothermal atmosphere is,Stable,Unstable,Neutral,,An Isothermal atmosphere is Stable Unstable Neutral,Hard,0.25,0.4,0.85,9,3,27,3,0,106,0.5,1
210,Atmosphere,In actual atmosphere temp. at 19 km is -60°C. Find the ISA deviation?,3°C,-3.5°C,5°C,,In actual atmosphere temp. at 19 km is -60°C. Find the ISA deviation? 3°C -3.5°C 5°C,Hard,0.25,0.4,0.85,0,1,69,3,1,119,0.43,1
211,General Circulation,In the equatorial regions the upper tropospheric winds are,Westerlies,Easterlies,Zonal Westerlies,,In the equatorial regions the upper tropospheric winds are Westerlies Easterlies Zonal Westerlies,Easy,0.85,0.5,0.2,1,2,58,3,0,26,0.94,0
212,World Area Forecast System (WAFS and SIGWX),WAFS grid forecasts of upper winds and temperatures are updated and issued every:,"6 hours (00, 06, 12, 18 UTC)",12 hours,24 hours,,"WAFS grid forecasts of upper winds and temperatures are updated and issued every: 6 hours (00, 06, 12, 18 UTC) 12 hours 24 hours",Easy,0.85,0.5,0.2,2,3,81,3,0,42,0.75,0
213,Winds,The wind blows anticlockwise around a low in N-hemisphere,True,False,Sometimes,,The wind blows anticlockwise around a low in N-hemisphere True False Sometimes,Medium,0.5,0.85,0.4,3,1,57,3,0,47,0.62,2
214,SIGMET and AIRMET Warnings,Standard validity of a SIGMET for weather phenomena other than volcanic ash or tropical cyclone is:,Not more than 4 hours,Up to 12 hours,Up to 2 hours,,Standard validity of a SIGMET for weather phenomena other than volcanic ash or tropical cyclone is: Not more than 4 hours Up to 12 hours Up to 2 hours,Easy,0.85,0.5,0.2,4,2,99,3,0,26,0.86,0
215,Atmosphere,Noctilucent clouds occur in,Thermosphere,Mesosphere,Stratosphere,,Noctilucent clouds occur in Thermosphere Mesosphere Stratosphere,Medium,0.5,0.85,0.4,5,3,27,3,0,50,0.64,2
216,Aerodrome Forecasts (TAF and TREND),"A standard short-period TAF is usually valid for ______ hours, whereas long-haul TAF is valid for ______ hours:",9 hours; 24 or 30 hours,3 hours; 12 hours,6 hours; 18 hours,,"A standard short-period TAF is usually valid for ______ hours, whereas long-haul TAF is valid for ______ hours: 9 hours; 24 or 30 hours 3 hours; 12 hours 6 hours; 18 hours",Medium,0.5,0.85,0.4,6,1,111,3,0,70,0.6,2
217,Atmospheric Pressure,Semi diurnal pressure changes are most pronounced in,Polar region,Middle latitudes,Tropics,,Semi diurnal pressure changes are most pronounced in Polar region Middle latitudes Tropics,Easy,0.85,0.5,0.2,7,2,52,3,0,28,0.85,0
218,Winds,Lines of constant wind speed drawn on weather charts are called,Isobars,Isotachs,Isogons,,Lines of constant wind speed drawn on weather charts are called Isobars Isotachs Isogons,Easy,0.85,0.5,0.2,8,3,63,3,0,33,0.93,0
219,Temperature,On a clear day the amount of solar radiation received by earth surface is,51%,30%,5/6,,On a clear day the amount of solar radiation received by earth surface is 51% 30% 5/6,Medium,0.5,0.85,0.4,9,1,73,3,0,50,0.66,2
220,Aviation Weather Reports (METAR and SPECI),"In METAR code, the abbreviation 'FZUP' indicates:",Freezing drizzle,Freezing unidentified precipitation,Frozen upper air parcel,,"In METAR code, the abbreviation 'FZUP' indicates: Freezing drizzle Freezing unidentified precipitation Frozen upper air parcel",Hard,0.25,0.4,0.85,0,2,49,3,0,92,0.34,1
221,Tropical Systems,Surge and Shear Line are features of,Vigorous,Weak,Moderate,,Surge and Shear Line are features of Vigorous Weak Moderate,Medium,0.5,0.85,0.4,1,3,36,3,0,50,0.55,2
222,World Area Forecast System (WAFS and SIGWX),"In a WAFS SIGWX chart, clear air turbulence (CAT) is depicted using:",Broken dashed line polygon with CAT intensity symbol and vertical boundaries (base and top in FL),Solid red circle,Dotted green line,,"In a WAFS SIGWX chart, clear air turbulence (CAT) is depicted using: Broken dashed line polygon with CAT intensity symbol and vertical boundaries (base and top in FL) Solid red circle Dotted green line",Medium,0.5,0.85,0.4,2,1,68,3,0,58,0.6,2
223,Temperature,Diurnal variation of temperature over ocean is,More than land,Less than 1°C,Same as land,,Diurnal variation of temperature over ocean is More than land Less than 1°C Same as land,Medium,0.5,0.85,0.4,3,2,46,3,0,48,0.59,2
224,Air Density,For given pressure and temperature moist air has density,Higher,Lower,Same,,For given pressure and temperature moist air has density Higher Lower Same,Medium,0.5,0.85,0.4,4,3,56,3,0,47,0.64,2
225,Thunderstorm,Norwesters originates over,Chota-Nagpur hills,Deccan Plateau,Khasi hills,,Norwesters originates over Chota-Nagpur hills Deccan Plateau Khasi hills,Hard,0.25,0.4,0.85,5,1,26,3,0,92,0.41,1
226,Atmospheric Pressure,Altimeter always measures the height of aircraft above,MSL,datum of 1013.2 hPa,datum at which its sub-scale is set,,Altimeter always measures the height of aircraft above MSL datum of 1013.2 hPa datum at which its sub-scale is set,Medium,0.5,0.85,0.4,6,2,54,3,0,67,0.6,2
227,Thunderstorm,Hail is most likely to fall from a cloud,Having layers,Composed of Ice crystals,Having strong vertical development,,Hail is most likely to fall from a cloud Having layers Composed of Ice crystals Having strong vertical development,Easy,0.85,0.5,0.2,7,3,40,3,0,42,0.92,0
228,Flight Weather Planning and Route Hazards,"If an aircraft experiences volcanic ash cloud penetration en-route, immediate pilot actions include:","Reduce thrust to flight idle, disconnect autothrottle, reverse course, and turn on all de-icing/engine ignition",Increase to maximum takeoff thrust and climb,Descend rapidly with speedbrakes,,"If an aircraft experiences volcanic ash cloud penetration en-route, immediate pilot actions include: Reduce thrust to flight idle, disconnect autothrottle, reverse course, and turn on all de-icing/engine ignition Increase to maximum takeoff thrust and climb Descend rapidly with speedbrakes",Medium,0.5,0.85,0.4,8,1,100,3,0,50,0.59,2
229,Temperature,The door of Stevenson's screen should open,Opposite to sun,Into sun,Any direction,,The door of Stevenson's screen should open Opposite to sun Into sun Any direction,Easy,0.85,0.5,0.2,9,2,42,3,0,37,0.83,0
230,Precipitation,Coalescence Theory explains occurrence of rainfall from the,Warm Clouds,Cold Clouds,Both types of Clouds,,Coalescence Theory explains occurrence of rainfall from the Warm Clouds Cold Clouds Both types of Clouds,Easy,0.85,0.5,0.2,0,3,59,3,0,25,0.95,0
231,Radar Meteorology,Doppler weather radars detect wind velocity along the radar beam direction by measuring:,Frequency shift (Doppler shift) between transmitted and received pulses,Echo pulse width variation,Total return amplitude only,,Doppler weather radars detect wind velocity along the radar beam direction by measuring: Frequency shift (Doppler shift) between transmitted and received pulses Echo pulse width variation Total return amplitude only,Hard,0.25,0.4,0.85,1,1,88,3,0,117,0.26,1
232,Optical Phenomena,"Sometimes a halo with a radius of ______ is observed, called Large Halo",32°,42°,22°,,"Sometimes a halo with a radius of ______ is observed, called Large Halo 32° 42° 22°",Medium,0.5,0.85,0.4,2,2,71,3,0,74,0.7,2
233,SIGMET and AIRMET Warnings,"When a severe weather phenomenon described in a SIGMET is no longer occurring and is not expected to occur, the MWO must issue:",A cancellation SIGMET referencing the original sequence number,A NIL weather message,A special METAR report,,"When a severe weather phenomenon described in a SIGMET is no longer occurring and is not expected to occur, the MWO must issue: A cancellation SIGMET referencing the original sequence number A NIL weather message A special METAR report",Easy,0.85,0.5,0.2,3,3,127,3,0,25,0.9,0
234,Meteorological Services for Aviation,WINTEM is,Actual upper winds,Forecast upper wind and temperature,Actual temperature and upper winds,,WINTEM is Actual upper winds Forecast upper wind and temperature Actual temperature and upper winds,Easy,0.85,0.5,0.2,4,1,9,3,0,41,0.84,0
235,Satellite Meteorology,"In satellite imagery, a 'comma-shaped' cloud pattern in middle latitudes indicates:",A developing extra-tropical cyclone associated with a polar front wave,An isolated heat thunderstorm,A high pressure ridge,,"In satellite imagery, a 'comma-shaped' cloud pattern in middle latitudes indicates: A developing extra-tropical cyclone associated with a polar front wave An isolated heat thunderstorm A high pressure ridge",Medium,0.5,0.85,0.4,5,2,83,3,0,45,0.7,2
236,Stability and Instability,DALR is approximately,5°C/km,15°C/km,10°C/km,,DALR is approximately 5°C/km 15°C/km 10°C/km,Medium,0.5,0.85,0.4,6,3,21,3,0,74,0.63,2
237,Meteorological Services for Aviation,Area Forecast covers an area,100 NM,100 km,50 NM,,Area Forecast covers an area 100 NM 100 km 50 NM,Medium,0.5,0.85,0.4,7,1,28,3,0,59,0.56,2
238,Air Density,The altitude in ISA at which air density is the same as the observed density is,Density Altitude,ISA Density,Real Density,,The altitude in ISA at which air density is the same as the observed density is Density Altitude ISA Density Real Density,Medium,0.5,0.85,0.4,8,2,79,3,0,53,0.6,2
239,Aerodrome Forecasts (TAF and TREND),"In a TREND forecast, the indicator 'NOSIG' means:",No significant changes are expected during the next 2 hours,No signal from met sensors,No clouds in the sky,,"In a TREND forecast, the indicator 'NOSIG' means: No significant changes are expected during the next 2 hours No signal from met sensors No clouds in the sky",Easy,0.85,0.5,0.2,9,3,49,3,0,24,0.94,0
240,World Area Forecast System (WAFS and SIGWX),Medium-Level SIGWX charts cover flight levels between:,FL100 and FL250,FL050 and FL100,FL180 and FL390,,Medium-Level SIGWX charts cover flight levels between: FL100 and FL250 FL050 and FL100 FL180 and FL390,Easy,0.85,0.5,0.2,0,1,54,3,0,40,0.76,0
241,Clear Air Turbulence,"When approaching an area where mountain waves have been reported, a pilot should expect",Possible presence of roll clouds and lenticular clouds,Intense up draughts and down draughts on the lee side of the mountains,Moderate to severe turbulence as far as 20 to 30 nm from range on leeward side,All of the above,"When approaching an area where mountain waves have been reported, a pilot should expect Possible presence of roll clouds and lenticular clouds Intense up draughts and down draughts on the lee side of the mountains Moderate to severe turbulence as far as 20 to 30 nm from range on leeward side All of the above",Easy,0.85,0.5,0.2,1,2,87,4,0,38,0.75,0
242,Ice Accretion,In clouds at temperatures below 0°C an aircraft may encounter icing of the type,Only Glazed,Only Rime,Intermediate between these two,,In clouds at temperatures below 0°C an aircraft may encounter icing of the type Only Glazed Only Rime Intermediate between these two,Easy,0.85,0.5,0.2,2,3,79,3,1,37,0.8,0
243,Winds,Rotor clouds have extremely turbulent flying conditions,False,True,Cannot say,,Rotor clouds have extremely turbulent flying conditions False True Cannot say,Medium,0.5,0.85,0.4,3,1,55,3,0,61,0.61,2
244,Atmosphere,Mother of Pearl clouds occur in,Mesosphere,Thermosphere,Stratosphere,,Mother of Pearl clouds occur in Mesosphere Thermosphere Stratosphere,Medium,0.5,0.85,0.4,4,2,31,3,0,50,0.65,2
245,Vertical Motion and Clouds,Hail may be experienced under the anvil of a CB,True,False,Cannot say,,Hail may be experienced under the anvil of a CB True False Cannot say,Medium,0.5,0.85,0.4,5,3,47,3,0,72,0.61,2
246,Altimetry and Pressure Settings,"When parking an aircraft at an airport, the altimeter set to 1013.25 hPa reads 1,200 ft. This reading represents the airport's:",Pressure Altitude,Density Altitude,Geometric Elevation,,"When parking an aircraft at an airport, the altimeter set to 1013.25 hPa reads 1,200 ft. This reading represents the airport's: Pressure Altitude Density Altitude Geometric Elevation",Hard,0.25,0.4,0.85,6,1,127,3,1,98,0.35,1
247,Temperature,Surface Temperature is recorded at a height of,1.5 m,1.25 m,2 m,,Surface Temperature is recorded at a height of 1.5 m 1.25 m 2 m,Medium,0.5,0.85,0.4,7,2,46,3,0,52,0.57,2
248,World Area Forecast System (WAFS and SIGWX),Medium-Level SIGWX charts cover flight levels between:,FL100 and FL250,FL050 and FL100,FL180 and FL390,,Medium-Level SIGWX charts cover flight levels between: FL100 and FL250 FL050 and FL100 FL180 and FL390,Hard,0.25,0.4,0.85,8,3,54,3,0,105,0.35,1
249,Optical Phenomena,The radius of the Bishop's ring is about,32°,22°,42°,,The radius of the Bishop's ring is about 32° 22° 42°,Easy,0.85,0.5,0.2,9,1,40,3,0,39,0.92,0
250,Aerodrome Forecasts (TAF and TREND),"In a TAF, 'BECMG 1618' indicates that changes will occur:",Between 1600 UTC and 1800 UTC at a regular or irregular rate,Exactly at 1618 UTC,Between 16th and 18th day of the month,,"In a TAF, 'BECMG 1618' indicates that changes will occur: Between 1600 UTC and 1800 UTC at a regular or irregular rate Exactly at 1618 UTC Between 16th and 18th day of the month",Medium,0.5,0.85,0.4,0,2,57,3,1,48,0.69,2
251,Precipitation,Coalescence Theory explains occurrence of rainfall from the,Warm Clouds,Cold Clouds,Both types of Clouds,,Coalescence Theory explains occurrence of rainfall from the Warm Clouds Cold Clouds Both types of Clouds,Easy,0.85,0.5,0.2,1,3,59,3,0,39,0.83,0
252,Winds,Sudden changes in wind speed from 10 kt to 30 kt and then to 15 kt are,Gust,Squall,Gale,,Sudden changes in wind speed from 10 kt to 30 kt and then to 15 kt are Gust Squall Gale,Hard,0.25,0.4,0.85,2,1,70,3,1,95,0.35,1
253,Vertical Motion and Clouds,The clouds composed of ice crystals having feathery appearance,CI,CS,AS,,The clouds composed of ice crystals having feathery appearance CI CS AS,Easy,0.85,0.5,0.2,3,2,62,3,0,27,0.93,0
254,Precipitation,The clouds whose tops extend well above the freezing level are called,Warm Clouds,Cold Clouds,Moderate Clouds,,The clouds whose tops extend well above the freezing level are called Warm Clouds Cold Clouds Moderate Clouds,Medium,0.5,0.85,0.4,4,3,69,3,0,72,0.63,2
255,Stability and Instability,"SALR 5.5°C, ELR= 4.5°C; atmosphere is",Unstable,Stable,Indifferent,,"SALR 5.5°C, ELR= 4.5°C; atmosphere is Unstable Stable Indifferent",Hard,0.25,0.4,0.85,5,1,37,3,1,104,0.5,1
256,Winds,"On a weather map if isobars are closely packed, the surface winds are likely to be",Light and parallel to isobars,Strong and parallel to isobars,Strong and blowing across the isobars,,"On a weather map if isobars are closely packed, the surface winds are likely to be Light and parallel to isobars Strong and parallel to isobars Strong and blowing across the isobars",Medium,0.5,0.85,0.4,6,2,82,3,0,66,0.64,2
257,Climatology of India,A/C flying in winter season from Delhi to Kolkata at 06 km will experience winds,SEly,SWly,Nly,NW-Wly,A/C flying in winter season from Delhi to Kolkata at 06 km will experience winds SEly SWly Nly NW-Wly,Easy,0.85,0.5,0.2,7,3,80,4,1,38,0.75,0
258,Atmospheric Pressure,"40,000 ft height in ISA approximately corresponds to pressure level",400 hPa,500 hPa,200 hPa,,"40,000 ft height in ISA approximately corresponds to pressure level 400 hPa 500 hPa 200 hPa",Hard,0.25,0.4,0.85,8,1,67,3,1,76,0.27,1
259,Clear Air Turbulence,"For mountain waves to form there should be flow of air across the ridge, generally ______ of the perpendicular to the ridge",30°,45°,60°,,"For mountain waves to form there should be flow of air across the ridge, generally ______ of the perpendicular to the ridge 30° 45° 60°",Hard,0.25,0.4,0.85,9,2,123,3,0,91,0.22,1
260,Humidity,On a rainy day compared to sunny day the length of runway required is,More,Less,Same,,On a rainy day compared to sunny day the length of runway required is More Less Same,Medium,0.5,0.85,0.4,0,3,69,3,0,74,0.64,2
261,Visibility and Fog,RVR is reported when visibility falls below,500 m,1000 m,1500 m,,RVR is reported when visibility falls below 500 m 1000 m 1500 m,Hard,0.25,0.4,0.85,1,1,43,3,0,122,0.29,1
262,Flight Weather Planning and Route Hazards,Wake turbulence generated behind a heavy wide-body transport aircraft is strongest when the generating aircraft is:,"Heavy, Clean (gear and flaps up), and Slow","Light, Fast, and in Full Flaps",Cruising at Mach 0.84 at FL390,,"Wake turbulence generated behind a heavy wide-body transport aircraft is strongest when the generating aircraft is: Heavy, Clean (gear and flaps up), and Slow Light, Fast, and in Full Flaps Cruising at Mach 0.84 at FL390",Easy,0.85,0.5,0.2,2,2,115,3,0,42,0.78,0
263,Thunderstorm,The wavelength of TS detection X band radar is,10 mm,20 mm,30 mm,,The wavelength of TS detection X band radar is 10 mm 20 mm 30 mm,Medium,0.5,0.85,0.4,3,3,46,3,0,62,0.66,2
264,Altimetry and Pressure Settings,"When flying at or above the Transition Level, altimeter subscales must be set to the Standard Pressure Setting:","1013.25 hPa (29.92 inHg), reading Flight Levels",Local aerodrome QNH,En-route regional QNH,,"When flying at or above the Transition Level, altimeter subscales must be set to the Standard Pressure Setting: 1013.25 hPa (29.92 inHg), reading Flight Levels Local aerodrome QNH En-route regional QNH",Easy,0.85,0.5,0.2,4,1,111,3,0,32,0.9,0
265,Altimetry and Pressure Settings,"When the altimeter subscale is set to QFE, the instrument indicates:",Height above the aerodrome reference datum (reads zero on touchdown),True altitude above sea level,Flight Level,,"When the altimeter subscale is set to QFE, the instrument indicates: Height above the aerodrome reference datum (reads zero on touchdown) True altitude above sea level Flight Level",Hard,0.25,0.4,0.85,5,2,68,3,0,84,0.31,1
266,Humidity,The temperature to which air be cooled at constant pressure to become saturated is called,Wet bulb temperature,Dew point,Dry bulb temperature,,The temperature to which air be cooled at constant pressure to become saturated is called Wet bulb temperature Dew point Dry bulb temperature,Medium,0.5,0.85,0.4,6,3,89,3,0,53,0.67,2
267,Ice Accretion,In CB icing may range from light to severe type up to -20°C level. Below this temperature severe icing is,Not significant,Significant,Maximum,,In CB icing may range from light to severe type up to -20°C level. Below this temperature severe icing is Not significant Significant Maximum,Medium,0.5,0.85,0.4,7,1,105,3,1,50,0.67,2
268,Atmosphere,Above 8 km the lower temperatures are over,Equator,Mid Latitudes,Poles,,Above 8 km the lower temperatures are over Equator Mid Latitudes Poles,Hard,0.25,0.4,0.85,8,2,42,3,1,104,0.39,1
269,Visibility and Fog,The radiation fog activity increases after the passage of,WD,Depression,Cyclone,,The radiation fog activity increases after the passage of WD Depression Cyclone,Medium,0.5,0.85,0.4,9,3,57,3,0,68,0.59,2
270,Precipitation,Ice crystal Theory explains occurrence of rainfall from the,Warm Clouds,Cold Clouds,Both types of Clouds,,Ice crystal Theory explains occurrence of rainfall from the Warm Clouds Cold Clouds Both types of Clouds,Medium,0.5,0.85,0.4,0,1,59,3,0,52,0.61,2
271,General Circulation,The winds in the upper troposphere are westerly. These are known as,Natural Westerlies,Steady Westerlies,Zonal Westerlies,,The winds in the upper troposphere are westerly. These are known as Natural Westerlies Steady Westerlies Zonal Westerlies,Medium,0.5,0.85,0.4,1,2,67,3,0,59,0.64,2
272,Satellite Meteorology,Enhanced Infrared (EIR) satellite imagery uses color scales specifically to:,Highlight cloud-top temperature thresholds corresponding to severe convective storm tops,Measure wind speed directly,Detect volcanic gas opacity,,Enhanced Infrared (EIR) satellite imagery uses color scales specifically to: Highlight cloud-top temperature thresholds corresponding to severe convective storm tops Measure wind speed directly Detect volcanic gas opacity,Medium,0.5,0.85,0.4,2,3,76,3,0,45,0.64,2
273,World Area Forecast System (WAFS and SIGWX),High-Level Significant Weather (SIGWX) charts are prepared for flight levels between:,FL250 and FL630,FL100 and FL250,FL050 and FL180,,High-Level Significant Weather (SIGWX) charts are prepared for flight levels between: FL250 and FL630 FL100 and FL250 FL050 and FL180,Easy,0.85,0.5,0.2,3,1,85,3,0,34,0.86,0
274,Stability and Instability,Environmental LR can be more than DALR,True,False,Cannot say,,Environmental LR can be more than DALR True False Cannot say,Hard,0.25,0.4,0.85,4,2,38,3,0,113,0.43,1
275,Ice Accretion,Icing ______ the stalling speed appreciably,Decreases,Increases,Does not increase/decrease,,Icing ______ the stalling speed appreciably Decreases Increases Does not increase/decrease,Hard,0.25,0.4,0.85,5,3,43,3,0,86,0.43,1
276,Winds,A significant wind shear is generally associated with TS or line squall,False,True,Cannot say,,A significant wind shear is generally associated with TS or line squall False True Cannot say,Easy,0.85,0.5,0.2,6,1,71,3,0,42,0.89,0
277,Temperature,Freezing point of water is,0°F,12°F,32°F,,Freezing point of water is 0°F 12°F 32°F,Easy,0.85,0.5,0.2,7,2,26,3,0,30,0.93,0
278,Stability and Instability,SALR at mean sea level is about,10°C/km,5°C/km,5°F/km,,SALR at mean sea level is about 10°C/km 5°C/km 5°F/km,Easy,0.85,0.5,0.2,8,3,31,3,0,31,0.81,0
279,Radar Meteorology,Doppler weather radars detect wind velocity along the radar beam direction by measuring:,Frequency shift (Doppler shift) between transmitted and received pulses,Echo pulse width variation,Total return amplitude only,,Doppler weather radars detect wind velocity along the radar beam direction by measuring: Frequency shift (Doppler shift) between transmitted and received pulses Echo pulse width variation Total return amplitude only,Hard,0.25,0.4,0.85,9,1,88,3,0,103,0.23,1
280,Thunderstorm,The diametre of Macroburst,<4 km,4 km or more,Less than 6 km,,The diametre of Macroburst <4 km 4 km or more Less than 6 km,Medium,0.5,0.85,0.4,0,2,26,3,0,67,0.65,2
281,Radar Meteorology,Ground-based storm detection radars in tropical cyclone coastal networks predominantly utilize:,S-band (10 cm wavelength) to minimize rain attenuation,X-band (3 cm) for high sensitivity,Ka-band (8 mm),,Ground-based storm detection radars in tropical cyclone coastal networks predominantly utilize: S-band (10 cm wavelength) to minimize rain attenuation X-band (3 cm) for high sensitivity Ka-band (8 mm),Medium,0.5,0.85,0.4,1,3,95,3,0,52,0.64,2
282,Optical Phenomena,Halo occur in the cloud,AS,NS,CS,,Halo occur in the cloud AS NS CS,Easy,0.85,0.5,0.2,2,1,23,3,0,38,0.81,0
283,Aviation Weather Reports (METAR and SPECI),"In METAR wind reporting, '24015G28KT 180V300' indicates mean wind 240°/15 kt with gusts to 28 kt, and wind direction varying between:",180° and 300° when wind speed is at least 3 kt,180° and 300° with variation of 60° or more,180° and 300° magnetic only,,"In METAR wind reporting, '24015G28KT 180V300' indicates mean wind 240°/15 kt with gusts to 28 kt, and wind direction varying between: 180° and 300° when wind speed is at least 3 kt 180° and 300° with variation of 60° or more 180° and 300° magnetic only",Easy,0.85,0.5,0.2,3,2,133,3,1,39,0.92,0
284,Jet Streams,Flying at right angles to a jet stream with falling pressure you will experience,Increasing head wind,Increasing tail wind,Wind from right,,Flying at right angles to a jet stream with falling pressure you will experience Increasing head wind Increasing tail wind Wind from right,Medium,0.5,0.85,0.4,4,3,80,3,0,73,0.62,2
285,Vertical Motion and Clouds,Rain falling from cloud but not reaching ground is,Virgo,Virga,Mirage,,Rain falling from cloud but not reaching ground is Virgo Virga Mirage,Medium,0.5,0.85,0.4,5,1,50,3,0,56,0.59,2
286,Winds,The wind sliding down a hill during night is called,Fohn,Anabatic,Katabatic,,The wind sliding down a hill during night is called Fohn Anabatic Katabatic,Easy,0.85,0.5,0.2,6,2,51,3,0,39,0.92,0
287,Atmosphere,In ISA atmosphere the tropopause occurs at a height of,8-10 km,11 km,16-18 km,,In ISA atmosphere the tropopause occurs at a height of 8-10 km 11 km 16-18 km,Hard,0.25,0.4,0.85,7,3,54,3,0,91,0.28,1
288,SIGMET and AIRMET Warnings,"In a SIGMET message, the phrase 'OBS AT 0920Z' indicates:",The phenomenon was observed at 0920 UTC,The phenomenon is expected to dissipate at 0920 UTC,The observation office opened at 0920 UTC,,"In a SIGMET message, the phrase 'OBS AT 0920Z' indicates: The phenomenon was observed at 0920 UTC The phenomenon is expected to dissipate at 0920 UTC The observation office opened at 0920 UTC",Easy,0.85,0.5,0.2,8,1,57,3,1,28,0.93,0
289,Altimetry and Pressure Settings,"If airfield elevation is 640 ft and QNH is 1010 hPa, what is the approximate QFE? (Assume 1 hPa = 30 ft):",989 hPa,1031 hPa,1000 hPa,,"If airfield elevation is 640 ft and QNH is 1010 hPa, what is the approximate QFE? (Assume 1 hPa = 30 ft): 989 hPa 1031 hPa 1000 hPa",Hard,0.25,0.4,0.85,9,2,105,3,1,98,0.35,1
290,Clear Air Turbulence,Most CAT occurs on the ______ of a jet stream and in the vicinity of upper level frontal zones where temperature contrasts are strong,Fringes,Within the core,Axis,,Most CAT occurs on the ______ of a jet stream and in the vicinity of upper level frontal zones where temperature contrasts are strong Fringes Within the core Axis,Medium,0.5,0.85,0.4,0,3,133,3,0,48,0.68,2
291,Aviation Weather Reports (METAR and SPECI),What does 'Q1008' in a METAR signify?,QFE rounded down to nearest whole hPa,QNH rounded down to nearest whole hectopascal,QFF adjusted for temperature,,What does 'Q1008' in a METAR signify? QFE rounded down to nearest whole hPa QNH rounded down to nearest whole hectopascal QFF adjusted for temperature,Medium,0.5,0.85,0.4,1,1,37,3,1,73,0.56,2
292,Winds,Geostrophic rule breaks down at,Mid latitudes,Poles,Equator,,Geostrophic rule breaks down at Mid latitudes Poles Equator,Hard,0.25,0.4,0.85,2,2,31,3,0,85,0.38,1
293,Temperature,The liquid used in Minimum Thermometer is,Mercury,Alcohol,Spirit,,The liquid used in Minimum Thermometer is Mercury Alcohol Spirit,Easy,0.85,0.5,0.2,3,3,41,3,0,26,0.83,0
294,Air Density,Higher density altitude means,Higher,Lower,Same,,Higher density altitude means Higher Lower Same,Hard,0.25,0.4,0.85,4,1,29,3,0,86,0.44,1
295,Vertical Motion and Clouds,A uniform layer of cloud resembling fog but not on the ground,AS,NS,ST,,A uniform layer of cloud resembling fog but not on the ground AS NS ST,Hard,0.25,0.4,0.85,5,2,61,3,0,124,0.41,1
296,Jet Streams,In the TJ the wind shears are much ______ than the STJ,More,Less,Same,,In the TJ the wind shears are much ______ than the STJ More Less Same,Medium,0.5,0.85,0.4,6,3,54,3,0,55,0.56,2
297,Radar Meteorology,What does a 'radar shadow' (blind zone behind a heavy storm cell) signify to a pilot?,Extreme radar signal attenuation by the front storm cell masking another potential storm behind it,Clear air with zero cloud,Low receiver gain,,What does a 'radar shadow' (blind zone behind a heavy storm cell) signify to a pilot? Extreme radar signal attenuation by the front storm cell masking another potential storm behind it Clear air with zero cloud Low receiver gain,Easy,0.85,0.5,0.2,7,1,85,3,0,30,0.76,0
298,Temperature,Minimum temperature is reached at,Sunrise,Midnight,1/2 to 1 hour after dawn,,Minimum temperature is reached at Sunrise Midnight 1/2 to 1 hour after dawn,Medium,0.5,0.85,0.4,8,2,33,3,0,71,0.68,2
299,Air Density,Air is less denser in,High Altitudes,Warm Air,High humidity,,Air is less denser in High Altitudes Warm Air High humidity,Easy,0.85,0.5,0.2,9,3,21,3,0,36,0.9,0
300,Aerodrome Forecasts (TAF and TREND),Can 'PROB' be used with 'BECMG' in standard ICAO / DGCA TAFs?,"Yes, PROB30 BECMG is common","No, PROB is only permitted with TEMPO or as standalone probability","Yes, only with PROB40",,"Can 'PROB' be used with 'BECMG' in standard ICAO / DGCA TAFs? Yes, PROB30 BECMG is common No, PROB is only permitted with TEMPO or as standalone probability Yes, only with PROB40",Medium,0.5,0.85,0.4,0,1,61,3,0,57,0.67,2
301,Altimetry and Pressure Settings,"When parking an aircraft at an airport, the altimeter set to 1013.25 hPa reads 1,200 ft. This reading represents the airport's:",Pressure Altitude,Density Altitude,Geometric Elevation,,"When parking an aircraft at an airport, the altimeter set to 1013.25 hPa reads 1,200 ft. This reading represents the airport's: Pressure Altitude Density Altitude Geometric Elevation",Easy,0.85,0.5,0.2,1,2,127,3,1,39,0.88,0
302,Meteorological Services for Aviation,Landing Forecast is append to,METAR and SPECI,TAF,AIREP,,Landing Forecast is append to METAR and SPECI TAF AIREP,Medium,0.5,0.85,0.4,2,3,29,3,0,64,0.7,2
303,Air Density,Above 8 km density is ______ at poles than at equator,Higher,Lower,Same,,Above 8 km density is ______ at poles than at equator Higher Lower Same,Medium,0.5,0.85,0.4,3,1,53,3,1,56,0.57,2
304,Aerodrome Forecasts (TAF and TREND),"In a TAF, maximum and minimum expected temperatures are encoded using identifiers:",TX and TN with two-digit date and hour in UTC,TMAX and TMIN with local time,MAX and MIN in Fahrenheit,,"In a TAF, maximum and minimum expected temperatures are encoded using identifiers: TX and TN with two-digit date and hour in UTC TMAX and TMIN with local time MAX and MIN in Fahrenheit",Medium,0.5,0.85,0.4,4,2,82,3,0,59,0.62,2
305,Winds,The inertial flow is,Cyclonic in both the Hemispheres,Anti cyclonic in both the Hemispheres,Anti cyclonic around an anticyclone,,The inertial flow is Cyclonic in both the Hemispheres Anti cyclonic in both the Hemispheres Anti cyclonic around an anticyclone,Hard,0.25,0.4,0.85,5,3,20,3,0,80,0.41,1
306,Optical Phenomena,Halo round the sun shows a pure clear ______ on the outside,Red,Yellow,Violet,,Halo round the sun shows a pure clear ______ on the outside Red Yellow Violet,Medium,0.5,0.85,0.4,6,1,59,3,0,59,0.71,2
307,Aerodrome Forecasts (TAF and TREND),Can 'PROB' be used with 'BECMG' in standard ICAO / DGCA TAFs?,"Yes, PROB30 BECMG is common","No, PROB is only permitted with TEMPO or as standalone probability","Yes, only with PROB40",,"Can 'PROB' be used with 'BECMG' in standard ICAO / DGCA TAFs? Yes, PROB30 BECMG is common No, PROB is only permitted with TEMPO or as standalone probability Yes, only with PROB40",Medium,0.5,0.85,0.4,7,2,61,3,0,68,0.64,2
308,General Circulation,"A part of the sinking air over the subtropical highs flows towards the equator, turning west (in the northern hemisphere) due to the Coriolis force. This surface air is called",Trade winds,Roaring forties,Doldrums,,"A part of the sinking air over the subtropical highs flows towards the equator, turning west (in the northern hemisphere) due to the Coriolis force. This surface air is called Trade winds Roaring forties Doldrums",Hard,0.25,0.4,0.85,8,3,175,3,0,92,0.27,1
309,Flight Weather Planning and Route Hazards,"If an aircraft experiences volcanic ash cloud penetration en-route, immediate pilot actions include:","Reduce thrust to flight idle, disconnect autothrottle, reverse course, and turn on all de-icing/engine ignition",Increase to maximum takeoff thrust and climb,Descend rapidly with speedbrakes,,"If an aircraft experiences volcanic ash cloud penetration en-route, immediate pilot actions include: Reduce thrust to flight idle, disconnect autothrottle, reverse course, and turn on all de-icing/engine ignition Increase to maximum takeoff thrust and climb Descend rapidly with speedbrakes",Medium,0.5,0.85,0.4,9,1,100,3,0,54,0.66,2
310,Ice Accretion,Opaque Rime ice is,Light porous,Solid,Mixture of porous and solid,,Opaque Rime ice is Light porous Solid Mixture of porous and solid,Medium,0.5,0.85,0.4,0,2,18,3,0,52,0.62,2
311,Temperature,Freezing point of water is,173 K,273 K,373 K,,Freezing point of water is 173 K 273 K 373 K,Easy,0.85,0.5,0.2,1,3,26,3,0,34,0.83,0
312,World Area Forecast System (WAFS and SIGWX),WAFS wind and temperature forecast data are globally transmitted in digital format known as:,GRIB (Gridded Binary) and BUFR code,ASCII text tables,PDF raster graphics only,,WAFS wind and temperature forecast data are globally transmitted in digital format known as: GRIB (Gridded Binary) and BUFR code ASCII text tables PDF raster graphics only,Hard,0.25,0.4,0.85,2,1,92,3,0,75,0.44,1
313,Precipitation,Rainfall in the tropics is more in the,Morning,Afternoon,Night,,Rainfall in the tropics is more in the Morning Afternoon Night,Easy,0.85,0.5,0.2,3,2,38,3,0,40,0.88,0
314,Atmospheric Pressure,Flying from Delhi to Kolkata at constant indicated altitude but experiencing drift to Starboard. The actual altitude will be (vis-à-vis) indicated altitude,Lower,Same,Higher,,Flying from Delhi to Kolkata at constant indicated altitude but experiencing drift to Starboard. The actual altitude will be (vis-à-vis) indicated altitude Lower Same Higher,Medium,0.5,0.85,0.4,4,3,155,3,0,71,0.7,2
315,Thunderstorm,Hail grows by,Freezing as it leaves the cloud,Up and down forces in CU cloud,Collision with supercooled water drops,,Hail grows by Freezing as it leaves the cloud Up and down forces in CU cloud Collision with supercooled water drops,Medium,0.5,0.85,0.4,5,1,13,3,0,52,0.7,2
316,Humidity,"Free air temperature, Wet bulb temperature and Dew point temperature are equal when",Air temperature is 0°C,Relative humidity is 100%,Air temperature is not below 0°C,,"Free air temperature, Wet bulb temperature and Dew point temperature are equal when Air temperature is 0°C Relative humidity is 100% Air temperature is not below 0°C",Easy,0.85,0.5,0.2,6,2,83,3,0,32,0.92,0
317,Air Density,The altitude in ISA at which air density is the same as the observed density is,Density Altitude,ISA Density,Real Density,,The altitude in ISA at which air density is the same as the observed density is Density Altitude ISA Density Real Density,Medium,0.5,0.85,0.4,7,3,79,3,0,49,0.63,2
318,General Circulation,"Latitudinally, on the average there is radiation ______ in the tropics than in the polar regions",Surplus,Deficit,Balance,,"Latitudinally, on the average there is radiation ______ in the tropics than in the polar regions Surplus Deficit Balance",Medium,0.5,0.85,0.4,8,1,96,3,0,62,0.62,2
319,Altimetry and Pressure Settings,"When the altimeter subscale is set to QFE, the instrument indicates:",Height above the aerodrome reference datum (reads zero on touchdown),True altitude above sea level,Flight Level,,"When the altimeter subscale is set to QFE, the instrument indicates: Height above the aerodrome reference datum (reads zero on touchdown) True altitude above sea level Flight Level",Hard,0.25,0.4,0.85,9,2,68,3,0,103,0.28,1
320,Ice Accretion,Glazed ice is formed by freezing of ______ supercooled water droplets on airframe when aircraft is flying through clouds,Small,Large,Medium,,Glazed ice is formed by freezing of ______ supercooled water droplets on airframe when aircraft is flying through clouds Small Large Medium,Medium,0.5,0.85,0.4,0,3,120,3,0,54,0.62,2
321,Winds,"Upper level wind is 24025 kt, lower level wind is 06015 kt, the thermal wind is",16010 kt,24040 kt,24010 kt,,"Upper level wind is 24025 kt, lower level wind is 06015 kt, the thermal wind is 16010 kt 24040 kt 24010 kt",Hard,0.25,0.4,0.85,1,1,79,3,1,76,0.41,1
322,SIGMET and AIRMET Warnings,Standard validity of a SIGMET for weather phenomena other than volcanic ash or tropical cyclone is:,Not more than 4 hours,Up to 12 hours,Up to 2 hours,,Standard validity of a SIGMET for weather phenomena other than volcanic ash or tropical cyclone is: Not more than 4 hours Up to 12 hours Up to 2 hours,Easy,0.85,0.5,0.2,2,2,99,3,0,29,0.83,0
323,Optical Phenomena,"Corona are formed due to light, passing through",Mist only,Fog only,Small water or ice particles only,,"Corona are formed due to light, passing through Mist only Fog only Small water or ice particles only",Hard,0.25,0.4,0.85,3,3,47,3,0,113,0.45,1
324,Precipitation,Giant Nucleus Theory explains occurrence of rainfall over,Maritime areas,Inland areas,Hilly areas,,Giant Nucleus Theory explains occurrence of rainfall over Maritime areas Inland areas Hilly areas,Medium,0.5,0.85,0.4,4,1,57,3,0,55,0.65,2
325,Stability and Instability,Dry air is unstable when,ELR = DALR,ELR > DALR,ELR < DALR,,Dry air is unstable when ELR = DALR ELR > DALR ELR < DALR,Medium,0.5,0.85,0.4,5,2,24,3,0,64,0.53,2
326,Precipitation,Areas to the ______ of western Ghats of India are rain shadow areas,W,S,E,,Areas to the ______ of western Ghats of India are rain shadow areas W S E,Medium,0.5,0.85,0.4,6,3,67,3,0,45,0.53,2
327,Atmosphere,Maximum concentration of ozone is at a height of,10-15 km,20-25 km,30-35 km,,Maximum concentration of ozone is at a height of 10-15 km 20-25 km 30-35 km,Easy,0.85,0.5,0.2,7,1,48,3,0,38,0.81,0
328,Airmasses Fronts and Western Disturbances,"A WD with two or more closed isobars, at 2 hPa interval, it is termed as",Troughs in Westerlies,Western Depression,Western Cyclone,,"A WD with two or more closed isobars, at 2 hPa interval, it is termed as Troughs in Westerlies Western Depression Western Cyclone",Medium,0.5,0.85,0.4,8,2,72,3,1,69,0.6,2
329,Aerodrome Forecasts (TAF and TREND),"In a TAF, maximum and minimum expected temperatures are encoded using identifiers:",TX and TN with two-digit date and hour in UTC,TMAX and TMIN with local time,MAX and MIN in Fahrenheit,,"In a TAF, maximum and minimum expected temperatures are encoded using identifiers: TX and TN with two-digit date and hour in UTC TMAX and TMIN with local time MAX and MIN in Fahrenheit",Medium,0.5,0.85,0.4,9,3,82,3,0,52,0.64,2
330,Tropical Systems,Cyclonic storm cross Tamil Nadu coast in,Oct-Nov,Jul-Aug,Feb-May,,Cyclonic storm cross Tamil Nadu coast in Oct-Nov Jul-Aug Feb-May,Hard,0.25,0.4,0.85,0,1,40,3,0,107,0.37,1
331,Temperature,An air parcel is lifted till it gets saturated. The temperature attained by it is called,Potential temperature,Wet bulb,Dew point,,An air parcel is lifted till it gets saturated. The temperature attained by it is called Potential temperature Wet bulb Dew point,Easy,0.85,0.5,0.2,1,2,88,3,0,27,0.81,0
332,Aerodrome Forecasts (TAF and TREND),"In a TAF, maximum and minimum expected temperatures are encoded using identifiers:",TX and TN with two-digit date and hour in UTC,TMAX and TMIN with local time,MAX and MIN in Fahrenheit,,"In a TAF, maximum and minimum expected temperatures are encoded using identifiers: TX and TN with two-digit date and hour in UTC TMAX and TMIN with local time MAX and MIN in Fahrenheit",Easy,0.85,0.5,0.2,2,3,82,3,0,38,0.81,0
333,Temperature,Solar radiation received by the earth is,Long Wave,Albedo,Shortwave,,Solar radiation received by the earth is Long Wave Albedo Shortwave,Medium,0.5,0.85,0.4,3,1,40,3,0,52,0.63,2
334,Altimetry and Pressure Settings,"An aircraft is cruising at FL100. Ambient air temperature is -25°C. What is the true altitude? (ISA at 10,000 ft is -5°C):","9,200 ft","10,800 ft","10,000 ft",,"An aircraft is cruising at FL100. Ambient air temperature is -25°C. What is the true altitude? (ISA at 10,000 ft is -5°C): 9,200 ft 10,800 ft 10,000 ft",Hard,0.25,0.4,0.85,4,2,122,3,1,115,0.28,1
335,Aviation Weather Reports (METAR and SPECI),Calculate the dew point depression from the METAR group '18/14':,4°C,32°C,1.28°C,,Calculate the dew point depression from the METAR group '18/14': 4°C 32°C 1.28°C,Easy,0.85,0.5,0.2,5,3,64,3,1,25,0.92,0
336,Atmospheric Pressure,Flying from Low to High an altimeter would read,Over,Under,Constant,,Flying from Low to High an altimeter would read Over Under Constant,Medium,0.5,0.85,0.4,6,1,47,3,0,57,0.63,2
337,Atmosphere,CO2 and H2O are also called,Green House Gases,Rare Earth Gases,Neutral,,CO2 and H2O are also called Green House Gases Rare Earth Gases Neutral,Easy,0.85,0.5,0.2,7,2,27,3,1,30,0.85,0
338,Temperature,Which surface will cause higher diurnal variation,Forest,Desert,Water,,Which surface will cause higher diurnal variation Forest Desert Water,Hard,0.25,0.4,0.85,8,3,49,3,0,91,0.5,1
339,Atmospheric Pressure,What type of inversion occurs when a stable layer lies in a high pressure area,Negative,Radiation,Subsidence,,What type of inversion occurs when a stable layer lies in a high pressure area Negative Radiation Subsidence,Medium,0.5,0.85,0.4,9,1,78,3,0,61,0.66,2
340,Clear Air Turbulence,For mountain waves to form the wind speed for small mountains should be at least,15 m/s,10 m/s,7 m/s,,For mountain waves to form the wind speed for small mountains should be at least 15 m/s 10 m/s 7 m/s,Hard,0.25,0.4,0.85,0,2,80,3,0,101,0.5,1
341,Visibility and Fog,Radiation Fog forms over N India during,May to June,Dec to Feb,Oct to Nov,,Radiation Fog forms over N India during May to June Dec to Feb Oct to Nov,Medium,0.5,0.85,0.4,1,3,39,3,0,75,0.59,2
342,Thunderstorm,Norwesters normally occur during,Mornings,Afternoons,Nights,,Norwesters normally occur during Mornings Afternoons Nights,Medium,0.5,0.85,0.4,2,1,32,3,0,54,0.55,2
343,Atmosphere,Height of Tropopause at equator is,8-10 km,16-18 km,12 km,,Height of Tropopause at equator is 8-10 km 16-18 km 12 km,Medium,0.5,0.85,0.4,3,2,34,3,0,62,0.68,2
344,Clear Air Turbulence,In Mountain waves the Rotor clouds form in,Troughs,Ridges,Valley,,In Mountain waves the Rotor clouds form in Troughs Ridges Valley,Hard,0.25,0.4,0.85,4,3,42,3,0,80,0.46,1
345,Climatology of India,Pressure gradient over West Coast of India is steep during,Pre monsoon,Winters,Post monsoon,Monsoon,Pressure gradient over West Coast of India is steep during Pre monsoon Winters Post monsoon Monsoon,Medium,0.5,0.85,0.4,5,1,58,4,0,72,0.54,2
346,Atmosphere,The knowledge of the height of tropopause is important for a pilot because,Clouds rarely reach up to this height,Weather is mainly confined up to this level,Stratosphere starts at this height,,The knowledge of the height of tropopause is important for a pilot because Clouds rarely reach up to this height Weather is mainly confined up to this level Stratosphere starts at this height,Medium,0.5,0.85,0.4,6,2,74,3,0,46,0.58,2
347,Aerodrome Forecasts (TAF and TREND),"In a TREND forecast, the indicator 'NOSIG' means:",No significant changes are expected during the next 2 hours,No signal from met sensors,No clouds in the sky,,"In a TREND forecast, the indicator 'NOSIG' means: No significant changes are expected during the next 2 hours No signal from met sensors No clouds in the sky",Medium,0.5,0.85,0.4,7,3,49,3,0,70,0.67,2
348,Airmasses Fronts and Western Disturbances,"CB, Roll-type clouds, SC, AC with embedded CB are associated with",Cold front,Warm front,Occluded Front,,"CB, Roll-type clouds, SC, AC with embedded CB are associated with Cold front Warm front Occluded Front",Medium,0.5,0.85,0.4,8,1,65,3,0,69,0.58,2
349,Atmospheric Pressure,Isallobars are lines of equal,Pressure,Temperature Tendency,Pressure Tendency,,Isallobars are lines of equal Pressure Temperature Tendency Pressure Tendency,Hard,0.25,0.4,0.85,9,2,29,3,0,80,0.21,1
350,Climatology of India,"During post monsoon, pressure gradient over India is",Weak,Steep,Same as winters,,"During post monsoon, pressure gradient over India is Weak Steep Same as winters",Medium,0.5,0.85,0.4,0,3,52,3,0,49,0.69,2
351,Flight Weather Planning and Route Hazards,"If an aircraft experiences volcanic ash cloud penetration en-route, immediate pilot actions include:","Reduce thrust to flight idle, disconnect autothrottle, reverse course, and turn on all de-icing/engine ignition",Increase to maximum takeoff thrust and climb,Descend rapidly with speedbrakes,,"If an aircraft experiences volcanic ash cloud penetration en-route, immediate pilot actions include: Reduce thrust to flight idle, disconnect autothrottle, reverse course, and turn on all de-icing/engine ignition Increase to maximum takeoff thrust and climb Descend rapidly with speedbrakes",Hard,0.25,0.4,0.85,1,1,100,3,0,88,0.38,1
352,Flight Weather Planning and Route Hazards,Which weather phenomenon poses the greatest threat of rapid airframe loss of control on approach?,Low-level microburst with strong downdraft and horizontal wind shear,Light uniform stratus fog,Moderate continuous rain,,Which weather phenomenon poses the greatest threat of rapid airframe loss of control on approach? Low-level microburst with strong downdraft and horizontal wind shear Light uniform stratus fog Moderate continuous rain,Hard,0.25,0.4,0.85,2,2,97,3,0,93,0.26,1
353,Jet Streams,At and near the STJ the temperature gradient is very,Small,Large,Moderate,,At and near the STJ the temperature gradient is very Small Large Moderate,Hard,0.25,0.4,0.85,3,3,52,3,0,125,0.44,1
354,Clear Air Turbulence,CAT is the bumpiness experienced by aircraft at high altitudes. Over North India its maximum frequency is during,Oct-May,Jul-Aug,Jun-Sep,,CAT is the bumpiness experienced by aircraft at high altitudes. Over North India its maximum frequency is during Oct-May Jul-Aug Jun-Sep,Medium,0.5,0.85,0.4,4,1,112,3,0,48,0.61,2
355,Climatology of India,An AC flying in Winter season from Chennai to Kolkata at 12 km will experience,Ely,Wly,Nly,Sly,An AC flying in Winter season from Chennai to Kolkata at 12 km will experience Ely Wly Nly Sly,Medium,0.5,0.85,0.4,5,2,78,4,1,61,0.57,2
356,Radar Meteorology,Why do dry snow particles return much weaker radar echoes than equivalent liquid raindrops?,The dielectric constant of ice is approximately 1/5 that of liquid water,Snow absorbs all radar radiation,Snow crystals reflect microwaves only upward,,Why do dry snow particles return much weaker radar echoes than equivalent liquid raindrops? The dielectric constant of ice is approximately 1/5 that of liquid water Snow absorbs all radar radiation Snow crystals reflect microwaves only upward,Hard,0.25,0.4,0.85,6,3,91,3,0,114,0.28,1
357,Atmospheric Pressure,What kind of a barometer is an altimeter,Aneroid,Mercury,Alcohol,,What kind of a barometer is an altimeter Aneroid Mercury Alcohol,Easy,0.85,0.5,0.2,7,1,40,3,0,32,0.81,0
358,Vertical Motion and Clouds,Corona is associated with the cloud,AS,AC,CO,,Corona is associated with the cloud AS AC CO,Hard,0.25,0.4,0.85,8,2,35,3,0,99,0.4,1
359,Airmasses Fronts and Western Disturbances,Ahead of a warm front the surface wind,Backs & weakens,Veers & strengthens,Backs & strengthens,,Ahead of a warm front the surface wind Backs & weakens Veers & strengthens Backs & strengthens,Medium,0.5,0.85,0.4,9,3,38,3,0,73,0.71,2
360,Air Density,Density is ______ at poles than equator,Higher,Lower,Same,,Density is ______ at poles than equator Higher Lower Same,Easy,0.85,0.5,0.2,0,1,39,3,0,32,0.85,0
361,Precipitation,Very heavy precipitation as showers over a short period is called,Flash floods,Cloud Burst,Orographic Rain,,Very heavy precipitation as showers over a short period is called Flash floods Cloud Burst Orographic Rain,Easy,0.85,0.5,0.2,1,2,65,3,0,33,0.82,0
362,Temperature,Boiling point of water is,373 K,273 K,173 K,,Boiling point of water is 373 K 273 K 173 K,Easy,0.85,0.5,0.2,2,3,25,3,0,20,0.84,0
363,Climatology of India,Break in monsoon occurs when the axis of monsoon trough is along the,Gangetic plains,Foot hills of Himalayas,Bay of Bengal,,Break in monsoon occurs when the axis of monsoon trough is along the Gangetic plains Foot hills of Himalayas Bay of Bengal,Medium,0.5,0.85,0.4,3,1,68,3,0,53,0.65,2
364,Precipitation,Rain shadow area is on the ______ of the mountain range,Top,Windward side,Leeward side,,Rain shadow area is on the ______ of the mountain range Top Windward side Leeward side,Medium,0.5,0.85,0.4,4,2,55,3,0,68,0.63,2
365,Stability and Instability,"SALR 5.5°C, ELR= 4.5°C; atmosphere is",Unstable,Stable,Indifferent,,"SALR 5.5°C, ELR= 4.5°C; atmosphere is Unstable Stable Indifferent",Easy,0.85,0.5,0.2,5,3,37,3,1,35,0.94,0
366,General Circulation,Rising air creates calms or doldrums in the equatorial region,ITCZ,Horse Latitudes,Equatorial Doldrums,,Rising air creates calms or doldrums in the equatorial region ITCZ Horse Latitudes Equatorial Doldrums,Medium,0.5,0.85,0.4,6,1,61,3,0,47,0.53,2
367,Climatology of India,The rainfall over India during monsoon depends on,Low over Pakistan,Depression over Bay of Bengal,The position of the axis of Monsoon Trough,,The rainfall over India during monsoon depends on Low over Pakistan Depression over Bay of Bengal The position of the axis of Monsoon Trough,Medium,0.5,0.85,0.4,7,2,49,3,0,55,0.7,2
368,Jet Streams,Vertical wind shear in STJ is greater,Above,Below,Along,,Vertical wind shear in STJ is greater Above Below Along,Medium,0.5,0.85,0.4,8,3,37,3,0,56,0.53,2
369,General Circulation,Tropical disturbance which reach the zone of transition in the upper level flow change course and begin to move in a,Perpendicular direction,Opposite direction,Southwards,,Tropical disturbance which reach the zone of transition in the upper level flow change course and begin to move in a Perpendicular direction Opposite direction Southwards,Medium,0.5,0.85,0.4,9,1,116,3,0,46,0.65,2
370,Satellite Meteorology,Which Indian meteorological satellites provide regular half-hourly multispectral imagery for aviation and cyclone tracking?,INSAT-3D and INSAT-3DR,Aryabhata and Rohini,IRS-1A and Cartosat,,Which Indian meteorological satellites provide regular half-hourly multispectral imagery for aviation and cyclone tracking? INSAT-3D and INSAT-3DR Aryabhata and Rohini IRS-1A and Cartosat,Medium,0.5,0.85,0.4,0,2,123,3,0,62,0.63,2
371,Optical Phenomena,Aurora Australis called ______ Lights,Northern,Southern,Eastern,,Aurora Australis called ______ Lights Northern Southern Eastern,Easy,0.85,0.5,0.2,1,3,37,3,0,21,0.89,0
372,Radar Meteorology,Ground-based storm detection radars in tropical cyclone coastal networks predominantly utilize:,S-band (10 cm wavelength) to minimize rain attenuation,X-band (3 cm) for high sensitivity,Ka-band (8 mm),,Ground-based storm detection radars in tropical cyclone coastal networks predominantly utilize: S-band (10 cm wavelength) to minimize rain attenuation X-band (3 cm) for high sensitivity Ka-band (8 mm),Medium,0.5,0.85,0.4,2,1,95,3,0,69,0.7,2
373,Temperature,The total energy radiated by a black body is proportional to its temperature (T),T2,T3,T4,,The total energy radiated by a black body is proportional to its temperature (T) T2 T3 T4,Medium,0.5,0.85,0.4,3,2,80,3,0,51,0.66,2
374,Optical Phenomena,Halo is produced by,Refraction,Diffraction,Scattering,,Halo is produced by Refraction Diffraction Scattering,Medium,0.5,0.85,0.4,4,3,19,3,0,69,0.59,2
375,Temperature,Water vapour is transparent to terrestrial radiation,Completely,Partially,Indifferent,,Water vapour is transparent to terrestrial radiation Completely Partially Indifferent,Medium,0.5,0.85,0.4,5,1,52,3,0,47,0.66,2
376,Visibility and Fog,Frontal Fog is more common with a,West,Warm Front,Cold Front,,Frontal Fog is more common with a West Warm Front Cold Front,Hard,0.25,0.4,0.85,6,2,33,3,0,111,0.37,1
377,SIGMET and AIRMET Warnings,Calculate the valid duration of a SIGMET with header '041200/041600':,4 hours (from 1200 UTC to 1600 UTC on the 4th day),16 hours total,12 hours total,,Calculate the valid duration of a SIGMET with header '041200/041600': 4 hours (from 1200 UTC to 1600 UTC on the 4th day) 16 hours total 12 hours total,Hard,0.25,0.4,0.85,7,3,69,3,1,106,0.22,1
378,Jet Streams,The vertical wind shear in a Jet stream is about,5 m/s km,10 m/s/km,8 m/s/km,,The vertical wind shear in a Jet stream is about 5 m/s km 10 m/s/km 8 m/s/km,Medium,0.5,0.85,0.4,8,1,48,3,0,61,0.6,2
379,Precipitation,Fog can be dispersed for a short period by artificial stimulation,True,False,Cannot say,,Fog can be dispersed for a short period by artificial stimulation True False Cannot say,Easy,0.85,0.5,0.2,9,2,65,3,0,36,0.87,0
380,Airmasses Fronts and Western Disturbances,The air mass which originates from sea area located in lower Lat is,Warm and Dry,Warm and Moist,Cold and Moist,,The air mass which originates from sea area located in lower Lat is Warm and Dry Warm and Moist Cold and Moist,Medium,0.5,0.85,0.4,0,3,67,3,0,62,0.69,2
381,Ice Accretion,Opaque Rime ice is,Light porous,Solid,Mixture of porous and solid,,Opaque Rime ice is Light porous Solid Mixture of porous and solid,Hard,0.25,0.4,0.85,1,1,18,3,0,90,0.44,1
382,Thunderstorm,The life of Mesoscale Convective Complex TS is,2-3 hr,3-4 hr,6 to 24 hr,,The life of Mesoscale Convective Complex TS is 2-3 hr 3-4 hr 6 to 24 hr,Medium,0.5,0.85,0.4,2,2,46,3,0,53,0.55,2
383,Satellite Meteorology,Enhanced Infrared (EIR) satellite imagery uses color scales specifically to:,Highlight cloud-top temperature thresholds corresponding to severe convective storm tops,Measure wind speed directly,Detect volcanic gas opacity,,Enhanced Infrared (EIR) satellite imagery uses color scales specifically to: Highlight cloud-top temperature thresholds corresponding to severe convective storm tops Measure wind speed directly Detect volcanic gas opacity,Medium,0.5,0.85,0.4,3,3,76,3,0,45,0.61,2
384,Thunderstorm,Hail is,Solid precipitation commonly occurring over the mountainous regions in winters,Frozen or partly frozen rain falling from sheet type of clouds,Solid precipitation falling from a deep convective cloud,,Hail is Solid precipitation commonly occurring over the mountainous regions in winters Frozen or partly frozen rain falling from sheet type of clouds Solid precipitation falling from a deep convective cloud,Medium,0.5,0.85,0.4,4,1,7,3,0,67,0.62,2
385,SIGMET and AIRMET Warnings,A SIGMET is issued by which designated meteorological office?,Aerodrome Meteorological Office (AMO),Meteorological Watch Office (MWO),Aeronautical Station (AMS),,A SIGMET is issued by which designated meteorological office? Aerodrome Meteorological Office (AMO) Meteorological Watch Office (MWO) Aeronautical Station (AMS),Easy,0.85,0.5,0.2,5,2,61,3,0,34,0.87,0
386,Air Density,Higher density altitude means,Higher,Lower,Same,,Higher density altitude means Higher Lower Same,Easy,0.85,0.5,0.2,6,3,29,3,0,29,0.84,0
387,Atmosphere,Height of tropopause,Is constant,Varies with altitude,Varies with Latitude,,Height of tropopause Is constant Varies with altitude Varies with Latitude,Medium,0.5,0.85,0.4,7,1,20,3,0,66,0.65,2
388,Jet Streams,The STJ strengthens,Northwards,Upstream,Downstream,,The STJ strengthens Northwards Upstream Downstream,Medium,0.5,0.85,0.4,8,2,19,3,0,69,0.59,2
389,Thunderstorm,Over valley and foot hills TS generally occur during,Afternoon,Night & early morning,Noon,,Over valley and foot hills TS generally occur during Afternoon Night & early morning Noon,Medium,0.5,0.85,0.4,9,3,52,3,0,49,0.53,2
390,Stability and Instability,Rise in temperature with height is,Inversion,Lapse,Normal,,Rise in temperature with height is Inversion Lapse Normal,Medium,0.5,0.85,0.4,0,1,34,3,0,63,0.61,2
391,Flight Weather Planning and Route Hazards,"Under ICAO Annex 3, the standard meteorological documentation provided in a pilot flight briefing folder includes:","Significant Weather (SIGWX) chart, upper wind/temp charts, relevant TAFs, METARs, and active SIGMETs",General news report and surface road maps,Satellite telemetry raw data,,"Under ICAO Annex 3, the standard meteorological documentation provided in a pilot flight briefing folder includes: Significant Weather (SIGWX) chart, upper wind/temp charts, relevant TAFs, METARs, and active SIGMETs General news report and surface road maps Satellite telemetry raw data",Medium,0.5,0.85,0.4,1,2,114,3,1,54,0.56,2
392,Air Density,"Temperature being constant, if pressure increases the density altitude",Increases,Lowers,Remains the same,,"Temperature being constant, if pressure increases the density altitude Increases Lowers Remains the same",Easy,0.85,0.5,0.2,2,3,70,3,0,25,0.86,0
393,Clear Air Turbulence,For mountain waves to form there should be ______ air below the ridge and less stable air above,Stable,Unstable,Indifferent,,For mountain waves to form there should be ______ air below the ridge and less stable air above Stable Unstable Indifferent,Medium,0.5,0.85,0.4,3,1,95,3,0,72,0.67,2
394,General Circulation,The disturbances of middle latitudes move from,W to E,E to W,N to S,S to N,The disturbances of middle latitudes move from W to E E to W N to S S to N,Medium,0.5,0.85,0.4,4,2,46,4,0,51,0.68,2
395,Flight Weather Planning and Route Hazards,Which weather phenomenon poses the greatest threat of rapid airframe loss of control on approach?,Low-level microburst with strong downdraft and horizontal wind shear,Light uniform stratus fog,Moderate continuous rain,,Which weather phenomenon poses the greatest threat of rapid airframe loss of control on approach? Low-level microburst with strong downdraft and horizontal wind shear Light uniform stratus fog Moderate continuous rain,Easy,0.85,0.5,0.2,5,3,97,3,0,32,0.9,0
396,Atmosphere,Nacreous clouds occur in,Thermosphere,Mesosphere,Upper Stratosphere,,Nacreous clouds occur in Thermosphere Mesosphere Upper Stratosphere,Easy,0.85,0.5,0.2,6,1,24,3,0,40,0.85,0
397,Aerodrome Forecasts (TAF and TREND),"A standard short-period TAF is usually valid for ______ hours, whereas long-haul TAF is valid for ______ hours:",9 hours; 24 or 30 hours,3 hours; 12 hours,6 hours; 18 hours,,"A standard short-period TAF is usually valid for ______ hours, whereas long-haul TAF is valid for ______ hours: 9 hours; 24 or 30 hours 3 hours; 12 hours 6 hours; 18 hours",Easy,0.85,0.5,0.2,7,2,111,3,0,36,0.86,0
398,Thunderstorm,For a severe TS one of the requirements is strong Wind Shear,Horizontal,Vertical,Slant,,For a severe TS one of the requirements is strong Wind Shear Horizontal Vertical Slant,Hard,0.25,0.4,0.85,8,3,60,3,0,104,0.3,1
399,Air Density,Density is usually expressed as,Kg/cu m,g/cu m,N/cu m,,Density is usually expressed as Kg/cu m g/cu m N/cu m,Hard,0.25,0.4,0.85,9,1,31,3,0,85,0.29,1
400,Optical Phenomena,Corona occur in ______ clouds,AS,NS,CS,,Corona occur in ______ clouds AS NS CS,Medium,0.5,0.85,0.4,0,2,29,3,0,69,0.58,2
401,Aviation Weather Reports (METAR and SPECI),"In METAR decoding, 'BKN015CB' means:",5 to 7 oktas Cumulonimbus base at 1500 ft AGL,3 to 4 oktas Cumulonimbus base at 150 ft AGL,Broken Cumulonimbus base at 15000 ft AMSL,,"In METAR decoding, 'BKN015CB' means: 5 to 7 oktas Cumulonimbus base at 1500 ft AGL 3 to 4 oktas Cumulonimbus base at 150 ft AGL Broken Cumulonimbus base at 15000 ft AMSL",Hard,0.25,0.4,0.85,1,3,36,3,1,97,0.47,1
402,Air Density,Density altitude may define,The altitude at which the prevailing pressure occurs,The altitude in ISA at which the prevailing density occurs,The altitude in actual atmosphere at which the prevailing density occurs,,Density altitude may define The altitude at which the prevailing pressure occurs The altitude in ISA at which the prevailing density occurs The altitude in actual atmosphere at which the prevailing density occurs,Medium,0.5,0.85,0.4,2,1,27,3,0,60,0.54,2
403,Clear Air Turbulence,For mountain waves to form the wind speed for large mountains should be at least,15 m/s,10 m/s,7 m/s,,For mountain waves to form the wind speed for large mountains should be at least 15 m/s 10 m/s 7 m/s,Easy,0.85,0.5,0.2,3,2,80,3,0,38,0.92,0
404,Airmasses Fronts and Western Disturbances,Induced lows develop to the ______ of a WD,N,S,NE,,Induced lows develop to the ______ of a WD N S NE,Medium,0.5,0.85,0.4,4,3,42,3,0,54,0.62,2
405,Climatology of India,During break monsoon the pressures all over the country,Rise,Fall,Do not change,,During break monsoon the pressures all over the country Rise Fall Do not change,Medium,0.5,0.85,0.4,5,1,55,3,0,62,0.53,2
406,Air Density,Air is less denser in,High Altitudes,Warm Air,High humidity,,Air is less denser in High Altitudes Warm Air High humidity,Easy,0.85,0.5,0.2,6,2,21,3,0,25,0.89,0
407,Aerodrome Forecasts (TAF and TREND),"A standard short-period TAF is usually valid for ______ hours, whereas long-haul TAF is valid for ______ hours:",9 hours; 24 or 30 hours,3 hours; 12 hours,6 hours; 18 hours,,"A standard short-period TAF is usually valid for ______ hours, whereas long-haul TAF is valid for ______ hours: 9 hours; 24 or 30 hours 3 hours; 12 hours 6 hours; 18 hours",Easy,0.85,0.5,0.2,7,3,111,3,0,42,0.81,0
408,Altimetry and Pressure Settings,"When flying at or above the Transition Level, altimeter subscales must be set to the Standard Pressure Setting:","1013.25 hPa (29.92 inHg), reading Flight Levels",Local aerodrome QNH,En-route regional QNH,,"When flying at or above the Transition Level, altimeter subscales must be set to the Standard Pressure Setting: 1013.25 hPa (29.92 inHg), reading Flight Levels Local aerodrome QNH En-route regional QNH",Easy,0.85,0.5,0.2,8,1,111,3,0,33,0.91,0
409,Humidity,On a rainy day compared to sunny day the length of runway required is,More,Less,Same,,On a rainy day compared to sunny day the length of runway required is More Less Same,Easy,0.85,0.5,0.2,9,2,69,3,0,32,0.8,0
410,Atmospheric Pressure,850 hPa in ISA corresponds to the height,"7,000 ft","5,000 ft","10,000 ft",,"850 hPa in ISA corresponds to the height 7,000 ft 5,000 ft 10,000 ft",Hard,0.25,0.4,0.85,0,3,40,3,1,100,0.35,1
411,Winds,Squall are distinguished from gusts by,Shorter duration,Longer duration,Same duration,,Squall are distinguished from gusts by Shorter duration Longer duration Same duration,Medium,0.5,0.85,0.4,1,1,38,3,0,50,0.6,2
412,Vertical Motion and Clouds,The clouds composed of ice crystals having feathery appearance,CI,CS,AS,,The clouds composed of ice crystals having feathery appearance CI CS AS,Medium,0.5,0.85,0.4,2,2,62,3,0,67,0.54,2
413,Ice Accretion,"CI, CS and CC clouds consist mostly ice crystals. Icing hazard is therefore",Maximum,Medium,Negligible,,"CI, CS and CC clouds consist mostly ice crystals. Icing hazard is therefore Maximum Medium Negligible",Medium,0.5,0.85,0.4,3,3,75,3,0,49,0.53,2
414,Atmosphere,Most of the transfer of heat in the atmosphere is due to,Conduction and freezing,Radiation,"Condensation, sublimation and freezing",,"Most of the transfer of heat in the atmosphere is due to Conduction and freezing Radiation Condensation, sublimation and freezing",Medium,0.5,0.85,0.4,4,1,56,3,0,64,0.68,2
415,Atmospheric Pressure,The movement of wind in relation to a cyclone is,Descending and subsiding,Ascending and converging,Descending and cooling,,The movement of wind in relation to a cyclone is Descending and subsiding Ascending and converging Descending and cooling,Medium,0.5,0.85,0.4,5,2,48,3,0,50,0.58,2
416,Aerodrome Forecasts (TAF and TREND),"In a TAF, maximum and minimum expected temperatures are encoded using identifiers:",TX and TN with two-digit date and hour in UTC,TMAX and TMIN with local time,MAX and MIN in Fahrenheit,,"In a TAF, maximum and minimum expected temperatures are encoded using identifiers: TX and TN with two-digit date and hour in UTC TMAX and TMIN with local time MAX and MIN in Fahrenheit",Easy,0.85,0.5,0.2,6,3,82,3,0,42,0.87,0
417,Air Density,Air is less denser in,High Altitudes,Warm Air,High humidity,,Air is less denser in High Altitudes Warm Air High humidity,Medium,0.5,0.85,0.4,7,1,21,3,0,74,0.65,2
418,Precipitation,Ice crystal Theory explains occurrence of rainfall from the,Warm Clouds,Cold Clouds,Both types of Clouds,,Ice crystal Theory explains occurrence of rainfall from the Warm Clouds Cold Clouds Both types of Clouds,Medium,0.5,0.85,0.4,8,2,59,3,0,65,0.56,2
419,Visibility and Fog,Radiation fog forms during,Day,Dusk,Night,,Radiation fog forms during Day Dusk Night,Medium,0.5,0.85,0.4,9,3,26,3,0,72,0.59,2
420,Clear Air Turbulence,Most CAT occurs on the ______ of a jet stream and in the vicinity of upper level frontal zones where temperature contrasts are strong,Fringes,Within the core,Axis,,Most CAT occurs on the ______ of a jet stream and in the vicinity of upper level frontal zones where temperature contrasts are strong Fringes Within the core Axis,Easy,0.85,0.5,0.2,0,1,133,3,0,39,0.75,0
421,Atmospheric Pressure,"An aircraft is gaining altitude, in spite of altimeter reading constant altitude. Why?",Standard pressure has risen,Flying towards High,Flying towards Low,,"An aircraft is gaining altitude, in spite of altimeter reading constant altitude. Why? Standard pressure has risen Flying towards High Flying towards Low",Easy,0.85,0.5,0.2,1,2,86,3,0,40,0.91,0
422,Temperature,During Day the ambient temperature is ______ than ground,Lower,Higher,Same,,During Day the ambient temperature is ______ than ground Lower Higher Same,Easy,0.85,0.5,0.2,2,3,56,3,0,38,0.9,0
423,World Area Forecast System (WAFS and SIGWX),"On a WAFS High-Level SIGWX chart, jet stream core information includes:","Height of jet core in FL, direction, and maximum speed in knots",Temperature in Kelvin only,Lapse rate across the core,,"On a WAFS High-Level SIGWX chart, jet stream core information includes: Height of jet core in FL, direction, and maximum speed in knots Temperature in Kelvin only Lapse rate across the core",Easy,0.85,0.5,0.2,3,1,71,3,0,42,0.86,0
424,Thunderstorm,The life of a Cb cell is usually,7 to 8 hrs,3 to 4 hrs,2-3 hr,,The life of a Cb cell is usually 7 to 8 hrs 3 to 4 hrs 2-3 hr,Medium,0.5,0.85,0.4,4,2,32,3,0,71,0.68,2
425,Vertical Motion and Clouds,Showers occurs from,CU,CB,AS,,Showers occurs from CU CB AS,Medium,0.5,0.85,0.4,5,3,19,3,0,68,0.7,2
426,Humidity,The temperature to which air be cooled at constant pressure to become saturated is called,Wet bulb temperature,Dew point,Dry bulb temperature,,The temperature to which air be cooled at constant pressure to become saturated is called Wet bulb temperature Dew point Dry bulb temperature,Medium,0.5,0.85,0.4,6,1,89,3,0,69,0.7,2
427,Atmosphere,Tropopause is discontinuous at about,30°lat,40°lat,80°lat,,Tropopause is discontinuous at about 30°lat 40°lat 80°lat,Medium,0.5,0.85,0.4,7,2,36,3,0,55,0.57,2
428,Meteorological Services for Aviation,The validity of Landing Forecast (TREND) is,1 hr,2 hr,3 hr,,The validity of Landing Forecast (TREND) is 1 hr 2 hr 3 hr,Easy,0.85,0.5,0.2,8,3,43,3,0,36,0.83,0
429,Climatology of India,The Summer Season period is,Jan-Feb,Mar-May,Jun to Sep,,The Summer Season period is Jan-Feb Mar-May Jun to Sep,Medium,0.5,0.85,0.4,9,1,27,3,0,71,0.57,2
430,Humidity,The ratio in % between the amount of water vapour present in the air to the amount of water vapour that it can hold at the same temperature is,Humidity,Relative humidity,Dew point,,The ratio in % between the amount of water vapour present in the air to the amount of water vapour that it can hold at the same temperature is Humidity Relative humidity Dew point,Easy,0.85,0.5,0.2,0,2,142,3,0,35,0.8,0
431,Clear Air Turbulence,The worst kind of turbulence is encountered in the vicinity of rotor clouds,Rotor Clouds,Lenticular Clouds,Cap Clouds,,The worst kind of turbulence is encountered in the vicinity of rotor clouds Rotor Clouds Lenticular Clouds Cap Clouds,Easy,0.85,0.5,0.2,1,3,75,3,0,34,0.93,0
432,World Area Forecast System (WAFS and SIGWX),"In a WAFS SIGWX chart, clear air turbulence (CAT) is depicted using:",Broken dashed line polygon with CAT intensity symbol and vertical boundaries (base and top in FL),Solid red circle,Dotted green line,,"In a WAFS SIGWX chart, clear air turbulence (CAT) is depicted using: Broken dashed line polygon with CAT intensity symbol and vertical boundaries (base and top in FL) Solid red circle Dotted green line",Easy,0.85,0.5,0.2,2,1,68,3,0,37,0.85,0
433,Radar Meteorology,A weather radar detects precipitation particles through the physical principle of:,Rayleigh scattering and microwave backscatter reflection,Atmospheric refraction of sound waves,Infrared absorption,,A weather radar detects precipitation particles through the physical principle of: Rayleigh scattering and microwave backscatter reflection Atmospheric refraction of sound waves Infrared absorption,Hard,0.25,0.4,0.85,3,2,82,3,0,81,0.23,1
434,Winds,Sea breeze sets in by ______ and dies off at ______,Night/Day,Day/Night,Both Day and Night,,Sea breeze sets in by ______ and dies off at ______ Night/Day Day/Night Both Day and Night,Medium,0.5,0.85,0.4,4,3,51,3,0,53,0.7,2
435,Meteorological Services for Aviation,IMD has ______ Regional Met offices,4,5,6,,IMD has ______ Regional Met offices 4 5 6,Medium,0.5,0.85,0.4,5,1,35,3,0,62,0.57,2
436,Stability and Instability,Dry air having a temperature of 35°C on surface when forced to rise adiabatically by 1 km would attain a temperature of,29°C,25°C,45°C,,Dry air having a temperature of 35°C on surface when forced to rise adiabatically by 1 km would attain a temperature of 29°C 25°C 45°C,Medium,0.5,0.85,0.4,6,2,119,3,1,65,0.66,2
437,Visibility and Fog,Frontal Fog is more common with a,West,Warm Front,Cold Front,,Frontal Fog is more common with a West Warm Front Cold Front,Medium,0.5,0.85,0.4,7,3,33,3,0,73,0.58,2
438,Radar Meteorology,The 'bright band' on a vertical radar profile represents:,The melting layer (0°C isotherm) where melting snowflakes are water-coated and show magnified reflectivity,Sun glint off ice crystals,Ground reflection of radar beam,,The 'bright band' on a vertical radar profile represents: The melting layer (0°C isotherm) where melting snowflakes are water-coated and show magnified reflectivity Sun glint off ice crystals Ground reflection of radar beam,Medium,0.5,0.85,0.4,8,1,57,3,0,58,0.63,2
439,Aviation Weather Reports (METAR and SPECI),"In METAR wind reporting, '24015G28KT 180V300' indicates mean wind 240°/15 kt with gusts to 28 kt, and wind direction varying between:",180° and 300° when wind speed is at least 3 kt,180° and 300° with variation of 60° or more,180° and 300° magnetic only,,"In METAR wind reporting, '24015G28KT 180V300' indicates mean wind 240°/15 kt with gusts to 28 kt, and wind direction varying between: 180° and 300° when wind speed is at least 3 kt 180° and 300° with variation of 60° or more 180° and 300° magnetic only",Medium,0.5,0.85,0.4,9,2,133,3,1,71,0.64,2
440,Flight Weather Planning and Route Hazards,"When planning to fly over high mountain ranges in strong winds (>30 kt perpendicular), what hazard should pilots anticipate on the leeward side?","Severe mountain wave downdrafts, turbulence, and altimeter errors",Immediate wind calm,Increase in barometric pressure,,"When planning to fly over high mountain ranges in strong winds (>30 kt perpendicular), what hazard should pilots anticipate on the leeward side? Severe mountain wave downdrafts, turbulence, and altimeter errors Immediate wind calm Increase in barometric pressure",Hard,0.25,0.4,0.85,0,3,144,3,1,120,0.42,1
441,Thunderstorm,A 'mature' thunderstorm has strong,Updraft only,Downdraft only,Updrafts and downdrafts,,A 'mature' thunderstorm has strong Updraft only Downdraft only Updrafts and downdrafts,Medium,0.5,0.85,0.4,1,1,34,3,0,51,0.55,2
442,Airmasses Fronts and Western Disturbances,Precipitation occurs over a belt of 30-50 km on both side of front,Cold front,Warm front,Occluded Front,,Precipitation occurs over a belt of 30-50 km on both side of front Cold front Warm front Occluded Front,Medium,0.5,0.85,0.4,2,2,66,3,1,59,0.54,2
443,Optical Phenomena,Halo signifies predominance in the cloud of,Supercooled water drops,Ice crystals,Both,,Halo signifies predominance in the cloud of Supercooled water drops Ice crystals Both,Medium,0.5,0.85,0.4,3,3,43,3,0,53,0.6,2
444,Altimetry and Pressure Settings,"As a rule of thumb, how much does true altitude change per 1°C temperature deviation from ISA per 1,000 ft of indicated altitude?","4 ft per 1,000 ft per 1°C deviation","10 ft per 1,000 ft per 1°C deviation","30 ft per 1,000 ft per 1°C deviation",,"As a rule of thumb, how much does true altitude change per 1°C temperature deviation from ISA per 1,000 ft of indicated altitude? 4 ft per 1,000 ft per 1°C deviation 10 ft per 1,000 ft per 1°C deviation 30 ft per 1,000 ft per 1°C deviation",Hard,0.25,0.4,0.85,4,1,129,3,1,92,0.33,1
445,Stability and Instability,Inversion is ______ Lapse Rate (LR),Positive,Negative,Neutral,,Inversion is ______ Lapse Rate (LR) Positive Negative Neutral,Hard,0.25,0.4,0.85,5,2,35,3,0,120,0.35,1
446,Visibility and Fog,"When visibility reduces between 5000 m and 1000 m and RH is almost 100%, it is",Mist,Haze,Fog,,"When visibility reduces between 5000 m and 1000 m and RH is almost 100%, it is Mist Haze Fog",Medium,0.5,0.85,0.4,6,3,78,3,1,69,0.68,2
447,Visibility and Fog,The favourable pressure system for formation of fog is,Lows and Cols,Highs and Cols,Lows and Ridges,,The favourable pressure system for formation of fog is Lows and Cols Highs and Cols Lows and Ridges,Easy,0.85,0.5,0.2,7,1,54,3,0,26,0.85,0
448,Air Density,Air is less denser in,High Altitudes,Warm Air,High humidity,,Air is less denser in High Altitudes Warm Air High humidity,Easy,0.85,0.5,0.2,8,2,21,3,0,36,0.84,0
449,SIGMET and AIRMET Warnings,An AIRMET bulletin is specifically designed for flights operating:,"At low levels, typically below FL100 or FL150 in mountainous terrain",Above FL250 exclusively,Across oceanic routes only,,"An AIRMET bulletin is specifically designed for flights operating: At low levels, typically below FL100 or FL150 in mountainous terrain Above FL250 exclusively Across oceanic routes only",Medium,0.5,0.85,0.4,9,3,66,3,0,65,0.67,2
450,Vertical Motion and Clouds,Lenticular clouds indicate presence of,Warm Front,Cold front,Mountain waves,,Lenticular clouds indicate presence of Warm Front Cold front Mountain waves,Medium,0.5,0.85,0.4,0,1,38,3,0,47,0.68,2
451,Thunderstorm,Over the sea TS are more frequent,Afternoon,Night,Early morning,,Over the sea TS are more frequent Afternoon Night Early morning,Medium,0.5,0.85,0.4,1,2,33,3,0,49,0.56,2
452,Ice Accretion,"______ occurs in a moist cloudless air on an aircraft surface having temp. below 0°C, due to sublimation of water vapour onto feathery ice crystals",Hoar Frost,Glazed,Rime,,"______ occurs in a moist cloudless air on an aircraft surface having temp. below 0°C, due to sublimation of water vapour onto feathery ice crystals Hoar Frost Glazed Rime",Easy,0.85,0.5,0.2,2,3,147,3,1,29,0.86,0
453,Visibility and Fog,Radiation Fog forms over N India during,May to June,Dec to Feb,Oct to Nov,,Radiation Fog forms over N India during May to June Dec to Feb Oct to Nov,Medium,0.5,0.85,0.4,3,1,39,3,0,50,0.57,2
454,Atmosphere,Height of Tropopause at Poles is,12 km,13 km,8-10 km,,Height of Tropopause at Poles is 12 km 13 km 8-10 km,Medium,0.5,0.85,0.4,4,2,32,3,0,49,0.54,2
455,Temperature,Cloudy nights are,Cold,Warm,Normal,,Cloudy nights are Cold Warm Normal,Medium,0.5,0.85,0.4,5,3,17,3,0,55,0.58,2
456,Radar Meteorology,The radar reflectivity factor 'Z' is proportional to which power of droplet diameter (D)?,D^6 (sixth power of droplet diameter),D^2 (square of diameter),D^3 (volume of droplet),,The radar reflectivity factor 'Z' is proportional to which power of droplet diameter (D)? D^6 (sixth power of droplet diameter) D^2 (square of diameter) D^3 (volume of droplet),Hard,0.25,0.4,0.85,6,1,89,3,0,90,0.32,1
457,Precipitation,Rainfall over coastal areas is more in the,Evening,Afternoon,Night & early morning,,Rainfall over coastal areas is more in the Evening Afternoon Night & early morning,Medium,0.5,0.85,0.4,7,2,42,3,0,51,0.68,2
458,Jet Streams,A jet stream has,One max,One or more maxima,Only two maxima,,A jet stream has One max One or more maxima Only two maxima,Medium,0.5,0.85,0.4,8,3,16,3,0,71,0.56,2
459,Airmasses Fronts and Western Disturbances,The airmass which originates over equatorial region is,Warm and dry,Warm and Moist,Cold and dry,,The airmass which originates over equatorial region is Warm and dry Warm and Moist Cold and dry,Easy,0.85,0.5,0.2,9,1,54,3,0,32,0.87,0
460,Atmosphere,Most of atmospheric mass is contained in,Troposphere,Stratosphere,Heterosphere,,Most of atmospheric mass is contained in Troposphere Stratosphere Heterosphere,Medium,0.5,0.85,0.4,0,2,40,3,0,68,0.61,2
461,General Circulation,Steady NE winds in the N hemisphere and SE winds in the S hemisphere are called,Easterly winds,Trade Winds,Tropical Winds,,Steady NE winds in the N hemisphere and SE winds in the S hemisphere are called Easterly winds Trade Winds Tropical Winds,Medium,0.5,0.85,0.4,1,3,79,3,0,59,0.68,2
462,Meteorological Services for Aviation,IMD has ______ Regional Met offices,4,5,6,,IMD has ______ Regional Met offices 4 5 6,Medium,0.5,0.85,0.4,2,1,35,3,0,72,0.68,2
463,Tropical Systems,Surge is sudden strengthening of wind in the,Same,Different,Both,,Surge is sudden strengthening of wind in the Same Different Both,Medium,0.5,0.85,0.4,3,2,44,3,0,71,0.55,2
464,Tropical Systems,TRS develop over,Sea,Land,Islands,,TRS develop over Sea Land Islands,Hard,0.25,0.4,0.85,4,3,16,3,0,102,0.28,1
465,Climatology of India,During break monsoon more rain occurs,Along foot hills,NW India,S India,,During break monsoon more rain occurs Along foot hills NW India S India,Medium,0.5,0.85,0.4,5,1,37,3,0,56,0.6,2
466,Meteorological Services for Aviation,For non-scheduled National Flights an advance notice (before ETD) is required to be given to AMOs,3 hr,18-24 hr,6 hr,,For non-scheduled National Flights an advance notice (before ETD) is required to be given to AMOs 3 hr 18-24 hr 6 hr,Medium,0.5,0.85,0.4,6,2,97,3,0,58,0.67,2
467,SIGMET and AIRMET Warnings,Calculate the valid duration of a SIGMET with header '041200/041600':,4 hours (from 1200 UTC to 1600 UTC on the 4th day),16 hours total,12 hours total,,Calculate the valid duration of a SIGMET with header '041200/041600': 4 hours (from 1200 UTC to 1600 UTC on the 4th day) 16 hours total 12 hours total,Easy,0.85,0.5,0.2,7,3,69,3,1,30,0.9,0
468,Visibility and Fog,Fog is reported when visibility is reduced to,Less than 1000 m,1000 m,1000 to 2000 m,,Fog is reported when visibility is reduced to Less than 1000 m 1000 m 1000 to 2000 m,Hard,0.25,0.4,0.85,8,1,45,3,0,96,0.45,1
469,Atmospheric Pressure,Atmospheric pressure is due to,Wind,Temperature,Gravity,,Atmospheric pressure is due to Wind Temperature Gravity,Hard,0.25,0.4,0.85,9,2,30,3,0,117,0.33,1
470,Airmasses Fronts and Western Disturbances,"CI, CS, AS, NS, ST in sequence are associated with the front",Warm,Cold,Occluded,,"CI, CS, AS, NS, ST in sequence are associated with the front Warm Cold Occluded",Easy,0.85,0.5,0.2,0,3,60,3,0,25,0.82,0
471,Precipitation,Rainfall in the temperate latitudes is more in,Winters,Summers,Spring,,Rainfall in the temperate latitudes is more in Winters Summers Spring,Medium,0.5,0.85,0.4,1,1,46,3,0,45,0.53,2
472,Winds,"In S hemisphere if an observer faces wind, low will be to his",Right,Left,Front,,"In S hemisphere if an observer faces wind, low will be to his Right Left Front",Medium,0.5,0.85,0.4,2,2,61,3,0,62,0.57,2
473,Climatology of India,Flying in winter season from Kolkata to Nagpur at 02 km will experience,Port drift,Starboard drift,Tail wind,Head wind,Flying in winter season from Kolkata to Nagpur at 02 km will experience Port drift Starboard drift Tail wind Head wind,Hard,0.25,0.4,0.85,3,3,71,4,1,106,0.5,1
474,Tropical Systems,Average life of a monsoon depression is,2-3 days,8-9 days,3-5 days,,Average life of a monsoon depression is 2-3 days 8-9 days 3-5 days,Easy,0.85,0.5,0.2,4,1,39,3,0,34,0.93,0
475,Airmasses Fronts and Western Disturbances,Fog occurs in Cold Front,Ahead,During,After,,Fog occurs in Cold Front Ahead During After,Hard,0.25,0.4,0.85,5,2,24,3,0,121,0.36,1
476,Radar Meteorology,"On an airborne weather radar display, hook-shaped echoes or fingers are strongly indicative of:","Severe convective turbulence, hail, and potential tornado / mesocyclone vortex",Gentle continuous stratiform drizzle,Mountain standing wave without rain,,"On an airborne weather radar display, hook-shaped echoes or fingers are strongly indicative of: Severe convective turbulence, hail, and potential tornado / mesocyclone vortex Gentle continuous stratiform drizzle Mountain standing wave without rain",Easy,0.85,0.5,0.2,6,3,95,3,0,25,0.9,0
477,Visibility and Fog,Fog is reported when visibility is reduced to,Less than 1000 m,1000 m,1000 to 2000 m,,Fog is reported when visibility is reduced to Less than 1000 m 1000 m 1000 to 2000 m,Medium,0.5,0.85,0.4,7,1,45,3,0,53,0.7,2
478,Optical Phenomena,Aurora Borealis occur in the,S hemisphere,N hemisphere,Equator,,Aurora Borealis occur in the S hemisphere N hemisphere Equator,Easy,0.85,0.5,0.2,8,2,28,3,0,40,0.85,0
479,Temperature,ALBEDO is,Radiation received by earth,Amount of heat,Reflecting power of earth,,ALBEDO is Radiation received by earth Amount of heat Reflecting power of earth,Easy,0.85,0.5,0.2,9,3,9,3,0,27,0.91,0
480,Tropical Systems,During re-curvature maximum weather in a monsoon depression occurs in,SE sector,NW sector,SW sector,NE sector,During re-curvature maximum weather in a monsoon depression occurs in SE sector NW sector SW sector NE sector,Medium,0.5,0.85,0.4,0,1,69,4,0,58,0.68,2
481,Clear Air Turbulence,"For mountain waves to form there should be flow of air across the ridge, generally ______ of the perpendicular to the ridge",30°,45°,60°,,"For mountain waves to form there should be flow of air across the ridge, generally ______ of the perpendicular to the ridge 30° 45° 60°",Medium,0.5,0.85,0.4,1,2,123,3,0,63,0.56,2
482,Atmosphere,Pressure at MSL is 1002.25 hPa. Find the ISA deviation,-11 hPa,10 hPa,12 hPa,,Pressure at MSL is 1002.25 hPa. Find the ISA deviation -11 hPa 10 hPa 12 hPa,Hard,0.25,0.4,0.85,2,3,54,3,1,84,0.22,1
483,Meteorological Services for Aviation,Global SIGWX Charts are valid for,18 hr,24 hr,9 hr,,Global SIGWX Charts are valid for 18 hr 24 hr 9 hr,Easy,0.85,0.5,0.2,3,1,33,3,0,35,0.92,0
484,Radar Meteorology,"On an airborne weather radar display, hook-shaped echoes or fingers are strongly indicative of:","Severe convective turbulence, hail, and potential tornado / mesocyclone vortex",Gentle continuous stratiform drizzle,Mountain standing wave without rain,,"On an airborne weather radar display, hook-shaped echoes or fingers are strongly indicative of: Severe convective turbulence, hail, and potential tornado / mesocyclone vortex Gentle continuous stratiform drizzle Mountain standing wave without rain",Medium,0.5,0.85,0.4,4,2,95,3,0,50,0.67,2
485,Airmasses Fronts and Western Disturbances,Line Squalls occur ______ of Cold front,Ahead,Behind,At the,,Line Squalls occur ______ of Cold front Ahead Behind At the,Medium,0.5,0.85,0.4,5,3,39,3,0,49,0.58,2
486,Altimetry and Pressure Settings,"When flying at or above the Transition Level, altimeter subscales must be set to the Standard Pressure Setting:","1013.25 hPa (29.92 inHg), reading Flight Levels",Local aerodrome QNH,En-route regional QNH,,"When flying at or above the Transition Level, altimeter subscales must be set to the Standard Pressure Setting: 1013.25 hPa (29.92 inHg), reading Flight Levels Local aerodrome QNH En-route regional QNH",Easy,0.85,0.5,0.2,6,1,111,3,0,40,0.94,0
487,Humidity,The saturation vapour pressure over water is ______ than the ice,More,Less,Same,,The saturation vapour pressure over water is ______ than the ice More Less Same,Easy,0.85,0.5,0.2,7,2,64,3,0,35,0.91,0
488,Atmospheric Pressure,"In constant pressure chart of 500 hPa, isohypse are drawn at interval of",20 gpm,40 gpm,60 gpm,,"In constant pressure chart of 500 hPa, isohypse are drawn at interval of 20 gpm 40 gpm 60 gpm",Medium,0.5,0.85,0.4,8,3,72,3,1,66,0.56,2
489,Humidity,The ratio in % between the amount of water vapour present in the air to the amount of water vapour that it can hold at the same temperature is,Humidity,Relative humidity,Dew point,,The ratio in % between the amount of water vapour present in the air to the amount of water vapour that it can hold at the same temperature is Humidity Relative humidity Dew point,Medium,0.5,0.85,0.4,9,1,142,3,0,53,0.59,2
490,Meteorological Services for Aviation,TAF are generally valid for,3 hr,12 hr,9 hr,,TAF are generally valid for 3 hr 12 hr 9 hr,Medium,0.5,0.85,0.4,0,2,27,3,0,61,0.55,2
491,Atmosphere,One of the characteristics of our atmosphere is,Density is constant above 8 km,Poor conductor of heat and electricity,Temperature rise with lowering height,,One of the characteristics of our atmosphere is Density is constant above 8 km Poor conductor of heat and electricity Temperature rise with lowering height,Medium,0.5,0.85,0.4,1,3,47,3,0,48,0.59,2
492,Atmospheric Pressure,Which of the following would cause true altitude to increase when altimeter indicates constant altitude?,Warm/Low,Cold/Low,Hot/High,,Which of the following would cause true altitude to increase when altimeter indicates constant altitude? Warm/Low Cold/Low Hot/High,Hard,0.25,0.4,0.85,2,1,104,3,0,107,0.41,1
493,Precipitation,Coalescence Theory explains occurrence of rainfall from the,Warm Clouds,Cold Clouds,Both types of Clouds,,Coalescence Theory explains occurrence of rainfall from the Warm Clouds Cold Clouds Both types of Clouds,Easy,0.85,0.5,0.2,3,2,59,3,0,36,0.81,0
494,Atmosphere,Lapse rate in the troposphere is produced by ______ and in the stratosphere by ______,Evaporation; condensation,Terrestrial radiation; solar radiation,Rising air; solar radiation,,Lapse rate in the troposphere is produced by ______ and in the stratosphere by ______ Evaporation; condensation Terrestrial radiation; solar radiation Rising air; solar radiation,Hard,0.25,0.4,0.85,4,3,85,3,0,84,0.39,1
495,Winds,Anabatic wind occurs,At night,Any time of day and night,During day,,Anabatic wind occurs At night Any time of day and night During day,Medium,0.5,0.85,0.4,5,1,20,3,0,53,0.67,2
496,Clear Air Turbulence,In Mountain waves the Rotor clouds form in,Troughs,Ridges,Valley,,In Mountain waves the Rotor clouds form in Troughs Ridges Valley,Hard,0.25,0.4,0.85,6,2,42,3,0,103,0.45,1
497,Visibility and Fog,Warm and moist air moving over a cold ground gives rise to,Thunder clouds,Fog and stratus,Frontal clouds,,Warm and moist air moving over a cold ground gives rise to Thunder clouds Fog and stratus Frontal clouds,Medium,0.5,0.85,0.4,7,3,58,3,0,69,0.69,2
498,Optical Phenomena,Aurora Australis occur in the,S hemisphere,N hemisphere,Equator,,Aurora Australis occur in the S hemisphere N hemisphere Equator,Medium,0.5,0.85,0.4,8,1,29,3,0,55,0.62,2
499,Stability and Instability,Inversion in the atmosphere indicates,Stability,Instability,Neutrality,,Inversion in the atmosphere indicates Stability Instability Neutrality,Medium,0.5,0.85,0.4,9,2,37,3,0,63,0.61,2
500,SIGMET and AIRMET Warnings,"When a severe weather phenomenon described in a SIGMET is no longer occurring and is not expected to occur, the MWO must issue:",A cancellation SIGMET referencing the original sequence number,A NIL weather message,A special METAR report,,"When a severe weather phenomenon described in a SIGMET is no longer occurring and is not expected to occur, the MWO must issue: A cancellation SIGMET referencing the original sequence number A NIL weather message A special METAR report",Medium,0.5,0.85,0.4,0,3,127,3,0,50,0.66,2
501,Atmospheric Pressure,Low pressure area is associated with,Good Weather,Bad Weather,None,,Low pressure area is associated with Good Weather Bad Weather None,Hard,0.25,0.4,0.85,1,1,36,3,0,120,0.29,1
502,Vertical Motion and Clouds,Drizzle occurs from,CS,ST,NS,,Drizzle occurs from CS ST NS,Medium,0.5,0.85,0.4,2,2,19,3,0,54,0.57,2
503,Altimetry and Pressure Settings,"When parking an aircraft at an airport, the altimeter set to 1013.25 hPa reads 1,200 ft. This reading represents the airport's:",Pressure Altitude,Density Altitude,Geometric Elevation,,"When parking an aircraft at an airport, the altimeter set to 1013.25 hPa reads 1,200 ft. This reading represents the airport's: Pressure Altitude Density Altitude Geometric Elevation",Medium,0.5,0.85,0.4,3,3,127,3,1,49,0.56,2
504,Visibility and Fog,The ______ fog forms due to horizontal movement of warm moist air over cold surface,Radiation,Advection,Frontal,,The ______ fog forms due to horizontal movement of warm moist air over cold surface Radiation Advection Frontal,Medium,0.5,0.85,0.4,4,1,83,3,0,67,0.69,2
505,Optical Phenomena,Inferior Mirage occurs when there is,Lapse,Isothermal,Inversion,,Inferior Mirage occurs when there is Lapse Isothermal Inversion,Medium,0.5,0.85,0.4,5,2,36,3,0,57,0.65,2
506,Optical Phenomena,The radius of the Bishop's ring is about,32°,22°,42°,,The radius of the Bishop's ring is about 32° 22° 42°,Easy,0.85,0.5,0.2,6,3,40,3,0,38,0.88,0
507,World Area Forecast System (WAFS and SIGWX),"On a WAFS High-Level SIGWX chart, jet stream core information includes:","Height of jet core in FL, direction, and maximum speed in knots",Temperature in Kelvin only,Lapse rate across the core,,"On a WAFS High-Level SIGWX chart, jet stream core information includes: Height of jet core in FL, direction, and maximum speed in knots Temperature in Kelvin only Lapse rate across the core",Medium,0.5,0.85,0.4,7,1,71,3,0,48,0.7,2
508,Clear Air Turbulence,For mountain waves to form the wind speed for small mountains should be at least,15 m/s,10 m/s,7 m/s,,For mountain waves to form the wind speed for small mountains should be at least 15 m/s 10 m/s 7 m/s,Medium,0.5,0.85,0.4,8,2,80,3,0,49,0.67,2
509,Radar Meteorology,"To avoid entering severe turbulence associated with an active CB storm, pilots should clear the radar echo boundary by at least:",20 Nautical Miles (NM) on the upwind or downwind side,3 Nautical Miles,500 feet vertically,,"To avoid entering severe turbulence associated with an active CB storm, pilots should clear the radar echo boundary by at least: 20 Nautical Miles (NM) on the upwind or downwind side 3 Nautical Miles 500 feet vertically",Medium,0.5,0.85,0.4,9,3,128,3,0,68,0.65,2
510,Atmosphere,Negative lapse rate of temperature is,Isothermal rate,Temperature rise with height,Lapse Rate,,Negative lapse rate of temperature is Isothermal rate Temperature rise with height Lapse Rate,Hard,0.25,0.4,0.85,0,1,37,3,0,111,0.38,1
511,Meteorological Services for Aviation,For non-scheduled National Flights an advance notice (before ETD) is required to be given to AMSs,3 hr,18-24 hr,6 hr,,For non-scheduled National Flights an advance notice (before ETD) is required to be given to AMSs 3 hr 18-24 hr 6 hr,Medium,0.5,0.85,0.4,1,2,97,3,0,69,0.56,2
512,Atmosphere,Lowest layer of atmosphere is,Troposphere,Tropopause,Stratosphere,,Lowest layer of atmosphere is Troposphere Tropopause Stratosphere,Easy,0.85,0.5,0.2,2,3,29,3,0,39,0.86,0
513,Winds,The thermal wind is,The wind that blows because of thermals,The warm wind that blows down the hill on the leeward side,The wind which must be added vectorially to the lower level geostrophic wind to obtain the upper level geostrophic wind,,The thermal wind is The wind that blows because of thermals The warm wind that blows down the hill on the leeward side The wind which must be added vectorially to the lower level geostrophic wind to obtain the upper level geostrophic wind,Hard,0.25,0.4,0.85,3,1,19,3,0,87,0.24,1
514,Stability and Instability,The process which to a large extent determines the vertical distribution of temperature in atmosphere is,Adiabatic,Isothermal,Isentropic,,The process which to a large extent determines the vertical distribution of temperature in atmosphere is Adiabatic Isothermal Isentropic,Easy,0.85,0.5,0.2,4,2,104,3,0,29,0.88,0
515,Atmospheric Pressure,An increase of 1000 ft at MSL is associated with decrease of pressure of,100 hPa,1000 hPa,33 hPa,,An increase of 1000 ft at MSL is associated with decrease of pressure of 100 hPa 1000 hPa 33 hPa,Easy,0.85,0.5,0.2,5,3,72,3,1,35,0.8,0
516,Thunderstorm,Wind speed in Light DS is,25 kt,30 kt,Up to 21 kt,,Wind speed in Light DS is 25 kt 30 kt Up to 21 kt,Medium,0.5,0.85,0.4,6,1,25,3,0,59,0.7,2
517,General Circulation,The occurrence of large deserts near 30N and 30S are due to large scale,Subsidence,Convection,Advection,,The occurrence of large deserts near 30N and 30S are due to large scale Subsidence Convection Advection,Easy,0.85,0.5,0.2,7,2,71,3,1,27,0.75,0
518,General Circulation,"A part of the sinking air over the subtropical highs flows towards the equator, turning west (in the northern hemisphere) due to the Coriolis force. This surface air is called",Trade winds,Roaring forties,Doldrums,,"A part of the sinking air over the subtropical highs flows towards the equator, turning west (in the northern hemisphere) due to the Coriolis force. This surface air is called Trade winds Roaring forties Doldrums",Easy,0.85,0.5,0.2,8,3,175,3,0,35,0.83,0
519,Atmospheric Pressure,An aerodrome is at the mean sea level. Its QNH is 1014.0 hPa. Its QFF will be,1014.0 hPa,1013.25,More than QNH,,An aerodrome is at the mean sea level. Its QNH is 1014.0 hPa. Its QFF will be 1014.0 hPa 1013.25 More than QNH,Hard,0.25,0.4,0.85,9,1,77,3,1,104,0.21,1
520,Satellite Meteorology,The Dvorak technique is a satellite image interpretation method widely used by meteorologists to estimate:,The intensity and central pressure of tropical cyclones from cloud pattern signatures,Runway visual range at airports,Jet stream core turbulence,,The Dvorak technique is a satellite image interpretation method widely used by meteorologists to estimate: The intensity and central pressure of tropical cyclones from cloud pattern signatures Runway visual range at airports Jet stream core turbulence,Hard,0.25,0.4,0.85,0,2,106,3,0,80,0.45,1
521,Thunderstorm,"Loud peals of thunder, frequent flashes of lightning, moderate or heavy showers accompanied by light hail with maximum wind speed generally 15 kt is classified as",Light TS,Moderate,Severe TS,,"Loud peals of thunder, frequent flashes of lightning, moderate or heavy showers accompanied by light hail with maximum wind speed generally 15 kt is classified as Light TS Moderate Severe TS",Medium,0.5,0.85,0.4,1,3,162,3,1,71,0.54,2
522,Tropical Systems,For formation of a CS sea surface temperature should be,26-27°C,23-24°C,24-25°C,30°C,For formation of a CS sea surface temperature should be 26-27°C 23-24°C 24-25°C 30°C,Medium,0.5,0.85,0.4,2,1,55,4,0,57,0.66,2
523,Temperature,Specific heat of land is ______ than that of water,Lower,Higher,Same,,Specific heat of land is ______ than that of water Lower Higher Same,Easy,0.85,0.5,0.2,3,2,50,3,0,40,0.79,0
524,World Area Forecast System (WAFS and SIGWX),"If a SIGWX chart depicts a CB cloud top as 'XXX', it means:",The cloud top extends above the upper boundary of the chart (above FL630),The top could not be determined by radar,The cloud is dissipating,,"If a SIGWX chart depicts a CB cloud top as 'XXX', it means: The cloud top extends above the upper boundary of the chart (above FL630) The top could not be determined by radar The cloud is dissipating",Hard,0.25,0.4,0.85,4,3,59,3,0,84,0.38,1
525,Climatology of India,Monsoon period is,Jan to Feb,March to May,Jun to Sep,,Monsoon period is Jan to Feb March to May Jun to Sep,Medium,0.5,0.85,0.4,5,1,17,3,0,45,0.55,2
526,Airmasses Fronts and Western Disturbances,During the approach of a Warm Front wind,Backs,Veers,Does not change,,During the approach of a Warm Front wind Backs Veers Does not change,Medium,0.5,0.85,0.4,6,2,40,3,0,71,0.59,2
527,Humidity,It is the lowest temperature which air would attain by evaporating water into it to saturate it,Wet bulb temp,Dry bulb temp,Dew point,,It is the lowest temperature which air would attain by evaporating water into it to saturate it Wet bulb temp Dry bulb temp Dew point,Easy,0.85,0.5,0.2,7,3,95,3,0,39,0.86,0
528,Vertical Motion and Clouds,Showers occurs from,CU,CB,AS,,Showers occurs from CU CB AS,Easy,0.85,0.5,0.2,8,1,19,3,0,34,0.89,0
529,Radar Meteorology,Airborne weather radars generally operate in which frequency band and wavelength?,"X-band (approx 3 cm wavelength, 9.3 GHz)","S-band (approx 10 cm, 3 GHz)",L-band (approx 30 cm),,"Airborne weather radars generally operate in which frequency band and wavelength? X-band (approx 3 cm wavelength, 9.3 GHz) S-band (approx 10 cm, 3 GHz) L-band (approx 30 cm)",Hard,0.25,0.4,0.85,9,2,81,3,0,81,0.26,1
530,World Area Forecast System (WAFS and SIGWX),"Under the World Area Forecast System (WAFS), the two designated World Area Forecast Centres (WAFC) are located at:",London and Washington,Paris and Tokyo,Geneva and New Delhi,,"Under the World Area Forecast System (WAFS), the two designated World Area Forecast Centres (WAFC) are located at: London and Washington Paris and Tokyo Geneva and New Delhi",Hard,0.25,0.4,0.85,0,3,114,3,0,104,0.41,1
531,Ice Accretion,In clouds at temperatures below 0°C an aircraft may encounter icing of the type,Only Glazed,Only Rime,Intermediate between these two,,In clouds at temperatures below 0°C an aircraft may encounter icing of the type Only Glazed Only Rime Intermediate between these two,Medium,0.5,0.85,0.4,1,1,79,3,1,72,0.54,2
532,Temperature,Diurnal variation of temperature is greatest when wind is,Calm,Light,Strong,,Diurnal variation of temperature is greatest when wind is Calm Light Strong,Medium,0.5,0.85,0.4,2,2,57,3,0,45,0.67,2
533,Winds,Katabatic wind is down slope cold wind due to nocturnal cooling,True,False,Sometimes,,Katabatic wind is down slope cold wind due to nocturnal cooling True False Sometimes,Medium,0.5,0.85,0.4,3,3,63,3,0,63,0.64,2
534,Meteorological Services for Aviation,SIGMET is a notice of severe weather for,Actual,Expected,Both,,SIGMET is a notice of severe weather for Actual Expected Both,Easy,0.85,0.5,0.2,4,1,40,3,0,42,0.86,0
535,Jet Streams,When and where tropical jet stream occurs,All year along equator,In Middle East in summers,In summers over SE Asia and Central Africa,,When and where tropical jet stream occurs All year along equator In Middle East in summers In summers over SE Asia and Central Africa,Medium,0.5,0.85,0.4,5,2,41,3,0,62,0.54,2
536,Airmasses Fronts and Western Disturbances,Sometimes Line squall occurs about 100-300 km ahead of a,Warm front,Cold front,Occluded Front,,Sometimes Line squall occurs about 100-300 km ahead of a Warm front Cold front Occluded Front,Medium,0.5,0.85,0.4,6,3,56,3,1,62,0.57,2
537,Atmospheric Pressure,Two aircraft flying at same indicated altitude with altimeters set to 1013.2 hPa. One is flying over cold air mass and other over warm air mass. Which of the two has greater altitude?,AC flying over warm air mass,AC flying over cold air mass,Both have same altitude,,Two aircraft flying at same indicated altitude with altimeters set to 1013.2 hPa. One is flying over cold air mass and other over warm air mass. Which of the two has greater altitude? AC flying over warm air mass AC flying over cold air mass Both have same altitude,Hard,0.25,0.4,0.85,7,1,183,3,1,78,0.26,1
538,Radar Meteorology,The 'bright band' on a vertical radar profile represents:,The melting layer (0°C isotherm) where melting snowflakes are water-coated and show magnified reflectivity,Sun glint off ice crystals,Ground reflection of radar beam,,The 'bright band' on a vertical radar profile represents: The melting layer (0°C isotherm) where melting snowflakes are water-coated and show magnified reflectivity Sun glint off ice crystals Ground reflection of radar beam,Easy,0.85,0.5,0.2,8,2,57,3,0,28,0.82,0
539,Clear Air Turbulence,"When approaching an area where mountain waves have been reported, a pilot should expect",Possible presence of roll clouds and lenticular clouds,Intense up draughts and down draughts on the lee side of the mountains,Moderate to severe turbulence as far as 20 to 30 nm from range on leeward side,All of the above,"When approaching an area where mountain waves have been reported, a pilot should expect Possible presence of roll clouds and lenticular clouds Intense up draughts and down draughts on the lee side of the mountains Moderate to severe turbulence as far as 20 to 30 nm from range on leeward side All of the above",Medium,0.5,0.85,0.4,9,3,87,4,0,53,0.62,2
540,Stability and Instability,Surface temp. is 30°C. Assuming DALR what is the temperature at 2 km,18°C,10°C,20°C,,Surface temp. is 30°C. Assuming DALR what is the temperature at 2 km 18°C 10°C 20°C,Easy,0.85,0.5,0.2,0,1,68,3,1,42,0.85,0
541,Aviation Weather Reports (METAR and SPECI),Under what condition is 'NSC' (Nil Significant Cloud) reported in a METAR?,When sky is completely clear of all clouds,"When no clouds below 5000 ft or MSA and no CB or TCU, but CAVOK cannot be used","When only high cirrus above 20,000 ft is present",,"Under what condition is 'NSC' (Nil Significant Cloud) reported in a METAR? When sky is completely clear of all clouds When no clouds below 5000 ft or MSA and no CB or TCU, but CAVOK cannot be used When only high cirrus above 20,000 ft is present",Hard,0.25,0.4,0.85,1,2,74,3,0,88,0.38,1
542,Optical Phenomena,"Sometimes a halo with a radius of ______ is observed, called Large Halo",32°,42°,22°,,"Sometimes a halo with a radius of ______ is observed, called Large Halo 32° 42° 22°",Medium,0.5,0.85,0.4,2,3,71,3,0,60,0.61,2
543,Optical Phenomena,Halo is luminous ring of,32°,22°,42°,,Halo is luminous ring of 32° 22° 42°,Easy,0.85,0.5,0.2,3,1,24,3,0,28,0.94,0
544,Jet Streams,TJ is,Westerly,Easterly,Southerly,,TJ is Westerly Easterly Southerly,Medium,0.5,0.85,0.4,4,2,5,3,0,72,0.55,2
545,Meteorological Services for Aviation,For non-scheduled National Flights an advance notice (before ETD) is required to be given to AMSs,3 hr,18-24 hr,6 hr,,For non-scheduled National Flights an advance notice (before ETD) is required to be given to AMSs 3 hr 18-24 hr 6 hr,Hard,0.25,0.4,0.85,5,3,97,3,0,95,0.26,1
546,Thunderstorm,For airborne radars wavelength generally used,20 m,40 mm,60 mm,,For airborne radars wavelength generally used 20 m 40 mm 60 mm,Medium,0.5,0.85,0.4,6,1,45,3,0,55,0.57,2
547,Airmasses Fronts and Western Disturbances,The conditions are always unstable at a,Cold front,Warm front,Occluded Front,,The conditions are always unstable at a Cold front Warm front Occluded Front,Medium,0.5,0.85,0.4,7,2,39,3,0,63,0.53,2
548,Tropical Systems,"On whatever compass course the cyclone is approached, strong winds from the port indicate that the centre lies somewhere",Ahead,Behind,Port,,"On whatever compass course the cyclone is approached, strong winds from the port indicate that the centre lies somewhere Ahead Behind Port",Medium,0.5,0.85,0.4,8,3,120,3,0,58,0.56,2
549,Tropical Systems,In a depression the wind speed is,<17 kt,34-47 kt,17-27 kt,,In a depression the wind speed is <17 kt 34-47 kt 17-27 kt,Medium,0.5,0.85,0.4,9,1,33,3,0,58,0.63,2
550,Airmasses Fronts and Western Disturbances,Visibility is poor in a Warm Front,Ahead,Ahead & During,After & During,,Visibility is poor in a Warm Front Ahead Ahead & During After & During,Medium,0.5,0.85,0.4,0,2,34,3,0,70,0.64,2
551,Ice Accretion,In clouds ______ occurs when a wide range of water drop sizes are present at temperatures between 0°C and -40°C,Rime,Glazed,Mixture of rime and clear ice,,In clouds ______ occurs when a wide range of water drop sizes are present at temperatures between 0°C and -40°C Rime Glazed Mixture of rime and clear ice,Medium,0.5,0.85,0.4,1,3,111,3,1,58,0.53,2
552,Tropical Systems,"In extra tropical cyclone family there are 3-4 CS or depressions, one to the ______ of the other",SE,NW,SW,NE,"In extra tropical cyclone family there are 3-4 CS or depressions, one to the ______ of the other SE NW SW NE",Hard,0.25,0.4,0.85,2,1,96,4,1,121,0.38,1
553,Humidity,On a rainy day compared to sunny day the length of runway required is,More,Less,Same,,On a rainy day compared to sunny day the length of runway required is More Less Same,Easy,0.85,0.5,0.2,3,2,69,3,0,42,0.86,0
554,Stability and Instability,DALR > ELR > SALR indicates,Conditionally unstable,Latently stable,Potentially stable,,DALR > ELR > SALR indicates Conditionally unstable Latently stable Potentially stable,Medium,0.5,0.85,0.4,4,3,27,3,0,60,0.61,2
555,General Circulation,Tropical disturbance which reach the zone of transition in the upper level flow change course and begin to move in a,Perpendicular direction,Opposite direction,Southwards,,Tropical disturbance which reach the zone of transition in the upper level flow change course and begin to move in a Perpendicular direction Opposite direction Southwards,Easy,0.85,0.5,0.2,5,1,116,3,0,33,0.93,0
556,Aviation Weather Reports (METAR and SPECI),"In a METAR report, the code '+TSRA SQ' signifies:",Thunderstorm with light rain and squall,Severe thunderstorm with heavy rain and squall,Moderate thunderstorm with sleet,,"In a METAR report, the code '+TSRA SQ' signifies: Thunderstorm with light rain and squall Severe thunderstorm with heavy rain and squall Moderate thunderstorm with sleet",Medium,0.5,0.85,0.4,6,2,49,3,0,52,0.62,2
557,Clear Air Turbulence,Clear air turbulence is often encountered,At the boundary of a jet stream,In the wake of a passing airplane,In the wake of a larger airplane at take off and landing,All of the above,Clear air turbulence is often encountered At the boundary of a jet stream In the wake of a passing airplane In the wake of a larger airplane at take off and landing All of the above,Easy,0.85,0.5,0.2,7,3,41,4,0,39,0.9,0
558,Clear Air Turbulence,In Mountain waves the Rotor clouds form in,Troughs,Ridges,Valley,,In Mountain waves the Rotor clouds form in Troughs Ridges Valley,Medium,0.5,0.85,0.4,8,1,42,3,0,63,0.64,2
559,Precipitation,A day is called Rainy day when rainfall in 24 hr is ______ mm or more,1.5,2,2.5,,A day is called Rainy day when rainfall in 24 hr is ______ mm or more 1.5 2 2.5,Easy,0.85,0.5,0.2,9,2,69,3,1,32,0.86,0
560,Altimetry and Pressure Settings,"When parking an aircraft at an airport, the altimeter set to 1013.25 hPa reads 1,200 ft. This reading represents the airport's:",Pressure Altitude,Density Altitude,Geometric Elevation,,"When parking an aircraft at an airport, the altimeter set to 1013.25 hPa reads 1,200 ft. This reading represents the airport's: Pressure Altitude Density Altitude Geometric Elevation",Hard,0.25,0.4,0.85,0,3,127,3,1,95,0.22,1
561,Tropical Systems,Monsoon depressions move faster over,Sea,Plains,Hills,,Monsoon depressions move faster over Sea Plains Hills,Medium,0.5,0.85,0.4,1,1,36,3,0,53,0.59,2
562,Ice Accretion,Hoar frost occurs on airframe in clear air when the temperature of airframe is,Below the frost point,Frost point,Just above the frost point,,Hoar frost occurs on airframe in clear air when the temperature of airframe is Below the frost point Frost point Just above the frost point,Easy,0.85,0.5,0.2,2,2,78,3,0,39,0.81,0
563,Stability and Instability,Inversion is common in,Post Monsoon,Monsoon,Winters,,Inversion is common in Post Monsoon Monsoon Winters,Medium,0.5,0.85,0.4,3,3,22,3,0,50,0.57,2
564,Climatology of India,Tropical Jet stream occurs in India during,Pre monsoon,Winters,Post monsoon,Monsoon,Tropical Jet stream occurs in India during Pre monsoon Winters Post monsoon Monsoon,Medium,0.5,0.85,0.4,4,1,42,4,0,64,0.65,2
565,Optical Phenomena,Aurora Australis called ______ Lights,Northern,Southern,Eastern,,Aurora Australis called ______ Lights Northern Southern Eastern,Easy,0.85,0.5,0.2,5,2,37,3,0,25,0.78,0
566,Temperature,Diurnal variation of temperature is least on a day when it is,Clear,Partly cloudy,Cloudy,,Diurnal variation of temperature is least on a day when it is Clear Partly cloudy Cloudy,Easy,0.85,0.5,0.2,6,3,61,3,0,33,0.86,0
567,Stability and Instability,"DALR 9.8°C, ELR = 6.8°C; atmosphere is",Stable,Unstable,Indifferent,,"DALR 9.8°C, ELR = 6.8°C; atmosphere is Stable Unstable Indifferent",Medium,0.5,0.85,0.4,7,1,38,3,1,59,0.53,2
568,Vertical Motion and Clouds,A uniform layer of cloud resembling fog but not on the ground,AS,NS,ST,,A uniform layer of cloud resembling fog but not on the ground AS NS ST,Medium,0.5,0.85,0.4,8,2,61,3,0,48,0.59,2
569,Airmasses Fronts and Western Disturbances,The surface of discontinuity between the Polar Ely and the temperate Wly is called,Equatorial Front,Tropopause,Polar Front,,The surface of discontinuity between the Polar Ely and the temperate Wly is called Equatorial Front Tropopause Polar Front,Medium,0.5,0.85,0.4,9,3,82,3,0,65,0.56,2
570,Flight Weather Planning and Route Hazards,"In monsoon route weather planning across the Western Ghats of India, severe turbulence and torrential rain occur primarily on the:",Windward (Western) slopes due to orographic lifting of the moist SW monsoon current,Leeward (Eastern) rain shadow plains,Plateau interior,,"In monsoon route weather planning across the Western Ghats of India, severe turbulence and torrential rain occur primarily on the: Windward (Western) slopes due to orographic lifting of the moist SW monsoon current Leeward (Eastern) rain shadow plains Plateau interior",Easy,0.85,0.5,0.2,0,1,130,3,0,38,0.81,0
571,Atmospheric Pressure,"In contour chart of 300 hPa, isohypse (contours) are drawn at interval of",20 gpm,40 gpm,80 gpm,,"In contour chart of 300 hPa, isohypse (contours) are drawn at interval of 20 gpm 40 gpm 80 gpm",Medium,0.5,0.85,0.4,1,2,73,3,1,67,0.67,2
572,Clear Air Turbulence,The worst kind of turbulence is encountered in the vicinity of rotor clouds,Rotor Clouds,Lenticular Clouds,Cap Clouds,,The worst kind of turbulence is encountered in the vicinity of rotor clouds Rotor Clouds Lenticular Clouds Cap Clouds,Medium,0.5,0.85,0.4,2,3,75,3,0,49,0.68,2
573,Stability and Instability,DALR > ELR > SALR indicates,Conditionally unstable,Latently stable,Potentially stable,,DALR > ELR > SALR indicates Conditionally unstable Latently stable Potentially stable,Hard,0.25,0.4,0.85,3,1,27,3,0,101,0.25,1
574,Flight Weather Planning and Route Hazards,"Under ICAO Annex 3, the standard meteorological documentation provided in a pilot flight briefing folder includes:","Significant Weather (SIGWX) chart, upper wind/temp charts, relevant TAFs, METARs, and active SIGMETs",General news report and surface road maps,Satellite telemetry raw data,,"Under ICAO Annex 3, the standard meteorological documentation provided in a pilot flight briefing folder includes: Significant Weather (SIGWX) chart, upper wind/temp charts, relevant TAFs, METARs, and active SIGMETs General news report and surface road maps Satellite telemetry raw data",Easy,0.85,0.5,0.2,4,2,114,3,1,40,0.76,0
575,Ice Accretion,In TCU icing may range from light to severe type at least up to ______ level,-10°C level,-20°C level,-30°C level,,In TCU icing may range from light to severe type at least up to ______ level -10°C level -20°C level -30°C level,Easy,0.85,0.5,0.2,5,3,76,3,0,32,0.88,0
576,Satellite Meteorology,How can fog or low Stratus be distinguished from Cirrus on satellite imagery during daylight?,"Fog is bright on Visible (high albedo) but dark grey on IR (warm temperature), whereas Cirrus is cold white on IR but fibrous on VIS",Fog is black on Visible imagery,Cirrus is invisible on IR imagery,,"How can fog or low Stratus be distinguished from Cirrus on satellite imagery during daylight? Fog is bright on Visible (high albedo) but dark grey on IR (warm temperature), whereas Cirrus is cold white on IR but fibrous on VIS Fog is black on Visible imagery Cirrus is invisible on IR imagery",Hard,0.25,0.4,0.85,6,1,93,3,0,85,0.41,1
577,Aerodrome Forecasts (TAF and TREND),"In a TAF, the change indicator 'FM1400' means:",From 1400 UTC all previous forecast conditions are superseded rapidly,Frequent rain starting at 1400 UTC,Fluctuating conditions from 1400 UTC,,"In a TAF, the change indicator 'FM1400' means: From 1400 UTC all previous forecast conditions are superseded rapidly Frequent rain starting at 1400 UTC Fluctuating conditions from 1400 UTC",Easy,0.85,0.5,0.2,7,2,46,3,1,45,0.89,0
578,Radar Meteorology,Why do dry snow particles return much weaker radar echoes than equivalent liquid raindrops?,The dielectric constant of ice is approximately 1/5 that of liquid water,Snow absorbs all radar radiation,Snow crystals reflect microwaves only upward,,Why do dry snow particles return much weaker radar echoes than equivalent liquid raindrops? The dielectric constant of ice is approximately 1/5 that of liquid water Snow absorbs all radar radiation Snow crystals reflect microwaves only upward,Easy,0.85,0.5,0.2,8,3,91,3,0,32,0.94,0
579,Altimetry and Pressure Settings,The vertical airspace layer between the Transition Altitude and the Transition Level is known as the:,Transition Layer,Buffer Zone,Altimeter Setting Band,,The vertical airspace layer between the Transition Altitude and the Transition Level is known as the: Transition Layer Buffer Zone Altimeter Setting Band,Easy,0.85,0.5,0.2,9,1,101,3,0,38,0.89,0
580,Precipitation,Rainfall in the tropics is more in,Winters,Summers,Post monsoon,,Rainfall in the tropics is more in Winters Summers Post monsoon,Medium,0.5,0.85,0.4,0,2,34,3,0,61,0.64,2
581,Air Density,"Temperature being constant, if pressure increases the density altitude",Increases,Lowers,Remains the same,,"Temperature being constant, if pressure increases the density altitude Increases Lowers Remains the same",Easy,0.85,0.5,0.2,1,3,70,3,0,32,0.85,0
582,Humidity,Humidity Mixing Ratio ______ when air is lifted adiabatically,Decreases,Remains constant,Increases,,Humidity Mixing Ratio ______ when air is lifted adiabatically Decreases Remains constant Increases,Easy,0.85,0.5,0.2,2,1,61,3,0,20,0.89,0
583,General Circulation,"The polewards moving air piles up in the subtropical regions and forms high pressure belt at the surface, it is called",Subtropical high,Polar High,Equatorial high,,"The polewards moving air piles up in the subtropical regions and forms high pressure belt at the surface, it is called Subtropical high Polar High Equatorial high",Medium,0.5,0.85,0.4,3,2,118,3,0,74,0.68,2
584,General Circulation,"The systems like highs, lows, cyclonic circulation etc are associated with distinct types of weather. A study of the behaviour of these systems, known as",Synoptic Meteorology,Climatology,Physical Meteorology,,"The systems like highs, lows, cyclonic circulation etc are associated with distinct types of weather. A study of the behaviour of these systems, known as Synoptic Meteorology Climatology Physical Meteorology",Medium,0.5,0.85,0.4,4,3,153,3,0,68,0.58,2
585,Winds,Cyclostrophic wind gives a good approximation of the wind in an intense tropical storm,True,False,Sometimes,,Cyclostrophic wind gives a good approximation of the wind in an intense tropical storm True False Sometimes,Medium,0.5,0.85,0.4,5,1,86,3,0,64,0.6,2
586,Jet Streams,STJ has a layered structure. There are often two layers of max wind to the ______ of jet core,S,N,SW,,STJ has a layered structure. There are often two layers of max wind to the ______ of jet core S N SW,Medium,0.5,0.85,0.4,6,2,93,3,0,71,0.69,2
587,Meteorological Services for Aviation,SIGMET is a notice of severe weather for,Actual,Expected,Both,,SIGMET is a notice of severe weather for Actual Expected Both,Easy,0.85,0.5,0.2,7,3,40,3,0,29,0.81,0
588,Vertical Motion and Clouds,"To avoid icing in cloudy conditions, a pilot is advised to fly through a cloud which has",Low liquid water content,High liquid water content,No liquid water content,,"To avoid icing in cloudy conditions, a pilot is advised to fly through a cloud which has Low liquid water content High liquid water content No liquid water content",Hard,0.25,0.4,0.85,8,1,88,3,0,80,0.25,1
589,Tropical Systems,Extra-tropical Storms generally move in the direction,S to E,W to E,S to W,E to W,Extra-tropical Storms generally move in the direction S to E W to E S to W E to W,Medium,0.5,0.85,0.4,9,2,53,4,0,52,0.66,2
590,SIGMET and AIRMET Warnings,"In a SIGMET, 'EMBD TS' signifies:",Embedded thunderstorms within cloud layers which are not readily visible,Electromagnetic thunderstorm activity,Empty base thunderstorm,,"In a SIGMET, 'EMBD TS' signifies: Embedded thunderstorms within cloud layers which are not readily visible Electromagnetic thunderstorm activity Empty base thunderstorm",Hard,0.25,0.4,0.85,0,3,33,3,0,128,0.37,1
591,Airmasses Fronts and Western Disturbances,Maximum WDs occur in,Summers,Post Monsoon,Winters,,Maximum WDs occur in Summers Post Monsoon Winters,Medium,0.5,0.85,0.4,1,1,20,3,0,72,0.59,2
592,Climatology of India,El Nino is,Warm phase of ENSO,Cold Phase of ENSO,Good for Indian Monsoon causing more rains,,El Nino is Warm phase of ENSO Cold Phase of ENSO Good for Indian Monsoon causing more rains,Hard,0.25,0.4,0.85,2,2,10,3,0,121,0.37,1
593,Atmospheric Pressure,Fall of pressure with height is more rapid in,Cold areas,Warm areas,Humid areas,,Fall of pressure with height is more rapid in Cold areas Warm areas Humid areas,Medium,0.5,0.85,0.4,3,3,45,3,0,55,0.53,2
594,Winds,With the onset of sea breeze there is a ______ in temperature and ______ in RH,Fall/Rise,Rise/Fall,Fall/Fall,,With the onset of sea breeze there is a ______ in temperature and ______ in RH Fall/Rise Rise/Fall Fall/Fall,Medium,0.5,0.85,0.4,4,1,78,3,0,54,0.63,2
595,Airmasses Fronts and Western Disturbances,WDs approach India as,Cols,Occluded Fronts,Highs,,WDs approach India as Cols Occluded Fronts Highs,Medium,0.5,0.85,0.4,5,2,21,3,0,57,0.62,2
596,Winds,"Due to friction, from day to night for an isobaric pattern (in N hemisphere) the surface wind backs and weakens",True,False,Cannot say,,"Due to friction, from day to night for an isobaric pattern (in N hemisphere) the surface wind backs and weakens True False Cannot say",Medium,0.5,0.85,0.4,6,3,111,3,0,63,0.6,2
597,Ice Accretion,When fog freezes on parked aircraft it produces,Hoar Frost,Rime,Clear ice,,When fog freezes on parked aircraft it produces Hoar Frost Rime Clear ice,Medium,0.5,0.85,0.4,7,1,47,3,0,65,0.63,2
598,Tropical Systems,Cyclonic storms are confined almost entirely to the,Latitudes near Equator,Tropical latitudes,Polar lat,Mid lat,Cyclonic storms are confined almost entirely to the Latitudes near Equator Tropical latitudes Polar lat Mid lat,Medium,0.5,0.85,0.4,8,2,51,4,0,57,0.62,2
599,Flight Weather Planning and Route Hazards,"What type of icing forms quickly on aircraft surfaces descending into warm, moist air after a prolonged high-altitude cruise at sub-zero temperatures?",Hoar frost on cold-soaked wing surfaces,Clear glaze ice,Rime ice only,,"What type of icing forms quickly on aircraft surfaces descending into warm, moist air after a prolonged high-altitude cruise at sub-zero temperatures? Hoar frost on cold-soaked wing surfaces Clear glaze ice Rime ice only",Medium,0.5,0.85,0.4,9,3,150,3,0,50,0.69,2
600,Airmasses Fronts and Western Disturbances,"If a warm airmass overtakes a cold air mass, it is called",Cold Front,Warm Front,Occluded Front,,"If a warm airmass overtakes a cold air mass, it is called Cold Front Warm Front Occluded Front",Easy,0.85,0.5,0.2,0,1,57,3,0,28,0.85,0
601,Radar Meteorology,"On an airborne weather radar display, hook-shaped echoes or fingers are strongly indicative of:","Severe convective turbulence, hail, and potential tornado / mesocyclone vortex",Gentle continuous stratiform drizzle,Mountain standing wave without rain,,"On an airborne weather radar display, hook-shaped echoes or fingers are strongly indicative of: Severe convective turbulence, hail, and potential tornado / mesocyclone vortex Gentle continuous stratiform drizzle Mountain standing wave without rain",Easy,0.85,0.5,0.2,1,2,95,3,0,28,0.89,0
602,Tropical Systems,"The well developed extra tropical cyclonic storm is composed of two main frontal systems and an occluded front, which",A stationary Front followed by a warm front,A low with a warm front radiating out Southwards followed by a cold front,A warm front and an occluded front,None of the above,"The well developed extra tropical cyclonic storm is composed of two main frontal systems and an occluded front, which A stationary Front followed by a warm front A low with a warm front radiating out Southwards followed by a cold front A warm front and an occluded front None of the above",Medium,0.5,0.85,0.4,2,3,117,4,0,50,0.54,2
603,Stability and Instability,If ELR = SALR < DALR the atmosphere is,Stable,Instable,Indifferent,,If ELR = SALR < DALR the atmosphere is Stable Instable Indifferent,Easy,0.85,0.5,0.2,3,1,38,3,0,27,0.79,0
604,Aerodrome Forecasts (TAF and TREND),"In a TAF, 'TEMPO 1215 3000 TSRA' indicates temporary fluctuations lasting:",Less than 1 hour in each instance and in total less than half the period between 1200 and 1500 UTC,Continuously between 1200 and 1500 UTC,At least 2 hours continuously,,"In a TAF, 'TEMPO 1215 3000 TSRA' indicates temporary fluctuations lasting: Less than 1 hour in each instance and in total less than half the period between 1200 and 1500 UTC Continuously between 1200 and 1500 UTC At least 2 hours continuously",Hard,0.25,0.4,0.85,4,2,74,3,1,85,0.35,1
605,Flight Weather Planning and Route Hazards,"In monsoon route weather planning across the Western Ghats of India, severe turbulence and torrential rain occur primarily on the:",Windward (Western) slopes due to orographic lifting of the moist SW monsoon current,Leeward (Eastern) rain shadow plains,Plateau interior,,"In monsoon route weather planning across the Western Ghats of India, severe turbulence and torrential rain occur primarily on the: Windward (Western) slopes due to orographic lifting of the moist SW monsoon current Leeward (Eastern) rain shadow plains Plateau interior",Easy,0.85,0.5,0.2,5,3,130,3,0,36,0.85,0
606,Jet Streams,"The TJ is located over the Indian Peninsula, approximately at",13°N,17°N,18°N,,"The TJ is located over the Indian Peninsula, approximately at 13°N 17°N 18°N",Medium,0.5,0.85,0.4,6,1,61,3,0,66,0.56,2
607,Tropical Systems,The ______ is the most dangerous part of the cyclone,Eye wall,Eye,Outer storm area,Complete cyclone,The ______ is the most dangerous part of the cyclone Eye wall Eye Outer storm area Complete cyclone,Hard,0.25,0.4,0.85,7,2,52,4,0,80,0.5,1
608,Tropical Systems,Wind speed in a tropical severe cyclone is,27-33 kt,48-63 kt,17-27 kt,,Wind speed in a tropical severe cyclone is 27-33 kt 48-63 kt 17-27 kt,Hard,0.25,0.4,0.85,8,3,42,3,0,90,0.27,1
609,World Area Forecast System (WAFS and SIGWX),"In a WAFS SIGWX chart, clear air turbulence (CAT) is depicted using:",Broken dashed line polygon with CAT intensity symbol and vertical boundaries (base and top in FL),Solid red circle,Dotted green line,,"In a WAFS SIGWX chart, clear air turbulence (CAT) is depicted using: Broken dashed line polygon with CAT intensity symbol and vertical boundaries (base and top in FL) Solid red circle Dotted green line",Medium,0.5,0.85,0.4,9,1,68,3,0,50,0.65,2
610,Meteorological Services for Aviation,SIGMET is issued by,WAFC,AMO,MWO,,SIGMET is issued by WAFC AMO MWO,Easy,0.85,0.5,0.2,0,2,19,3,0,37,0.8,0
611,Satellite Meteorology,Enhanced Infrared (EIR) satellite imagery uses color scales specifically to:,Highlight cloud-top temperature thresholds corresponding to severe convective storm tops,Measure wind speed directly,Detect volcanic gas opacity,,Enhanced Infrared (EIR) satellite imagery uses color scales specifically to: Highlight cloud-top temperature thresholds corresponding to severe convective storm tops Measure wind speed directly Detect volcanic gas opacity,Medium,0.5,0.85,0.4,1,3,76,3,0,50,0.66,2
612,Atmosphere,The atmosphere up to 80 km has a nearly similar composition and is called the Homosphere. This composition is due to,Gravitation of earth,Mixing due to turbulence,Both,,The atmosphere up to 80 km has a nearly similar composition and is called the Homosphere. This composition is due to Gravitation of earth Mixing due to turbulence Both,Hard,0.25,0.4,0.85,2,1,116,3,1,117,0.3,1
613,Humidity,On a rainy day compared to sunny day the length of runway required is,More,Less,Same,,On a rainy day compared to sunny day the length of runway required is More Less Same,Medium,0.5,0.85,0.4,3,2,69,3,0,60,0.63,2
614,Tropical Systems,"In a mature tropical cyclone, the eye area is characterised by",Strong winds and heavy rains,Hurricane force winds and squalls,"Calm wind, little clouding and practically no rainfall",,"In a mature tropical cyclone, the eye area is characterised by Strong winds and heavy rains Hurricane force winds and squalls Calm wind, little clouding and practically no rainfall",Medium,0.5,0.85,0.4,4,3,62,3,0,56,0.65,2
615,Winds,Sudden change in wind speed from 10 kt to 30 kt for 2-3 minutes,Squall,Gust,Gale,,Sudden change in wind speed from 10 kt to 30 kt for 2-3 minutes Squall Gust Gale,Hard,0.25,0.4,0.85,5,1,63,3,1,109,0.29,1
616,Temperature,Heat is the ______ of the KE of all the molecules and atoms of a substance,Sum total,Average,Product,,Heat is the ______ of the KE of all the molecules and atoms of a substance Sum total Average Product,Hard,0.25,0.4,0.85,6,2,74,3,0,117,0.5,1
617,Airmasses Fronts and Western Disturbances,Fronts are associated with,Tropical cyclone,Monsoon Depression,Extra-tropical Cyclones,,Fronts are associated with Tropical cyclone Monsoon Depression Extra-tropical Cyclones,Hard,0.25,0.4,0.85,7,3,26,3,0,124,0.43,1
618,Ice Accretion,"AS, NS consist of supercooled water drops and ice crystals in varying proportion - icing is possible up to",-40°C level,-30°C level,-20°C level,,"AS, NS consist of supercooled water drops and ice crystals in varying proportion - icing is possible up to -40°C level -30°C level -20°C level",Hard,0.25,0.4,0.85,8,1,106,3,0,98,0.42,1
619,Atmospheric Pressure,A contour of 9160 m can be expected on a constant pressure chart for pressure level,500 hPa,400 hPa,300 hPa,,A contour of 9160 m can be expected on a constant pressure chart for pressure level 500 hPa 400 hPa 300 hPa,Easy,0.85,0.5,0.2,9,2,83,3,1,33,0.75,0
620,Satellite Meteorology,"On an Infrared (IR) meteorological satellite image, brighter/whiter cloud areas represent:","Cold, high-altitude cloud tops (such as CB or Cirrus)",Low-altitude warm stratus clouds,Clear warm ground surfaces,,"On an Infrared (IR) meteorological satellite image, brighter/whiter cloud areas represent: Cold, high-altitude cloud tops (such as CB or Cirrus) Low-altitude warm stratus clouds Clear warm ground surfaces",Easy,0.85,0.5,0.2,0,3,90,3,0,39,0.87,0
621,Vertical Motion and Clouds,A uniform layer of cloud resembling fog but not on the ground,AS,NS,ST,,A uniform layer of cloud resembling fog but not on the ground AS NS ST,Medium,0.5,0.85,0.4,1,1,61,3,0,66,0.64,2
622,World Area Forecast System (WAFS and SIGWX),"If a SIGWX chart depicts a CB cloud top as 'XXX', it means:",The cloud top extends above the upper boundary of the chart (above FL630),The top could not be determined by radar,The cloud is dissipating,,"If a SIGWX chart depicts a CB cloud top as 'XXX', it means: The cloud top extends above the upper boundary of the chart (above FL630) The top could not be determined by radar The cloud is dissipating",Medium,0.5,0.85,0.4,2,2,59,3,0,65,0.56,2
623,Visibility and Fog,Warm and moist air moving over a cold surface causes,Radiation Fog,Advection Fog,Frontal Fog,,Warm and moist air moving over a cold surface causes Radiation Fog Advection Fog Frontal Fog,Easy,0.85,0.5,0.2,3,3,52,3,0,30,0.75,0
624,Visibility and Fog,Fog is ______ cloud on ground,Stratocumulus,Stratus,Nimbostratus,,Fog is ______ cloud on ground Stratocumulus Stratus Nimbostratus,Easy,0.85,0.5,0.2,4,1,29,3,0,33,0.92,0
625,Altimetry and Pressure Settings,"When the altimeter subscale is set to QFE, the instrument indicates:",Height above the aerodrome reference datum (reads zero on touchdown),True altitude above sea level,Flight Level,,"When the altimeter subscale is set to QFE, the instrument indicates: Height above the aerodrome reference datum (reads zero on touchdown) True altitude above sea level Flight Level",Easy,0.85,0.5,0.2,5,2,68,3,0,28,0.94,0
626,Visibility and Fog,Thermal processes / temperature distribution which favours formation of fog is,Isothermal,Adiabatic,Inversion,,Thermal processes / temperature distribution which favours formation of fog is Isothermal Adiabatic Inversion,Medium,0.5,0.85,0.4,6,3,78,3,0,58,0.66,2
627,Thunderstorm,The trigger action may take place due to,"Clear night sky, no wind",Orographic lifting,Both,,"The trigger action may take place due to Clear night sky, no wind Orographic lifting Both",Hard,0.25,0.4,0.85,7,1,40,3,0,82,0.27,1
628,SIGMET and AIRMET Warnings,"In a SIGMET, 'EMBD TS' signifies:",Embedded thunderstorms within cloud layers which are not readily visible,Electromagnetic thunderstorm activity,Empty base thunderstorm,,"In a SIGMET, 'EMBD TS' signifies: Embedded thunderstorms within cloud layers which are not readily visible Electromagnetic thunderstorm activity Empty base thunderstorm",Medium,0.5,0.85,0.4,8,2,33,3,0,74,0.68,2
629,Winds,Geostrophic wind is due to the balance between the forces,Coriolis and Frictional,Pressure gradient and Cyclostrophic,Pressure gradient and Coriolis,,Geostrophic wind is due to the balance between the forces Coriolis and Frictional Pressure gradient and Cyclostrophic Pressure gradient and Coriolis,Medium,0.5,0.85,0.4,9,3,57,3,0,51,0.69,2
630,Satellite Meteorology,Polar-orbiting meteorological satellites (POES) typically operate at what altitude range?,"700 to 1,000 km in sun-synchronous orbit","36,000 km over equator","20,000 km in circular orbit",,"Polar-orbiting meteorological satellites (POES) typically operate at what altitude range? 700 to 1,000 km in sun-synchronous orbit 36,000 km over equator 20,000 km in circular orbit",Easy,0.85,0.5,0.2,0,1,89,3,0,29,0.9,0
631,Aerodrome Forecasts (TAF and TREND),A TREND forecast appended to a METAR has a validity of:,1 hour,2 hours,3 hours,,A TREND forecast appended to a METAR has a validity of: 1 hour 2 hours 3 hours,Easy,0.85,0.5,0.2,1,2,55,3,0,28,0.91,0
632,Flight Weather Planning and Route Hazards,Which weather phenomenon poses the greatest threat of rapid airframe loss of control on approach?,Low-level microburst with strong downdraft and horizontal wind shear,Light uniform stratus fog,Moderate continuous rain,,Which weather phenomenon poses the greatest threat of rapid airframe loss of control on approach? Low-level microburst with strong downdraft and horizontal wind shear Light uniform stratus fog Moderate continuous rain,Medium,0.5,0.85,0.4,2,3,97,3,0,74,0.7,2
633,Airmasses Fronts and Western Disturbances,FZRA and FZFG occur ______ of a warm front,Ahead,During,After,,FZRA and FZFG occur ______ of a warm front Ahead During After,Medium,0.5,0.85,0.4,3,1,42,3,0,69,0.54,2
634,Flight Weather Planning and Route Hazards,The minimum vertical clearance recommended when flying over an active thunderstorm top is:,"At least 1,000 ft for every 10 kt of wind at cloud top (minimum 5,000 ft)",500 ft,"1,000 ft regardless of wind",,"The minimum vertical clearance recommended when flying over an active thunderstorm top is: At least 1,000 ft for every 10 kt of wind at cloud top (minimum 5,000 ft) 500 ft 1,000 ft regardless of wind",Hard,0.25,0.4,0.85,4,2,90,3,0,92,0.34,1
635,Atmospheric Pressure,Altimeter of AC on ground reads aerodrome elevation; its sub-scale is set to,QNH,QNE,QFF,,Altimeter of AC on ground reads aerodrome elevation; its sub-scale is set to QNH QNE QFF,Medium,0.5,0.85,0.4,5,3,76,3,0,57,0.56,2
636,Tropical Systems,No Tropical CS form,At Poles,At Equator,At Lat 40 deg,All these,No Tropical CS form At Poles At Equator At Lat 40 deg All these,Medium,0.5,0.85,0.4,6,1,19,4,0,73,0.54,2
637,Thunderstorm,"When flying through an active TS, lightning strikes are most likely",Above 5000 ft and under the anvil,In the clear air below the cloud in rain,In the temperature band between +10°C and -10°C,,"When flying through an active TS, lightning strikes are most likely Above 5000 ft and under the anvil In the clear air below the cloud in rain In the temperature band between +10°C and -10°C",Medium,0.5,0.85,0.4,7,2,67,3,0,56,0.53,2
638,Atmosphere,Additional oxygen is needed while flying above,5000 ft,7000 ft,10000 ft,,Additional oxygen is needed while flying above 5000 ft 7000 ft 10000 ft,Medium,0.5,0.85,0.4,8,3,46,3,0,64,0.56,2
639,Precipitation,Sleet is a mixture of,Hail & Snow,Rain & Snow,Frozen Rain,,Sleet is a mixture of Hail & Snow Rain & Snow Frozen Rain,Medium,0.5,0.85,0.4,9,1,21,3,0,70,0.63,2
640,World Area Forecast System (WAFS and SIGWX),WAFS wind and temperature forecast data are globally transmitted in digital format known as:,GRIB (Gridded Binary) and BUFR code,ASCII text tables,PDF raster graphics only,,WAFS wind and temperature forecast data are globally transmitted in digital format known as: GRIB (Gridded Binary) and BUFR code ASCII text tables PDF raster graphics only,Easy,0.85,0.5,0.2,0,2,92,3,0,33,0.82,0
641,Meteorological Services for Aviation,Global SIGWX Charts are issued by,WMO,AMO,WAFC,,Global SIGWX Charts are issued by WMO AMO WAFC,Medium,0.5,0.85,0.4,1,3,33,3,0,74,0.56,2
642,Stability and Instability,The saturated air is said to be unstable if,SALR = ELR,SALR < ELR,SALR > ELR,,The saturated air is said to be unstable if SALR = ELR SALR < ELR SALR > ELR,Medium,0.5,0.85,0.4,2,1,43,3,0,62,0.69,2
643,Optical Phenomena,The cloud which cause Halo has ______ chances of ice accretion,Negligible,Maximum,Medium,,The cloud which cause Halo has ______ chances of ice accretion Negligible Maximum Medium,Hard,0.25,0.4,0.85,3,2,62,3,0,125,0.38,1
644,Winds,In N hemisphere thermal wind is parallel to,Isobars,Isotherms,Isallobars,,In N hemisphere thermal wind is parallel to Isobars Isotherms Isallobars,Hard,0.25,0.4,0.85,4,3,43,3,0,109,0.22,1
645,Vertical Motion and Clouds,Halo is associated with the cloud,AC,AS,CS,,Halo is associated with the cloud AC AS CS,Hard,0.25,0.4,0.85,5,1,33,3,0,94,0.42,1
646,Climatology of India,With a Depression over the Head Bay fair weather during monsoon occurs over,Assam,W Bengal,Orissa,,With a Depression over the Head Bay fair weather during monsoon occurs over Assam W Bengal Orissa,Medium,0.5,0.85,0.4,6,2,75,3,0,57,0.66,2
647,Atmospheric Pressure,300 hPa in ISA corresponds to the level,"20,000 ft","30,000 ft","35,000 ft",,"300 hPa in ISA corresponds to the level 20,000 ft 30,000 ft 35,000 ft",Hard,0.25,0.4,0.85,7,3,39,3,1,91,0.44,1
648,Climatology of India,During vigorous monsoon period the pressure gradient over west coast is,Weak,Steep,Normal,,During vigorous monsoon period the pressure gradient over west coast is Weak Steep Normal,Easy,0.85,0.5,0.2,8,1,71,3,0,32,0.88,0
649,Precipitation,Artificial rain making is also termed as,Simulation,Cloud seeding,Nucleation,,Artificial rain making is also termed as Simulation Cloud seeding Nucleation,Medium,0.5,0.85,0.4,9,2,40,3,0,58,0.6,2
650,Winds,Friction causes winds to flow cross isobaric by ______ over land and ______ over sea,20°/10°,30°/15°,40°/30°,,Friction causes winds to flow cross isobaric by ______ over land and ______ over sea 20°/10° 30°/15° 40°/30°,Easy,0.85,0.5,0.2,0,3,84,3,0,42,0.91,0
651,Satellite Meteorology,The Dvorak technique is a satellite image interpretation method widely used by meteorologists to estimate:,The intensity and central pressure of tropical cyclones from cloud pattern signatures,Runway visual range at airports,Jet stream core turbulence,,The Dvorak technique is a satellite image interpretation method widely used by meteorologists to estimate: The intensity and central pressure of tropical cyclones from cloud pattern signatures Runway visual range at airports Jet stream core turbulence,Hard,0.25,0.4,0.85,1,1,106,3,0,93,0.25,1
652,Humidity,The temperature to which air be cooled at constant pressure to become saturated is called,Wet bulb temperature,Dew point,Dry bulb temperature,,The temperature to which air be cooled at constant pressure to become saturated is called Wet bulb temperature Dew point Dry bulb temperature,Medium,0.5,0.85,0.4,2,2,89,3,0,68,0.59,2
653,Winds,Gradient wind is ______ of the geostrophic wind in an anticyclone,Under estimate,Accurate,Over estimate,,Gradient wind is ______ of the geostrophic wind in an anticyclone Under estimate Accurate Over estimate,Medium,0.5,0.85,0.4,3,3,65,3,0,47,0.55,2
654,Aviation Weather Reports (METAR and SPECI),"In a METAR report, the code '+TSRA SQ' signifies:",Thunderstorm with light rain and squall,Severe thunderstorm with heavy rain and squall,Moderate thunderstorm with sleet,,"In a METAR report, the code '+TSRA SQ' signifies: Thunderstorm with light rain and squall Severe thunderstorm with heavy rain and squall Moderate thunderstorm with sleet",Easy,0.85,0.5,0.2,4,1,49,3,0,35,0.83,0
655,Altimetry and Pressure Settings,"When an aircraft altimeter subscale is set to QNH, the instrument indicates:",Altitude above Mean Sea Level (AMSL),Height above the aerodrome elevation (AGL),Pressure altitude based on 1013.25 hPa datum,,"When an aircraft altimeter subscale is set to QNH, the instrument indicates: Altitude above Mean Sea Level (AMSL) Height above the aerodrome elevation (AGL) Pressure altitude based on 1013.25 hPa datum",Medium,0.5,0.85,0.4,5,2,76,3,0,59,0.66,2
656,Stability and Instability,SALR at mean sea level is about,10°C/km,5°C/km,5°F/km,,SALR at mean sea level is about 10°C/km 5°C/km 5°F/km,Medium,0.5,0.85,0.4,6,3,31,3,0,48,0.67,2
657,Tropical Systems,Average life of a tropical cyclone in India is,10 Days,6-8 Days,3-4 Days,,Average life of a tropical cyclone in India is 10 Days 6-8 Days 3-4 Days,Medium,0.5,0.85,0.4,7,1,46,3,0,57,0.54,2
658,Radar Meteorology,Airborne weather radars generally operate in which frequency band and wavelength?,"X-band (approx 3 cm wavelength, 9.3 GHz)","S-band (approx 10 cm, 3 GHz)",L-band (approx 30 cm),,"Airborne weather radars generally operate in which frequency band and wavelength? X-band (approx 3 cm wavelength, 9.3 GHz) S-band (approx 10 cm, 3 GHz) L-band (approx 30 cm)",Medium,0.5,0.85,0.4,8,2,81,3,0,48,0.68,2
659,Aviation Weather Reports (METAR and SPECI),What does 'Q1008' in a METAR signify?,QFE rounded down to nearest whole hPa,QNH rounded down to nearest whole hectopascal,QFF adjusted for temperature,,What does 'Q1008' in a METAR signify? QFE rounded down to nearest whole hPa QNH rounded down to nearest whole hectopascal QFF adjusted for temperature,Easy,0.85,0.5,0.2,9,3,37,3,1,30,0.89,0
660,Clear Air Turbulence,"For mountain waves to form there should be flow of air across the ridge, generally ______ of the perpendicular to the ridge",30°,45°,60°,,"For mountain waves to form there should be flow of air across the ridge, generally ______ of the perpendicular to the ridge 30° 45° 60°",Medium,0.5,0.85,0.4,0,1,123,3,0,63,0.63,2
661,Jet Streams,In a wavy jet the Jet streaks are located over or near the,Ridge,Trough,Between Trough and Ridge,,In a wavy jet the Jet streaks are located over or near the Ridge Trough Between Trough and Ridge,Medium,0.5,0.85,0.4,1,2,58,3,0,61,0.66,2
662,Temperature,Diurnal variation of temperature is maximum over,Forest,Ocean,Land,,Diurnal variation of temperature is maximum over Forest Ocean Land,Medium,0.5,0.85,0.4,2,3,48,3,0,51,0.63,2
663,Atmosphere,"In ISA, the mean sea level temperature is",15°C,10°C,25°C,,"In ISA, the mean sea level temperature is 15°C 10°C 25°C",Hard,0.25,0.4,0.85,3,1,41,3,0,99,0.23,1
664,Meteorological Services for Aviation,Local/Area Forecast is issued three times a day valid for next,18 hr,12 hr,9 hr,,Local/Area Forecast is issued three times a day valid for next 18 hr 12 hr 9 hr,Medium,0.5,0.85,0.4,4,2,62,3,0,70,0.67,2
665,Thunderstorm,The diametre of Microburst is,Less than 4 km,Less than 2 km,60 km,,The diametre of Microburst is Less than 4 km Less than 2 km 60 km,Hard,0.25,0.4,0.85,5,3,29,3,0,86,0.26,1
666,Temperature,Snow surface reflects about ______% of solar radiation,75%,80%,90%,,Snow surface reflects about ______% of solar radiation 75% 80% 90%,Medium,0.5,0.85,0.4,6,1,54,3,0,64,0.56,2
667,Atmospheric Pressure,200 hPa in ISA corresponds to the level,"20,000 ft","30,000 ft","40,000 ft",,"200 hPa in ISA corresponds to the level 20,000 ft 30,000 ft 40,000 ft",Hard,0.25,0.4,0.85,7,2,39,3,1,123,0.29,1
668,Radar Meteorology,"To avoid entering severe turbulence associated with an active CB storm, pilots should clear the radar echo boundary by at least:",20 Nautical Miles (NM) on the upwind or downwind side,3 Nautical Miles,500 feet vertically,,"To avoid entering severe turbulence associated with an active CB storm, pilots should clear the radar echo boundary by at least: 20 Nautical Miles (NM) on the upwind or downwind side 3 Nautical Miles 500 feet vertically",Easy,0.85,0.5,0.2,8,3,128,3,0,35,0.88,0
669,Meteorological Services for Aviation,There are ______ Aerodrome Met Offices,56,18,19,,There are ______ Aerodrome Met Offices 56 18 19,Medium,0.5,0.85,0.4,9,1,38,3,0,56,0.56,2
670,Atmospheric Pressure,"18,000 ft height in ISA corresponds to the pressure level",700 hPa,200 hPa,500 hPa,,"18,000 ft height in ISA corresponds to the pressure level 700 hPa 200 hPa 500 hPa",Hard,0.25,0.4,0.85,0,2,57,3,1,110,0.33,1
671,Satellite Meteorology,Polar-orbiting meteorological satellites (POES) typically operate at what altitude range?,"700 to 1,000 km in sun-synchronous orbit","36,000 km over equator","20,000 km in circular orbit",,"Polar-orbiting meteorological satellites (POES) typically operate at what altitude range? 700 to 1,000 km in sun-synchronous orbit 36,000 km over equator 20,000 km in circular orbit",Medium,0.5,0.85,0.4,1,3,89,3,0,54,0.65,2
672,SIGMET and AIRMET Warnings,"For Volcanic Ash Clouds (VA) and Tropical Cyclones (TC), a SIGMET may be valid for up to:",6 hours,12 hours,4 hours only,,"For Volcanic Ash Clouds (VA) and Tropical Cyclones (TC), a SIGMET may be valid for up to: 6 hours 12 hours 4 hours only",Easy,0.85,0.5,0.2,2,1,89,3,0,40,0.84,0
673,Satellite Meteorology,Polar-orbiting meteorological satellites (POES) typically operate at what altitude range?,"700 to 1,000 km in sun-synchronous orbit","36,000 km over equator","20,000 km in circular orbit",,"Polar-orbiting meteorological satellites (POES) typically operate at what altitude range? 700 to 1,000 km in sun-synchronous orbit 36,000 km over equator 20,000 km in circular orbit",Medium,0.5,0.85,0.4,3,2,89,3,0,73,0.63,2
674,Aviation Weather Reports (METAR and SPECI),A SPECI report is issued when:,Routine hourly weather is recorded,Significant weather deterioration or improvement occurs between routine reports,Every 30 minutes regularly,,A SPECI report is issued when: Routine hourly weather is recorded Significant weather deterioration or improvement occurs between routine reports Every 30 minutes regularly,Easy,0.85,0.5,0.2,4,3,30,3,0,35,0.84,0
675,Visibility and Fog,Instrument used for measuring visibility is called,Visiometer,Transmissometer,Ceilometer,,Instrument used for measuring visibility is called Visiometer Transmissometer Ceilometer,Easy,0.85,0.5,0.2,5,1,50,3,0,37,0.85,0
676,Atmosphere,In actual atmosphere the lapse rate could,Assume any value,Fall up to 8 km,Rise up to 50 km,,In actual atmosphere the lapse rate could Assume any value Fall up to 8 km Rise up to 50 km,Hard,0.25,0.4,0.85,6,2,41,3,0,115,0.24,1
677,Aviation Weather Reports (METAR and SPECI),"In a METAR report, the term 'CAVOK' signifies visibility of at least:",5 km and no cloud below 3000 ft,10 km and no cloud below 5000 ft or MSA,8 km and nil significant weather,,"In a METAR report, the term 'CAVOK' signifies visibility of at least: 5 km and no cloud below 3000 ft 10 km and no cloud below 5000 ft or MSA 8 km and nil significant weather",Easy,0.85,0.5,0.2,7,3,69,3,0,35,0.87,0
678,Aerodrome Forecasts (TAF and TREND),"In a TAF, 'BECMG 1618' indicates that changes will occur:",Between 1600 UTC and 1800 UTC at a regular or irregular rate,Exactly at 1618 UTC,Between 16th and 18th day of the month,,"In a TAF, 'BECMG 1618' indicates that changes will occur: Between 1600 UTC and 1800 UTC at a regular or irregular rate Exactly at 1618 UTC Between 16th and 18th day of the month",Medium,0.5,0.85,0.4,8,1,57,3,1,51,0.6,2
679,General Circulation,"The huge vertical circulations, one between the equator and 30N and another between equator and 30S, are called",Hadley Cells,Ferrel Cells,Polar cells,,"The huge vertical circulations, one between the equator and 30N and another between equator and 30S, are called Hadley Cells Ferrel Cells Polar cells",Easy,0.85,0.5,0.2,9,2,111,3,1,40,0.85,0
680,Aviation Weather Reports (METAR and SPECI),"In METAR, what does the descriptor 'VC' indicate in 'VCFG'?",Very Cold Fog,In the vicinity (between 8 km and 16 km from aerodrome reference point),Vertical Convection Fog,,"In METAR, what does the descriptor 'VC' indicate in 'VCFG'? Very Cold Fog In the vicinity (between 8 km and 16 km from aerodrome reference point) Vertical Convection Fog",Medium,0.5,0.85,0.4,0,3,59,3,0,55,0.65,2
681,Aerodrome Forecasts (TAF and TREND),"In a TAF, 'TEMPO 1215 3000 TSRA' indicates temporary fluctuations lasting:",Less than 1 hour in each instance and in total less than half the period between 1200 and 1500 UTC,Continuously between 1200 and 1500 UTC,At least 2 hours continuously,,"In a TAF, 'TEMPO 1215 3000 TSRA' indicates temporary fluctuations lasting: Less than 1 hour in each instance and in total less than half the period between 1200 and 1500 UTC Continuously between 1200 and 1500 UTC At least 2 hours continuously",Medium,0.5,0.85,0.4,1,1,74,3,1,55,0.7,2
682,Thunderstorm,The most hazardous cloud for aviation is,CB,CU,NS,,The most hazardous cloud for aviation is CB CU NS,Hard,0.25,0.4,0.85,2,2,40,3,0,101,0.42,1
683,Visibility and Fog,For formation of Radiation fog,"There should be sufficient moisture in atmosphere, cloudy sky, nil wind","There should be sufficient moisture in atmosphere, clear sky, light wind","There should be sufficient moisture in atmosphere, cloudy sky, strong wind",,"For formation of Radiation fog There should be sufficient moisture in atmosphere, cloudy sky, nil wind There should be sufficient moisture in atmosphere, clear sky, light wind There should be sufficient moisture in atmosphere, cloudy sky, strong wind",Medium,0.5,0.85,0.4,3,3,30,3,0,69,0.63,2
684,Optical Phenomena,Bishop's ring is due to the diffraction of light by fine particles of,Water,Dust,Ice,,Bishop's ring is due to the diffraction of light by fine particles of Water Dust Ice,Medium,0.5,0.85,0.4,4,1,69,3,0,49,0.67,2
685,Radar Meteorology,Doppler weather radars detect wind velocity along the radar beam direction by measuring:,Frequency shift (Doppler shift) between transmitted and received pulses,Echo pulse width variation,Total return amplitude only,,Doppler weather radars detect wind velocity along the radar beam direction by measuring: Frequency shift (Doppler shift) between transmitted and received pulses Echo pulse width variation Total return amplitude only,Easy,0.85,0.5,0.2,5,2,88,3,0,38,0.84,0
686,SIGMET and AIRMET Warnings,"In India, which organization houses the designated MWOs responsible for issuing FIR SIGMETs?","India Meteorological Department (IMD) at Delhi, Mumbai, Kolkata, Chennai","DGCA Headquarters, New Delhi",Airports Authority of India (AAI) ATS centers,,"In India, which organization houses the designated MWOs responsible for issuing FIR SIGMETs? India Meteorological Department (IMD) at Delhi, Mumbai, Kolkata, Chennai DGCA Headquarters, New Delhi Airports Authority of India (AAI) ATS centers",Medium,0.5,0.85,0.4,6,3,92,3,0,55,0.63,2
687,Temperature,The solar radiation consists of about 46%,IR,UV,Visible,,The solar radiation consists of about 46% IR UV Visible,Medium,0.5,0.85,0.4,7,1,41,3,1,65,0.64,2
688,Aviation Weather Reports (METAR and SPECI),Under what condition is 'NSC' (Nil Significant Cloud) reported in a METAR?,When sky is completely clear of all clouds,"When no clouds below 5000 ft or MSA and no CB or TCU, but CAVOK cannot be used","When only high cirrus above 20,000 ft is present",,"Under what condition is 'NSC' (Nil Significant Cloud) reported in a METAR? When sky is completely clear of all clouds When no clouds below 5000 ft or MSA and no CB or TCU, but CAVOK cannot be used When only high cirrus above 20,000 ft is present",Hard,0.25,0.4,0.85,8,2,74,3,0,97,0.43,1
689,Temperature,Convert 68°F into Kelvin temperature,233 K,283 K,293 K,,Convert 68°F into Kelvin temperature 233 K 283 K 293 K,Medium,0.5,0.85,0.4,9,3,36,3,1,50,0.66,2
690,Airmasses Fronts and Western Disturbances,At a warm front,Warm air overtakes the cold air,Cold air undercuts the warm air,Both,,At a warm front Warm air overtakes the cold air Cold air undercuts the warm air Both,Medium,0.5,0.85,0.4,0,1,15,3,0,52,0.63,2
691,Humidity,"Free air temperature, Wet bulb temperature and Dew point temperature are equal when",Air temperature is 0°C,Relative humidity is 100%,Air temperature is not below 0°C,,"Free air temperature, Wet bulb temperature and Dew point temperature are equal when Air temperature is 0°C Relative humidity is 100% Air temperature is not below 0°C",Easy,0.85,0.5,0.2,1,2,83,3,0,39,0.92,0
692,Atmosphere,In ICAO ISA the atmosphere is assumed to be isothermal,In stratosphere,1 to 20 km,11 to 32 km,,In ICAO ISA the atmosphere is assumed to be isothermal In stratosphere 1 to 20 km 11 to 32 km,Hard,0.25,0.4,0.85,2,3,54,3,0,78,0.39,1
693,Winds,"In N-Hemisphere if you experience Port drift, altimeter will read",Under,Over,Correct,,"In N-Hemisphere if you experience Port drift, altimeter will read Under Over Correct",Hard,0.25,0.4,0.85,3,1,65,3,0,125,0.32,1
694,SIGMET and AIRMET Warnings,"In India, which organization houses the designated MWOs responsible for issuing FIR SIGMETs?","India Meteorological Department (IMD) at Delhi, Mumbai, Kolkata, Chennai","DGCA Headquarters, New Delhi",Airports Authority of India (AAI) ATS centers,,"In India, which organization houses the designated MWOs responsible for issuing FIR SIGMETs? India Meteorological Department (IMD) at Delhi, Mumbai, Kolkata, Chennai DGCA Headquarters, New Delhi Airports Authority of India (AAI) ATS centers",Easy,0.85,0.5,0.2,4,2,92,3,0,28,0.9,0
695,Flight Weather Planning and Route Hazards,The minimum vertical clearance recommended when flying over an active thunderstorm top is:,"At least 1,000 ft for every 10 kt of wind at cloud top (minimum 5,000 ft)",500 ft,"1,000 ft regardless of wind",,"The minimum vertical clearance recommended when flying over an active thunderstorm top is: At least 1,000 ft for every 10 kt of wind at cloud top (minimum 5,000 ft) 500 ft 1,000 ft regardless of wind",Medium,0.5,0.85,0.4,5,3,90,3,0,52,0.56,2
696,General Circulation,______ occurs over subtropical high,Advection,Convection,Subsidence,,______ occurs over subtropical high Advection Convection Subsidence,Hard,0.25,0.4,0.85,6,1,35,3,0,101,0.41,1
697,Tropical Systems,CS in Indian region are less intense because,They have a very short travel over the sea,Sea surface temp. are not high,India is close to Equator,,CS in Indian region are less intense because They have a very short travel over the sea Sea surface temp. are not high India is close to Equator,Hard,0.25,0.4,0.85,7,2,44,3,0,96,0.45,1
698,SIGMET and AIRMET Warnings,Which of the following weather phenomena justifies the issuance of an en-route SIGMET?,"Severe turbulence, severe icing, or severe mountain waves",Moderate rain and scattered cumulus,Light chop above FL250,,"Which of the following weather phenomena justifies the issuance of an en-route SIGMET? Severe turbulence, severe icing, or severe mountain waves Moderate rain and scattered cumulus Light chop above FL250",Easy,0.85,0.5,0.2,8,3,86,3,0,34,0.81,0
699,Satellite Meteorology,"In satellite imagery, a 'comma-shaped' cloud pattern in middle latitudes indicates:",A developing extra-tropical cyclone associated with a polar front wave,An isolated heat thunderstorm,A high pressure ridge,,"In satellite imagery, a 'comma-shaped' cloud pattern in middle latitudes indicates: A developing extra-tropical cyclone associated with a polar front wave An isolated heat thunderstorm A high pressure ridge",Hard,0.25,0.4,0.85,9,1,83,3,0,126,0.22,1
700,Tropical Systems,"In the Bay of Bengal during the months of Jul, August, Monsoon Depression form",Over Head Bay,Central Bay,South Bay,,"In the Bay of Bengal during the months of Jul, August, Monsoon Depression form Over Head Bay Central Bay South Bay",Medium,0.5,0.85,0.4,0,2,78,3,0,72,0.63,2
701,Air Density,Density is usually expressed as,Kg/cu m,g/cu m,N/cu m,,Density is usually expressed as Kg/cu m g/cu m N/cu m,Medium,0.5,0.85,0.4,1,3,31,3,0,61,0.54,2
702,Winds,Anabatic wind occur due to downward movement of air along valley,True,False,Sometimes,,Anabatic wind occur due to downward movement of air along valley True False Sometimes,Medium,0.5,0.85,0.4,2,1,64,3,0,67,0.59,2
703,Winds,If an aircraft in N-hemisphere flies from H to L it will experience,Starboard drift,Port drift,No drift,,If an aircraft in N-hemisphere flies from H to L it will experience Starboard drift Port drift No drift,Medium,0.5,0.85,0.4,3,2,67,3,0,47,0.61,2
704,General Circulation,The descending branch of the Hadley cell marked by calm winds and high pressure at the surface are called,Tropical Latitudes,Middle latitudes,Horse Latitudes,,The descending branch of the Hadley cell marked by calm winds and high pressure at the surface are called Tropical Latitudes Middle latitudes Horse Latitudes,Medium,0.5,0.85,0.4,4,3,105,3,0,53,0.68,2
705,Atmospheric Pressure,The rate of fall of pressure with height in a warm air mass compared to cold air mass will be,Same,More,Less,,The rate of fall of pressure with height in a warm air mass compared to cold air mass will be Same More Less,Medium,0.5,0.85,0.4,5,1,93,3,0,49,0.57,2
706,Aviation Weather Reports (METAR and SPECI),"In a METAR report, the term 'CAVOK' signifies visibility of at least:",5 km and no cloud below 3000 ft,10 km and no cloud below 5000 ft or MSA,8 km and nil significant weather,,"In a METAR report, the term 'CAVOK' signifies visibility of at least: 5 km and no cloud below 3000 ft 10 km and no cloud below 5000 ft or MSA 8 km and nil significant weather",Hard,0.25,0.4,0.85,6,2,69,3,0,109,0.26,1
707,Altimetry and Pressure Settings,"When the altimeter subscale is set to QFE, the instrument indicates:",Height above the aerodrome reference datum (reads zero on touchdown),True altitude above sea level,Flight Level,,"When the altimeter subscale is set to QFE, the instrument indicates: Height above the aerodrome reference datum (reads zero on touchdown) True altitude above sea level Flight Level",Medium,0.5,0.85,0.4,7,3,68,3,0,64,0.65,2
708,Jet Streams,The TJ is strongest in,July-Aug,Sep-Oct,June,,The TJ is strongest in July-Aug Sep-Oct June,Medium,0.5,0.85,0.4,8,1,22,3,0,61,0.67,2
709,Climatology of India,Autumn Season period is,Mar to May,Jun to Sept,Oct to Nov,,Autumn Season period is Mar to May Jun to Sept Oct to Nov,Medium,0.5,0.85,0.4,9,2,23,3,0,73,0.57,2
710,Ice Accretion,"______ occurs in AS, NS, AC and towering CU or CB between 0°C and -20°C, in warm front below 0°C, especially if the aircraft has rapidly descended from a colder region",Glazed,Rime,Mixture of Rime and Clear ice,,"______ occurs in AS, NS, AC and towering CU or CB between 0°C and -20°C, in warm front below 0°C, especially if the aircraft has rapidly descended from a colder region Glazed Rime Mixture of Rime and Clear ice",Medium,0.5,0.85,0.4,0,3,167,3,1,55,0.55,2
711,Airmasses Fronts and Western Disturbances,On approach of a Warm Front temperature,Fall,Rise,Remain same,,On approach of a Warm Front temperature Fall Rise Remain same,Hard,0.25,0.4,0.85,1,1,39,3,0,78,0.31,1
712,Thunderstorm,Norwesters occur during,Jan-Feb,Mar-May,June-Sep,,Norwesters occur during Jan-Feb Mar-May June-Sep,Medium,0.5,0.85,0.4,2,2,23,3,0,58,0.53,2
713,Atmospheric Pressure,In a high pressure area winds are,Normal,Strong,Weak,,In a high pressure area winds are Normal Strong Weak,Medium,0.5,0.85,0.4,3,3,33,3,0,59,0.69,2
714,World Area Forecast System (WAFS and SIGWX),WAFS wind and temperature forecast data are globally transmitted in digital format known as:,GRIB (Gridded Binary) and BUFR code,ASCII text tables,PDF raster graphics only,,WAFS wind and temperature forecast data are globally transmitted in digital format known as: GRIB (Gridded Binary) and BUFR code ASCII text tables PDF raster graphics only,Hard,0.25,0.4,0.85,4,1,92,3,0,124,0.36,1
715,Satellite Meteorology,"On an Infrared (IR) meteorological satellite image, brighter/whiter cloud areas represent:","Cold, high-altitude cloud tops (such as CB or Cirrus)",Low-altitude warm stratus clouds,Clear warm ground surfaces,,"On an Infrared (IR) meteorological satellite image, brighter/whiter cloud areas represent: Cold, high-altitude cloud tops (such as CB or Cirrus) Low-altitude warm stratus clouds Clear warm ground surfaces",Easy,0.85,0.5,0.2,5,2,90,3,0,34,0.87,0
716,Radar Meteorology,The 'bright band' on a vertical radar profile represents:,The melting layer (0°C isotherm) where melting snowflakes are water-coated and show magnified reflectivity,Sun glint off ice crystals,Ground reflection of radar beam,,The 'bright band' on a vertical radar profile represents: The melting layer (0°C isotherm) where melting snowflakes are water-coated and show magnified reflectivity Sun glint off ice crystals Ground reflection of radar beam,Hard,0.25,0.4,0.85,6,3,57,3,0,95,0.31,1
717,General Circulation,"The huge vertical circulations, one between the equator and 30N and another between equator and 30S, are called",Hadley Cells,Ferrel Cells,Polar cells,,"The huge vertical circulations, one between the equator and 30N and another between equator and 30S, are called Hadley Cells Ferrel Cells Polar cells",Medium,0.5,0.85,0.4,7,1,111,3,1,67,0.54,2
718,Atmosphere,"By volume, the proportion of CO2 in the atmosphere is",3%,0.3%,0.03%,,"By volume, the proportion of CO2 in the atmosphere is 3% 0.3% 0.03%",Medium,0.5,0.85,0.4,8,2,53,3,1,58,0.67,2
719,Atmosphere,"By volume, the approximate ratio of O2 to N2 in the atmosphere is",1:4,1:5,1:3,,"By volume, the approximate ratio of O2 to N2 in the atmosphere is 1:4 1:5 1:3",Easy,0.85,0.5,0.2,9,3,65,3,1,21,0.85,0
720,Flight Weather Planning and Route Hazards,"In pre-flight weather planning, an alternate aerodrome is legally required if destination forecasts indicate visibility or cloud ceiling will be below:",Aerodrome operating minima within 1 hour before and after ETA,3 km and 1000 ft at ETA exactly,Any rain at all,,"In pre-flight weather planning, an alternate aerodrome is legally required if destination forecasts indicate visibility or cloud ceiling will be below: Aerodrome operating minima within 1 hour before and after ETA 3 km and 1000 ft at ETA exactly Any rain at all",Easy,0.85,0.5,0.2,0,1,151,3,0,34,0.86,0
721,Winds,The wind blows anticlockwise around a low in S-hemisphere,True,False,Sometimes,,The wind blows anticlockwise around a low in S-hemisphere True False Sometimes,Medium,0.5,0.85,0.4,1,2,57,3,0,59,0.62,2
722,SIGMET and AIRMET Warnings,Standard validity of a SIGMET for weather phenomena other than volcanic ash or tropical cyclone is:,Not more than 4 hours,Up to 12 hours,Up to 2 hours,,Standard validity of a SIGMET for weather phenomena other than volcanic ash or tropical cyclone is: Not more than 4 hours Up to 12 hours Up to 2 hours,Medium,0.5,0.85,0.4,2,3,99,3,0,70,0.6,2
723,Humidity,The actual amount of water vapour contained in a given volume of air at a given temperature is termed as,Relative Humidity,Specific Humidity,Absolute Humidity,,The actual amount of water vapour contained in a given volume of air at a given temperature is termed as Relative Humidity Specific Humidity Absolute Humidity,Easy,0.85,0.5,0.2,3,1,104,3,0,42,0.82,0
724,Atmosphere,The temperature in ISA at 17 km is,-56.5°C,65.5°C,35.5°C,,The temperature in ISA at 17 km is -56.5°C 65.5°C 35.5°C,Hard,0.25,0.4,0.85,4,2,34,3,1,122,0.22,1
725,Precipitation,Showery precipitation occurs from,NS,AC,CB,,Showery precipitation occurs from NS AC CB,Medium,0.5,0.85,0.4,5,3,33,3,0,68,0.63,2
726,World Area Forecast System (WAFS and SIGWX),WAFS wind and temperature forecast data are globally transmitted in digital format known as:,GRIB (Gridded Binary) and BUFR code,ASCII text tables,PDF raster graphics only,,WAFS wind and temperature forecast data are globally transmitted in digital format known as: GRIB (Gridded Binary) and BUFR code ASCII text tables PDF raster graphics only,Medium,0.5,0.85,0.4,6,1,92,3,0,66,0.64,2
727,World Area Forecast System (WAFS and SIGWX),"On a SIGWX chart, what does a scalloped line delineate?",Areas of significant cumulonimbus (CB) cloud activity,Airfield control zones,Warm front boundary,,"On a SIGWX chart, what does a scalloped line delineate? Areas of significant cumulonimbus (CB) cloud activity Airfield control zones Warm front boundary",Medium,0.5,0.85,0.4,7,2,55,3,0,55,0.6,2
728,Flight Weather Planning and Route Hazards,"If an aircraft experiences volcanic ash cloud penetration en-route, immediate pilot actions include:","Reduce thrust to flight idle, disconnect autothrottle, reverse course, and turn on all de-icing/engine ignition",Increase to maximum takeoff thrust and climb,Descend rapidly with speedbrakes,,"If an aircraft experiences volcanic ash cloud penetration en-route, immediate pilot actions include: Reduce thrust to flight idle, disconnect autothrottle, reverse course, and turn on all de-icing/engine ignition Increase to maximum takeoff thrust and climb Descend rapidly with speedbrakes",Hard,0.25,0.4,0.85,8,3,100,3,0,90,0.22,1
729,Altimetry and Pressure Settings,The vertical airspace layer between the Transition Altitude and the Transition Level is known as the:,Transition Layer,Buffer Zone,Altimeter Setting Band,,The vertical airspace layer between the Transition Altitude and the Transition Level is known as the: Transition Layer Buffer Zone Altimeter Setting Band,Easy,0.85,0.5,0.2,9,1,101,3,0,30,0.91,0
730,Ice Accretion,"Airframe icing occurs below 0°C. Its probability of occurrence decreases progressively below -20°C, as at lower temperatures the proportion of super-cooled water drops in a cloud",Decreases,Increases,Does not change,,"Airframe icing occurs below 0°C. Its probability of occurrence decreases progressively below -20°C, as at lower temperatures the proportion of super-cooled water drops in a cloud Decreases Increases Does not change",Hard,0.25,0.4,0.85,0,2,178,3,1,86,0.38,1
731,Airmasses Fronts and Western Disturbances,A WD originate over,Baluchistan,Caspian sea,"Mediterranean, Caspian and Black Seas",,"A WD originate over Baluchistan Caspian sea Mediterranean, Caspian and Black Seas",Medium,0.5,0.85,0.4,1,3,19,3,0,56,0.61,2
732,Tropical Systems,In TRS the central pressure is about,1002-1010 hPa,1000-900 hPa,1010-1020 hPa,,In TRS the central pressure is about 1002-1010 hPa 1000-900 hPa 1010-1020 hPa,Medium,0.5,0.85,0.4,2,1,36,3,0,64,0.68,2
733,Tropical Systems,TRS occurs over Indian seas in,Equatorial Region,5-15°N,0-5°N,,TRS occurs over Indian seas in Equatorial Region 5-15°N 0-5°N,Medium,0.5,0.85,0.4,3,2,30,3,0,56,0.58,2
734,Atmosphere,Tropical Tropopause extends from the equator to Lat. 35°-40°. Over India it is at,20-21 km,14-15 km,16-16.5 km,,Tropical Tropopause extends from the equator to Lat. 35°-40°. Over India it is at 20-21 km 14-15 km 16-16.5 km,Hard,0.25,0.4,0.85,4,3,81,3,1,92,0.4,1
735,SIGMET and AIRMET Warnings,Calculate the valid duration of a SIGMET with header '041200/041600':,4 hours (from 1200 UTC to 1600 UTC on the 4th day),16 hours total,12 hours total,,Calculate the valid duration of a SIGMET with header '041200/041600': 4 hours (from 1200 UTC to 1600 UTC on the 4th day) 16 hours total 12 hours total,Easy,0.85,0.5,0.2,5,1,69,3,1,40,0.9,0
736,Winds,Gale is,"Persistent strong winds exceeding 33 kt, associated with depression","Persistent strong winds with mean speed 44 kt, associated with thunderstorm",Marked increase in wind speed lasting few minutes associated with CB or DS,,"Gale is Persistent strong winds exceeding 33 kt, associated with depression Persistent strong winds with mean speed 44 kt, associated with thunderstorm Marked increase in wind speed lasting few minutes associated with CB or DS",Medium,0.5,0.85,0.4,6,2,7,3,0,45,0.53,2
737,Satellite Meteorology,How can fog or low Stratus be distinguished from Cirrus on satellite imagery during daylight?,"Fog is bright on Visible (high albedo) but dark grey on IR (warm temperature), whereas Cirrus is cold white on IR but fibrous on VIS",Fog is black on Visible imagery,Cirrus is invisible on IR imagery,,"How can fog or low Stratus be distinguished from Cirrus on satellite imagery during daylight? Fog is bright on Visible (high albedo) but dark grey on IR (warm temperature), whereas Cirrus is cold white on IR but fibrous on VIS Fog is black on Visible imagery Cirrus is invisible on IR imagery",Easy,0.85,0.5,0.2,7,3,93,3,0,30,0.86,0
738,Thunderstorm,Aircraft icing is most favoured in the cloud which have temperatures ranging between,-20°C and -40°C,0°C and -20°C,Below -40°C,,Aircraft icing is most favoured in the cloud which have temperatures ranging between -20°C and -40°C 0°C and -20°C Below -40°C,Medium,0.5,0.85,0.4,8,1,84,3,0,59,0.59,2
739,Climatology of India,Flying in Monsoon from Chennai to Kolkata at 14 km alt will experience winds,Easterly,Westerly,Nly,Southerly,Flying in Monsoon from Chennai to Kolkata at 14 km alt will experience winds Easterly Westerly Nly Southerly,Medium,0.5,0.85,0.4,9,2,76,4,1,45,0.61,2
740,World Area Forecast System (WAFS and SIGWX),WAFS wind and temperature forecast data are globally transmitted in digital format known as:,GRIB (Gridded Binary) and BUFR code,ASCII text tables,PDF raster graphics only,,WAFS wind and temperature forecast data are globally transmitted in digital format known as: GRIB (Gridded Binary) and BUFR code ASCII text tables PDF raster graphics only,Easy,0.85,0.5,0.2,0,3,92,3,0,25,0.81,0
741,Ice Accretion,"______ occurs in St, Sc, Ac, Cu, Ns at temperature -10 to -40°C and in Cb at temperature -20 to -40°C",Rime,Glazed,Hoar Frost,,"______ occurs in St, Sc, Ac, Cu, Ns at temperature -10 to -40°C and in Cb at temperature -20 to -40°C Rime Glazed Hoar Frost",Medium,0.5,0.85,0.4,1,1,101,3,1,47,0.54,2
742,Thunderstorm,The wavelength of storm detection S band radar is,50 mm,100 mm,200 mm,,The wavelength of storm detection S band radar is 50 mm 100 mm 200 mm,Medium,0.5,0.85,0.4,2,2,49,3,0,74,0.59,2
743,Atmospheric Pressure,Lines drawn through places of equal pressure are known as,Isobars,Isotherms,Isogonal,,Lines drawn through places of equal pressure are known as Isobars Isotherms Isogonal,Medium,0.5,0.85,0.4,3,3,57,3,0,71,0.66,2
744,Aerodrome Forecasts (TAF and TREND),"In a TAF, the change indicator 'FM1400' means:",From 1400 UTC all previous forecast conditions are superseded rapidly,Frequent rain starting at 1400 UTC,Fluctuating conditions from 1400 UTC,,"In a TAF, the change indicator 'FM1400' means: From 1400 UTC all previous forecast conditions are superseded rapidly Frequent rain starting at 1400 UTC Fluctuating conditions from 1400 UTC",Medium,0.5,0.85,0.4,4,1,46,3,1,66,0.62,2
745,Atmosphere,Half of the atmospheric air mass is contained below,"20,000 ft","15,000 ft","10,000 ft",,"Half of the atmospheric air mass is contained below 20,000 ft 15,000 ft 10,000 ft",Medium,0.5,0.85,0.4,5,2,51,3,0,53,0.6,2
746,World Area Forecast System (WAFS and SIGWX),WAFS wind and temperature forecast data are globally transmitted in digital format known as:,GRIB (Gridded Binary) and BUFR code,ASCII text tables,PDF raster graphics only,,WAFS wind and temperature forecast data are globally transmitted in digital format known as: GRIB (Gridded Binary) and BUFR code ASCII text tables PDF raster graphics only,Easy,0.85,0.5,0.2,6,3,92,3,0,26,0.87,0
747,Air Density,"For every 1°C change in temperature, density altitude differs from pressure altitude by",30 ft,100 ft,120 ft,,"For every 1°C change in temperature, density altitude differs from pressure altitude by 30 ft 100 ft 120 ft",Easy,0.85,0.5,0.2,7,1,87,3,1,32,0.81,0
748,Temperature,The wavelength of most intense radiation is inversely proportional to,Absolute temperature,Humidity,Pressure,,The wavelength of most intense radiation is inversely proportional to Absolute temperature Humidity Pressure,Medium,0.5,0.85,0.4,8,2,69,3,0,67,0.58,2
749,Tropical Systems,The ______ of a CS is surrounded by,Shelf Clouds,Wall Clouds,Rotor Clouds,,The ______ of a CS is surrounded by Shelf Clouds Wall Clouds Rotor Clouds,Medium,0.5,0.85,0.4,9,3,35,3,0,62,0.63,2
750,Aerodrome Forecasts (TAF and TREND),The indicator 'PROB40 TEMPO 0811 1000 TS' in a TAF signifies:,A 40% probability of temporary thunderstorm and 1000m visibility between 0800 and 1100 UTC,40 knots wind during thunderstorm,Thunderstorm lasting 40 minutes,,The indicator 'PROB40 TEMPO 0811 1000 TS' in a TAF signifies: A 40% probability of temporary thunderstorm and 1000m visibility between 0800 and 1100 UTC 40 knots wind during thunderstorm Thunderstorm lasting 40 minutes,Easy,0.85,0.5,0.2,0,1,61,3,1,40,0.79,0
751,SIGMET and AIRMET Warnings,Which of the following weather phenomena justifies the issuance of an en-route SIGMET?,"Severe turbulence, severe icing, or severe mountain waves",Moderate rain and scattered cumulus,Light chop above FL250,,"Which of the following weather phenomena justifies the issuance of an en-route SIGMET? Severe turbulence, severe icing, or severe mountain waves Moderate rain and scattered cumulus Light chop above FL250",Easy,0.85,0.5,0.2,1,2,86,3,0,32,0.89,0
752,Vertical Motion and Clouds,Cloud ceiling is the height of the cloud covering,3-4/8,8/8,5/8 or more,,Cloud ceiling is the height of the cloud covering 3-4/8 8/8 5/8 or more,Medium,0.5,0.85,0.4,2,3,49,3,0,73,0.7,2
753,Flight Weather Planning and Route Hazards,"What type of icing forms quickly on aircraft surfaces descending into warm, moist air after a prolonged high-altitude cruise at sub-zero temperatures?",Hoar frost on cold-soaked wing surfaces,Clear glaze ice,Rime ice only,,"What type of icing forms quickly on aircraft surfaces descending into warm, moist air after a prolonged high-altitude cruise at sub-zero temperatures? Hoar frost on cold-soaked wing surfaces Clear glaze ice Rime ice only",Hard,0.25,0.4,0.85,3,1,150,3,0,111,0.34,1
754,Clear Air Turbulence,Clear air turbulence is often encountered,At the boundary of a jet stream,In the wake of a passing airplane,In the wake of a larger airplane at take off and landing,All of the above,Clear air turbulence is often encountered At the boundary of a jet stream In the wake of a passing airplane In the wake of a larger airplane at take off and landing All of the above,Easy,0.85,0.5,0.2,4,2,41,4,0,32,0.93,0
755,Airmasses Fronts and Western Disturbances,Precipitation ceases after the passage of a front,Cold,Warm,Occluded,,Precipitation ceases after the passage of a front Cold Warm Occluded,Medium,0.5,0.85,0.4,5,3,49,3,0,60,0.67,2
756,Climatology of India,The monsoon current over the West coast of India is,SWly,SEly,NEly,,The monsoon current over the West coast of India is SWly SEly NEly,Medium,0.5,0.85,0.4,6,1,51,3,0,62,0.55,2
757,Winds,Local Winds follow Buys Ballots law,False,True,Sometimes,,Local Winds follow Buys Ballots law False True Sometimes,Medium,0.5,0.85,0.4,7,2,35,3,0,55,0.71,2
758,Optical Phenomena,Halo is produced by,Refraction,Diffraction,Scattering,,Halo is produced by Refraction Diffraction Scattering,Medium,0.5,0.85,0.4,8,3,19,3,0,68,0.66,2
759,Temperature,Amount of Solar radiation received per unit area is,Insolation,Convection,Radiation,,Amount of Solar radiation received per unit area is Insolation Convection Radiation,Easy,0.85,0.5,0.2,9,1,51,3,0,31,0.93,0
760,Altimetry and Pressure Settings,"When parking an aircraft at an airport, the altimeter set to 1013.25 hPa reads 1,200 ft. This reading represents the airport's:",Pressure Altitude,Density Altitude,Geometric Elevation,,"When parking an aircraft at an airport, the altimeter set to 1013.25 hPa reads 1,200 ft. This reading represents the airport's: Pressure Altitude Density Altitude Geometric Elevation",Easy,0.85,0.5,0.2,0,2,127,3,1,40,0.77,0
761,Flight Weather Planning and Route Hazards,"Under ICAO Annex 3, the standard meteorological documentation provided in a pilot flight briefing folder includes:","Significant Weather (SIGWX) chart, upper wind/temp charts, relevant TAFs, METARs, and active SIGMETs",General news report and surface road maps,Satellite telemetry raw data,,"Under ICAO Annex 3, the standard meteorological documentation provided in a pilot flight briefing folder includes: Significant Weather (SIGWX) chart, upper wind/temp charts, relevant TAFs, METARs, and active SIGMETs General news report and surface road maps Satellite telemetry raw data",Easy,0.85,0.5,0.2,1,3,114,3,1,30,0.92,0
762,Tropical Systems,CS in India are mostly of intensity,Severe,Very Weak,Moderate,,CS in India are mostly of intensity Severe Very Weak Moderate,Hard,0.25,0.4,0.85,2,1,35,3,0,103,0.38,1
763,Humidity,The actual amount of water vapour contained in a given volume of air at a given temperature is termed as,Relative Humidity,Specific Humidity,Absolute Humidity,,The actual amount of water vapour contained in a given volume of air at a given temperature is termed as Relative Humidity Specific Humidity Absolute Humidity,Easy,0.85,0.5,0.2,3,2,104,3,0,28,0.81,0
764,Winds,"If the S is warmer than the N, level by level, from surface up to higher levels, then the ______ wind will strengthen with height with no change in direction in N hemisphere",Ely,Wly,Sly,,"If the S is warmer than the N, level by level, from surface up to higher levels, then the ______ wind will strengthen with height with no change in direction in N hemisphere Ely Wly Sly",Easy,0.85,0.5,0.2,4,3,173,3,0,34,0.86,0
765,Tropical Systems,Extra Tropical Storms originate in,Equatorial Front,Tropical Front,Polar Front,,Extra Tropical Storms originate in Equatorial Front Tropical Front Polar Front,Medium,0.5,0.85,0.4,5,1,34,3,0,50,0.7,2
766,Climatology of India,During break monsoon sometimes surface winds over East UP and Bihar are,Very strong,Weak,Normal,,During break monsoon sometimes surface winds over East UP and Bihar are Very strong Weak Normal,Medium,0.5,0.85,0.4,6,2,71,3,0,61,0.57,2
767,Satellite Meteorology,"In satellite imagery, a 'comma-shaped' cloud pattern in middle latitudes indicates:",A developing extra-tropical cyclone associated with a polar front wave,An isolated heat thunderstorm,A high pressure ridge,,"In satellite imagery, a 'comma-shaped' cloud pattern in middle latitudes indicates: A developing extra-tropical cyclone associated with a polar front wave An isolated heat thunderstorm A high pressure ridge",Easy,0.85,0.5,0.2,7,3,83,3,0,33,0.78,0
768,Optical Phenomena,Halo occurs from ______ cloud,Low,Medium,High,,Halo occurs from ______ cloud Low Medium High,Easy,0.85,0.5,0.2,8,1,29,3,0,40,0.75,0
769,Atmospheric Pressure,Winds in a low pressure area,Converge,Diverge,Go straight,,Winds in a low pressure area Converge Diverge Go straight,Medium,0.5,0.85,0.4,9,2,28,3,0,61,0.69,2
770,Humidity,The saturation vapour pressure over water is ______ than the ice,More,Less,Same,,The saturation vapour pressure over water is ______ than the ice More Less Same,Easy,0.85,0.5,0.2,0,3,64,3,0,41,0.95,0
771,Tropical Systems,A monsoon depression slopes ______ with height,SE,NW,SW,,A monsoon depression slopes ______ with height SE NW SW,Medium,0.5,0.85,0.4,1,1,46,3,0,50,0.54,2
772,Vertical Motion and Clouds,No condensation trails occur above,Maxtra Level,Drytra Level,Mintra Level,,No condensation trails occur above Maxtra Level Drytra Level Mintra Level,Easy,0.85,0.5,0.2,2,2,34,3,0,36,0.75,0
773,Vertical Motion and Clouds,Altostratus (AS) is,Low cloud of sheet type,A medium cloud of sheet type,A cloud of large vertical growth,,Altostratus (AS) is Low cloud of sheet type A medium cloud of sheet type A cloud of large vertical growth,Medium,0.5,0.85,0.4,3,3,19,3,0,67,0.67,2
774,Satellite Meteorology,Water Vapour (WV) satellite imagery (typically 6.7 micrometers channel) maps moisture distribution in the:,Middle and upper troposphere (between 700 hPa and 300 hPa),Lowest 500 meters of the boundary layer,Stratosphere above 50 km,,Water Vapour (WV) satellite imagery (typically 6.7 micrometers channel) maps moisture distribution in the: Middle and upper troposphere (between 700 hPa and 300 hPa) Lowest 500 meters of the boundary layer Stratosphere above 50 km,Easy,0.85,0.5,0.2,4,1,106,3,1,39,0.89,0
775,Climatology of India,Maximum cyclones occur over India in,Pre monsoon,Winters,Post monsoon,Monsoon,Maximum cyclones occur over India in Pre monsoon Winters Post monsoon Monsoon,Easy,0.85,0.5,0.2,5,2,36,4,0,34,0.85,0
776,Atmosphere,Stratosphere extends from Tropopause to,50 km,60 km,40 km,,Stratosphere extends from Tropopause to 50 km 60 km 40 km,Medium,0.5,0.85,0.4,6,3,39,3,0,60,0.55,2
777,Altimetry and Pressure Settings,"When flying at or above the Transition Level, altimeter subscales must be set to the Standard Pressure Setting:","1013.25 hPa (29.92 inHg), reading Flight Levels",Local aerodrome QNH,En-route regional QNH,,"When flying at or above the Transition Level, altimeter subscales must be set to the Standard Pressure Setting: 1013.25 hPa (29.92 inHg), reading Flight Levels Local aerodrome QNH En-route regional QNH",Easy,0.85,0.5,0.2,7,1,111,3,0,42,0.92,0
778,Climatology of India,Rainfall occurs all over the country during monsoon when,Axis of MT is in its normal position along Gangetic plains,Axis of MT is along Himalayas,Depression formed over Bay of Bengal,,Rainfall occurs all over the country during monsoon when Axis of MT is in its normal position along Gangetic plains Axis of MT is along Himalayas Depression formed over Bay of Bengal,Medium,0.5,0.85,0.4,8,2,56,3,0,56,0.56,2
779,Humidity,The saturation vapour pressure over water is ______ than the ice,More,Less,Same,,The saturation vapour pressure over water is ______ than the ice More Less Same,Easy,0.85,0.5,0.2,9,3,64,3,0,39,0.87,0
780,World Area Forecast System (WAFS and SIGWX),"On a SIGWX chart, what does a scalloped line delineate?",Areas of significant cumulonimbus (CB) cloud activity,Airfield control zones,Warm front boundary,,"On a SIGWX chart, what does a scalloped line delineate? Areas of significant cumulonimbus (CB) cloud activity Airfield control zones Warm front boundary",Easy,0.85,0.5,0.2,0,1,55,3,0,45,0.88,0
781,Tropical Systems,TRS develop over ______ deg Lat,0-5,5-15,25-30,,TRS develop over ______ deg Lat 0-5 5-15 25-30,Medium,0.5,0.85,0.4,1,2,31,3,0,65,0.56,2
782,Flight Weather Planning and Route Hazards,Wake turbulence generated behind a heavy wide-body transport aircraft is strongest when the generating aircraft is:,"Heavy, Clean (gear and flaps up), and Slow","Light, Fast, and in Full Flaps",Cruising at Mach 0.84 at FL390,,"Wake turbulence generated behind a heavy wide-body transport aircraft is strongest when the generating aircraft is: Heavy, Clean (gear and flaps up), and Slow Light, Fast, and in Full Flaps Cruising at Mach 0.84 at FL390",Easy,0.85,0.5,0.2,2,3,115,3,0,39,0.8,0
783,Air Density,The altitude in ISA at which air density is the same as the observed density is,Density Altitude,ISA Density,Real Density,,The altitude in ISA at which air density is the same as the observed density is Density Altitude ISA Density Real Density,Medium,0.5,0.85,0.4,3,1,79,3,0,73,0.71,2
784,Air Density,Density is ______ at poles than equator,Higher,Lower,Same,,Density is ______ at poles than equator Higher Lower Same,Medium,0.5,0.85,0.4,4,2,39,3,0,74,0.67,2
785,Temperature,Boiling point of water is,100°F,112°F,212°F,,Boiling point of water is 100°F 112°F 212°F,Easy,0.85,0.5,0.2,5,3,25,3,0,29,0.89,0
786,Atmospheric Pressure,Instrument for recording pressure is called,Anemograph,Barometer,Hygrograph,,Instrument for recording pressure is called Anemograph Barometer Hygrograph,Easy,0.85,0.5,0.2,6,1,43,3,0,37,0.93,0
787,Ice Accretion,"______ occurs in a moist cloudless air on an aircraft surface having temp. below 0°C, due to sublimation of water vapour onto feathery ice crystals",Hoar Frost,Glazed,Rime,,"______ occurs in a moist cloudless air on an aircraft surface having temp. below 0°C, due to sublimation of water vapour onto feathery ice crystals Hoar Frost Glazed Rime",Medium,0.5,0.85,0.4,7,2,147,3,1,53,0.54,2
788,Visibility and Fog,Advection fog forms during,Night only,Day time only,Any time of day and night,,Advection fog forms during Night only Day time only Any time of day and night,Hard,0.25,0.4,0.85,8,3,26,3,0,100,0.37,1
789,Jet Streams,"In a jet stream, the path of the maximum speed is known as",Core,Axis,Jet streak,,"In a jet stream, the path of the maximum speed is known as Core Axis Jet streak",Hard,0.25,0.4,0.85,9,1,58,3,0,120,0.4,1
790,Climatology of India,"During monsoon season, low pressure lies over",Bay of Bengal,NE India,Central India,Pakistan,"During monsoon season, low pressure lies over Bay of Bengal NE India Central India Pakistan",Easy,0.85,0.5,0.2,0,2,45,4,0,34,0.88,0
791,Winds,In N hemisphere due to rotation of earth winds are deflected to,Left,Right,Straight,,In N hemisphere due to rotation of earth winds are deflected to Left Right Straight,Hard,0.25,0.4,0.85,1,3,63,3,0,103,0.31,1
792,Atmosphere,The rate of fall of temperatures with height is called,Isothermal rate,Lapse Rate,Inversion Rate,,The rate of fall of temperatures with height is called Isothermal rate Lapse Rate Inversion Rate,Easy,0.85,0.5,0.2,2,1,54,3,0,30,0.84,0
793,Thunderstorm,For detecting precipitation a Radar wavelength in the range ______ is suitable,30 to 200 mm,400-500 mm,600-700 mm,,For detecting precipitation a Radar wavelength in the range ______ is suitable 30 to 200 mm 400-500 mm 600-700 mm,Medium,0.5,0.85,0.4,3,2,78,3,0,48,0.61,2
794,Clear Air Turbulence,The worst kind of turbulence is encountered in the vicinity of rotor clouds,Rotor Clouds,Lenticular Clouds,Cap Clouds,,The worst kind of turbulence is encountered in the vicinity of rotor clouds Rotor Clouds Lenticular Clouds Cap Clouds,Easy,0.85,0.5,0.2,4,3,75,3,0,42,0.81,0
795,Temperature,"A clear and calm night is cooler than a cloudy night, because nocturnal radiation",Escape through cloud,Are partly radiated back by clouds to earth,Are fully absorbed by H2O,,"A clear and calm night is cooler than a cloudy night, because nocturnal radiation Escape through cloud Are partly radiated back by clouds to earth Are fully absorbed by H2O",Easy,0.85,0.5,0.2,5,1,81,3,0,35,0.84,0
796,Jet Streams,The arbitrary lower limit of jet core velocity has been assigned by WMO as,60 kt,60 m/s,70 m/s,,The arbitrary lower limit of jet core velocity has been assigned by WMO as 60 kt 60 m/s 70 m/s,Medium,0.5,0.85,0.4,6,2,74,3,0,60,0.69,2
797,Winds,Fohn winds are,Dry & Warm,Cold & Humid,Cold & Dry,,Fohn winds are Dry & Warm Cold & Humid Cold & Dry,Medium,0.5,0.85,0.4,7,3,14,3,0,64,0.64,2
798,Vertical Motion and Clouds,AC cloud with cumuliform protuberances are indicative of,Stability,Instability,Neutrality,,AC cloud with cumuliform protuberances are indicative of Stability Instability Neutrality,Easy,0.85,0.5,0.2,8,1,56,3,0,38,0.88,0
799,Climatology of India,Mid tropospheric cyclone occurs during,Summer Season,Winters,Post monsoon,Monsoon,Mid tropospheric cyclone occurs during Summer Season Winters Post monsoon Monsoon,Medium,0.5,0.85,0.4,9,2,38,4,0,69,0.66,2
800,Thunderstorm,Norwesters are,The western disturbances which affect NW India,Severe thunderstorms which occur over NE India during hot weather period,Severe thunderstorms which occur over Peninsula during hot weather period,,Norwesters are The western disturbances which affect NW India Severe thunderstorms which occur over NE India during hot weather period Severe thunderstorms which occur over Peninsula during hot weather period,Hard,0.25,0.4,0.85,0,3,14,3,0,97,0.38,1
801,Aerodrome Forecasts (TAF and TREND),"In a TAF, 'BECMG 1618' indicates that changes will occur:",Between 1600 UTC and 1800 UTC at a regular or irregular rate,Exactly at 1618 UTC,Between 16th and 18th day of the month,,"In a TAF, 'BECMG 1618' indicates that changes will occur: Between 1600 UTC and 1800 UTC at a regular or irregular rate Exactly at 1618 UTC Between 16th and 18th day of the month",Medium,0.5,0.85,0.4,1,1,57,3,1,66,0.57,2
802,Atmosphere,Stratosphere is,Unstable,Neutral,Stable,,Stratosphere is Unstable Neutral Stable,Medium,0.5,0.85,0.4,2,2,15,3,0,49,0.65,2
803,Winds,Sea breeze is stronger than land breeze,True,False,Same,,Sea breeze is stronger than land breeze True False Same,Hard,0.25,0.4,0.85,3,3,39,3,0,84,0.5,1
804,Airmasses Fronts and Western Disturbances,The airmass which originates at sea in high Latitudes is called,Polar maritime,Tropical continental,Tropical maritime,,The airmass which originates at sea in high Latitudes is called Polar maritime Tropical continental Tropical maritime,Easy,0.85,0.5,0.2,4,1,63,3,0,33,0.83,0
805,Visibility and Fog,Radiation fog occurs,Over land,Over sea,Both,,Radiation fog occurs Over land Over sea Both,Medium,0.5,0.85,0.4,5,2,20,3,0,71,0.66,2
806,Atmosphere,Atmosphere is heated by,Solar Radiation,Heat from earth surface,From above,,Atmosphere is heated by Solar Radiation Heat from earth surface From above,Easy,0.85,0.5,0.2,6,3,23,3,0,37,0.8,0
